t,sameInputNorm,sameInputBound,oldHistoryNorm,oldHistoryBound
0,6.2361468809239,6.2361468809239,0,NaN
0.0125,6.23147152424112,6.23147152424112,0.00495538566410285,NaN
0.025,6.22679967276123,6.22679967276123,0.00703603762479344,NaN
0.0375,6.22213132385633,6.22213132385633,0.00937149641081362,NaN
0.05,6.21746647490046,6.21746647490046,0.00427012712585337,NaN
0.0625,6.21280512326965,6.21280512326965,0.00529903994297154,NaN
0.075,6.20814726634188,6.20814726634188,0.00284991660687109,NaN
0.0875,6.20349290149712,6.20349290149712,0.00372293707657522,NaN
0.1,6.19884202611727,6.19884202611727,0.00640625987596635,NaN
0.1125,6.19419463758623,6.19419463758623,0.00711313597249829,NaN
0.125,6.18955073328983,6.18955073328983,0.0135894112370426,NaN
0.1375,6.18491031061589,6.18491031061589,0.017857778161319,NaN
0.15,6.18027336695416,6.18027336695416,0.0177143720785363,NaN
0.1625,6.17563989969636,6.17563989969636,0.0173482480027287,NaN
0.175,6.17100990623616,6.17100990623616,0.0237860421232883,NaN
0.1875,6.1663833839692,6.1663833839692,0.0243823111355015,NaN
0.2,6.16176033029306,6.16176033029306,0.0233020136662057,NaN
0.2125,6.15714074260727,6.15714074260727,0.018365308073842,NaN
0.225,6.1525246183133,6.1525246183133,0.015894569219451,NaN
0.2375,6.1479119548146,6.1479119548146,0.0164806590084413,NaN
0.25,6.14330274951653,6.14330274951653,0.0153655737752071,NaN
0.2625,6.13869699982642,6.13869699982642,0.0177435721561451,NaN
0.275,6.13409470315354,6.13409470315354,0.021898115695306,NaN
0.2875,6.12949585690908,6.12949585690908,0.0262881260934019,NaN
0.3,6.12490045850621,6.12490045850621,0.0274957427037752,NaN
0.3125,6.12030850536001,6.12030850536001,0.0297889506576671,NaN
0.325,6.11571999488751,6.1157199948875,0.0300442234626813,NaN
0.3375,6.11113492450766,6.11113492450766,0.0226181436888536,NaN
0.35,6.10655329164136,6.10655329164136,0.0287758518306433,NaN
0.3625,6.10197509371146,6.10197509371146,0.0354482741381047,NaN
0.375,6.09740032814271,6.09740032814271,0.0291164467028923,NaN
0.3875,6.0928289923618,6.0928289923618,0.0210471777006902,NaN
0.4,6.08826108379736,6.08826108379736,0.0273463168648549,NaN
0.4125,6.08369659987994,6.08369659987994,0.0271892668368725,NaN
0.425,6.07913553804202,6.07913553804202,0.0261979022551478,NaN
0.4375,6.074577895718,6.074577895718,0.0297514294568514,NaN
0.45,6.07002367034421,6.0700236703442,0.0251020654396556,NaN
0.4625,6.06547285935889,6.06547285935889,0.0315263750775491,NaN
0.475,6.06092546020221,6.06092546020221,0.0267955506216851,NaN
0.4875,6.05638147031626,6.05638147031626,0.0201662056808916,NaN
0.5,6.05184088714506,6.05184088714506,0.0252514311506477,NaN
0.5125,6.04730370813451,6.04730370813451,0.0249043184063531,NaN
0.525,6.04276993073245,6.04276993073245,0.0131011873089249,NaN
0.5375,6.03823955238864,6.03823955238864,0.0155371362907643,NaN
0.55,6.03371257055474,6.03371257055474,0.0159938419203614,NaN
0.5625,6.02918898268432,6.02918898268432,0.0159195895419924,NaN
0.575,6.02466878623286,6.02466878623286,0.0217502800055979,NaN
0.5875,6.02015197865775,6.02015197865775,0.0137066521701639,NaN
0.6,6.01563855741829,6.01563855741829,0.00671654198261303,NaN
0.6125,6.01112851997568,6.01112851997568,0.00741478093211718,NaN
0.625,6.00662186379301,6.00662186379301,0.00635085729727074,NaN
0.6375,6.00211858633531,6.00211858633531,0.00715902469097567,NaN
0.65,5.99761868506946,5.99761868506946,0.0103328030567432,NaN
0.6625,5.99312215746429,5.99312215746429,0.0141895852124781,NaN
0.675,5.98862900099048,5.98862900099048,0.0176965662274429,NaN
0.6875,5.98413921312065,5.98413921312065,0.0267166188799479,NaN
0.7,5.97965279132928,5.97965279132928,0.0258048943886691,NaN
0.7125,5.97516973309277,5.97516973309277,0.0216183244862317,NaN
0.725,5.97069003588939,5.97069003588938,0.0310892134776874,NaN
0.7375,5.96621369719931,5.9662136971993,0.0346912739548706,NaN
0.75,5.96174071450459,5.96174071450459,0.0408686488952824,NaN
0.7625,5.95727108528918,5.95727108528918,0.0448530519195471,NaN
0.775,5.95280480703891,5.95280480703891,0.0444509154576722,NaN
0.7875,5.94834187724151,5.94834187724151,0.0599096872553206,NaN
0.8,5.94388229338656,5.94388229338656,0.0686567921853667,NaN
0.8125,5.93942605296557,5.93942605296557,0.0685180164142392,NaN
0.825,5.93497315347188,5.93497315347188,0.0627732970825751,NaN
0.8375,5.93052359240075,5.93052359240075,0.067527935929846,NaN
0.85,5.9260773672493,5.9260773672493,0.0781974553980325,NaN
0.8625,5.92163447551653,5.92163447551652,0.0753647108260941,NaN
0.875,5.9171949147033,5.9171949147033,0.075225043526251,NaN
0.8875,5.91275868231237,5.91275868231236,0.0760353947065303,NaN
0.9,5.90832577584835,5.90832577584835,0.0702832438257554,NaN
0.9125,5.90389619281773,5.90389619281773,0.057604208656689,NaN
0.925,5.89946993072888,5.89946993072888,0.0445996278555872,NaN
0.9375,5.89504698709203,5.89504698709203,0.038287644705664,NaN
0.95,5.89062735941926,5.89062735941926,0.0322356417464281,NaN
0.9625,5.88621104522453,5.88621104522453,0.029629367372228,NaN
0.975,5.88179804202367,5.88179804202367,0.0271675532310376,NaN
0.9875,5.87738834733437,5.87738834733437,0.0280215813407182,NaN
1,5.87298195867616,5.87298195867616,0.0302488439778385,NaN
1.0125,5.86857887357046,5.86857887357046,0.0319954965228097,NaN
1.025,5.86417908954054,5.86417908954054,0.0269680878425819,NaN
1.0375,5.8597826041115,5.8597826041115,0.027959320102596,NaN
1.05,5.85538941481034,5.85538941481034,0.0272021316670835,NaN
1.0625,5.85099951916587,5.85099951916587,0.0301204962178658,NaN
1.075,5.84661291470879,5.84661291470879,0.0320031205767695,NaN
1.0875,5.84222959897163,5.84222959897163,0.0284693002387649,NaN
1.1,5.83784956948877,5.83784956948877,0.026981197442508,NaN
1.1125,5.83347282379645,5.83347282379645,0.0277424042376576,NaN
1.125,5.82909935943275,5.82909935943274,0.0269449694771868,NaN
1.1375,5.82472917393758,5.82472917393758,0.027870832502533,NaN
1.15,5.82036226485274,5.82036226485274,0.0268855212403468,NaN
1.1625,5.81599862972182,5.81599862972182,0.0269610544384934,NaN
1.175,5.81163826609028,5.81163826609028,0.0331436975783651,NaN
1.1875,5.80728117150542,5.80728117150542,0.0354732614101275,NaN
1.2,5.80292734351637,5.80292734351637,0.0375187969215945,NaN
1.2125,5.79857677967411,5.79857677967411,0.02747045990078,NaN
1.225,5.79422947753144,5.79422947753143,0.0250925906024091,NaN
1.2375,5.789885434643,5.789885434643,0.0249504184340242,NaN
1.25,5.78554464856527,5.78554464856527,0.0273564473948188,NaN
1.2625,5.78120711685656,5.78120711685656,0.0253930935001954,NaN
1.275,5.776872837077,5.776872837077,0.025918953762318,NaN
1.2875,5.77254180678857,5.77254180678857,0.0275025637448626,NaN
1.3,5.76821402355506,5.76821402355505,0.0383554459951305,NaN
1.3125,5.76388948494208,5.76388948494208,0.0337447758820548,NaN
1.325,5.7595681885171,5.75956818851709,0.0374713028896949,NaN
1.3375,5.75525013184937,5.75525013184937,0.0534636118407385,NaN
1.35,5.75093531250999,5.75093531250999,0.0521733207880242,NaN
1.3625,5.74662372807188,5.74662372807188,0.0576150064470295,NaN
1.375,5.74231537610976,5.74231537610976,0.0606475199848646,NaN
1.3875,5.7380102542002,5.7380102542002,0.0500408095943398,NaN
1.4,5.73370835992156,5.73370835992155,0.0346139299068321,NaN
1.4125,5.72940969085401,5.72940969085401,0.0392346862374934,NaN
1.425,5.72511424457958,5.72511424457957,0.0351934819291917,NaN
1.4375,5.72082201868205,5.72082201868205,0.0335549127907586,NaN
1.45,5.71653301074706,5.71653301074706,0.0324632005138308,NaN
1.4625,5.71224721836204,5.71224721836204,0.0323351835992921,NaN
1.475,5.70796463911624,5.70796463911623,0.0324326771855455,NaN
1.4875,5.70368527060069,5.70368527060068,0.0323532564166138,NaN
1.5,5.69940911040825,5.69940911040825,0.0329314820185857,NaN
1.5125,5.69513615613359,5.69513615613359,0.0325381232619397,NaN
1.525,5.69086640537317,5.69086640537317,0.0326253369977675,NaN
1.5375,5.68659985572526,5.68659985572525,0.0344112329620981,NaN
1.55,5.68233650478991,5.68233650478991,0.0464139572544211,NaN
1.5625,5.67807635016899,5.67807635016899,0.0472552699118553,NaN
1.575,5.67381938946617,5.67381938946617,0.0647862562607275,NaN
1.5875,5.66956562028691,5.66956562028691,0.0613925471042444,NaN
1.6,5.66531504023846,5.66531504023846,0.0710834531165289,NaN
1.6125,5.66106764692987,5.66106764692987,0.0867440891776392,NaN
1.625,5.65682343797198,5.65682343797198,0.0973139110798804,NaN
1.6375,5.65258241097742,5.65258241097742,0.0983181078221861,NaN
1.65,5.64834456356062,5.64834456356062,0.0955933735974055,NaN
1.6625,5.64410989333778,5.64410989333778,0.102284037191941,NaN
1.675,5.63987839792691,5.63987839792691,0.0967959553414716,NaN
1.6875,5.63565007494778,5.63565007494778,0.094329749525493,NaN
1.7,5.63142492202197,5.63142492202197,0.0876054563498612,NaN
1.7125,5.62720293677283,5.62720293677283,0.0758449469739139,NaN
1.725,5.62298411682549,5.62298411682549,0.0882983668019839,NaN
1.7375,5.61876845980686,5.61876845980686,0.0833628139664624,NaN
1.75,5.61455596334564,5.61455596334564,0.0754878607166062,NaN
1.7625,5.6103466250723,5.61034662507229,0.0762115760744512,NaN
1.775,5.60614044261908,5.60614044261907,0.0866248701821198,NaN
1.7875,5.60193741362,5.60193741362,0.0939577398062633,NaN
1.8,5.59773753571087,5.59773753571087,0.096211116349951,NaN
1.8125,5.59354080652925,5.59354080652925,0.0976782168655124,NaN
1.825,5.58934722371449,5.58934722371449,0.107432037943119,NaN
1.8375,5.58515678490768,5.58515678490768,0.108531150697042,NaN
1.85,5.58096948775171,5.58096948775171,0.103295011727449,NaN
1.8625,5.57678532989123,5.57678532989123,0.0933908447010561,NaN
1.875,5.57260430897264,5.57260430897264,0.106053903757305,NaN
1.8875,5.56842642264412,5.56842642264412,0.120481118503706,NaN
1.9,5.56425166855561,5.56425166855561,0.128403094719333,NaN
1.9125,5.56008004435882,5.56008004435881,0.128192917064549,NaN
1.925,5.55591154770719,5.55591154770719,0.123888682682292,NaN
1.9375,5.55174617625596,5.55174617625595,0.12740976571335,NaN
1.95,5.54758392766209,5.54758392766209,0.119783609404432,NaN
1.9625,5.54342479958433,5.54342479958433,0.116868709712519,NaN
1.975,5.53926878968317,5.53926878968317,0.119794983326321,NaN
1.9875,5.53511589562085,5.53511589562085,0.116592708284614,NaN
2,5.53096611506137,5.53096611506136,0.112668215059283,NaN
2.0125,5.52681944567047,5.52681944567046,0.105009253621241,NaN
2.025,5.52267588511565,5.52267588511565,0.0998009863341753,NaN
2.0375,5.51853543106616,5.51853543106616,0.097698724795689,NaN
2.05,5.51439808119301,5.51439808119301,0.0987507386460607,NaN
2.0625,5.51026383316891,5.51026383316891,0.0989668021932232,NaN
2.075,5.50613268466837,5.50613268466837,0.0993208532500582,NaN
2.0875,5.50200463336761,5.50200463336761,0.0969440317049513,NaN
2.1,5.4978796769446,5.4978796769446,0.0993198771169671,NaN
2.1125,5.49375781307906,5.49375781307905,0.109788414966462,NaN
2.125,5.48963903945242,5.48963903945242,0.101440403520594,NaN
2.1375,5.4855233537479,5.48552335374789,0.0973521039387651,NaN
2.15,5.4814107536504,5.4814107536504,0.099897280445969,NaN
2.1625,5.4773012368466,5.47730123684659,0.0986828522000763,NaN
2.175,5.47319480102488,5.47319480102488,0.100921927243381,NaN
2.1875,5.46909144387539,5.46909144387539,0.101344382234452,NaN
2.2,5.46499116308998,5.46499116308998,0.0997576959169862,NaN
2.2125,5.46089395636224,5.46089395636224,0.100513017528357,NaN
2.225,5.4567998213875,5.4567998213875,0.101891522152027,NaN
2.2375,5.4527087558628,5.4527087558628,0.101698145353144,NaN
2.25,5.44862075748692,5.44862075748691,0.103853562279176,NaN
2.2625,5.44453582396036,5.44453582396035,0.102611162095348,NaN
2.275,5.44045395298534,5.44045395298534,0.100153627863109,NaN
2.2875,5.43637514226582,5.43637514226581,0.102633485971436,NaN
2.3,5.43229938950745,5.43229938950745,0.105675655048478,NaN
2.3125,5.42822669241764,5.42822669241763,0.105244793922003,NaN
2.325,5.42415704870548,5.42415704870548,0.102982911382949,NaN
2.3375,5.42009045608181,5.4200904560818,0.106933802356807,NaN
2.35,5.41602691225916,5.41602691225915,0.102194290976392,NaN
2.3625,5.41196641495179,5.41196641495179,0.103590552204158,NaN
2.375,5.40790896187567,5.40790896187567,0.104725942957849,NaN
2.3875,5.40385455074849,5.40385455074848,0.102511537722853,NaN
2.4,5.39980317928963,5.39980317928963,0.103956481176378,NaN
2.4125,5.39575484522021,5.3957548452202,0.103167504389149,NaN
2.425,5.39170954626302,5.39170954626302,0.102364445148524,NaN
2.4375,5.3876672801426,5.3876672801426,0.102286436480293,NaN
2.45,5.38362804458517,5.38362804458517,0.102300164977169,NaN
2.4625,5.37959183731865,5.37959183731865,0.103031382748496,NaN
2.475,5.37555865607269,5.37555865607268,0.106991413787324,NaN
2.4875,5.3715284985786,5.3715284985786,0.106840750535937,NaN
2.5,5.36750136256945,5.36750136256944,0.109101147733122,NaN
2.5125,5.36347724577995,5.36347724577994,0.113997855328319,NaN
2.525,5.35945614594654,5.35945614594653,0.10813914929573,NaN
2.5375,5.35543806080735,5.35543806080735,0.106143346744942,NaN
2.55,5.35142298810222,5.35142298810221,0.105104494571554,NaN
2.5625,5.34741092557265,5.34741092557265,0.105459461805882,NaN
2.575,5.34340187096188,5.34340187096188,0.105199112150923,NaN
2.5875,5.3393958220148,5.33939582201479,0.1044987767412,NaN
2.6,5.335392776478,5.335392776478,0.10448742945123,NaN
2.6125,5.33139273209979,5.33139273209979,0.104851950102285,NaN
2.625,5.32739568663013,5.32739568663013,0.108447399001965,NaN
2.6375,5.32340163782068,5.32340163782068,0.110124721868753,NaN
2.65,5.31941058342479,5.31941058342479,0.110469459766322,NaN
2.6625,5.3154225211975,5.3154225211975,0.110652034303358,NaN
2.675,5.31143744889552,5.31143744889551,0.109392501057357,NaN
2.6875,5.30745536427724,5.30745536427723,0.10868627063892,NaN
2.7,5.30347626510274,5.30347626510274,0.107208557586473,NaN
2.7125,5.29950014913378,5.29950014913378,0.107943821261466,NaN
2.725,5.2955270141338,5.29552701413379,0.107012472761919,NaN
2.7375,5.2915568578679,5.29155685786789,0.108828950300515,NaN
2.75,5.28758967810287,5.28758967810287,0.111532081933247,NaN
2.7625,5.28362547260718,5.28362547260717,0.11043785277318,NaN
2.775,5.27966423915095,5.27966423915095,0.118136055211148,NaN
2.7875,5.275705975506,5.27570597550599,0.114075750527412,NaN
2.8,5.27175067944579,5.27175067944579,0.111991014800545,NaN
2.8125,5.26779834874549,5.26779834874548,0.109690074827073,NaN
2.825,5.26384898118189,5.26384898118189,0.109888811929092,NaN
2.8375,5.25990257453349,5.25990257453348,0.110329942002718,NaN
2.85,5.25595912658042,5.25595912658041,0.110969701215071,NaN
2.8625,5.2520186351045,5.25201863510449,0.109483894810715,NaN
2.875,5.24808109788919,5.24808109788919,0.111182536338162,NaN
2.8875,5.24414651271965,5.24414651271965,0.113124215123886,NaN
2.9,5.24021487738266,5.24021487738265,0.11549110445063,NaN
2.9125,5.23628618966667,5.23628618966667,0.112976428636751,NaN
2.925,5.2323604473618,5.2323604473618,0.116828396553998,NaN
2.9375,5.22843764825983,5.22843764825982,0.118024166613164,NaN
2.95,5.22451779015417,5.22451779015416,0.109775857447959,NaN
2.9625,5.2206008708399,5.2206008708399,0.109195980250592,NaN
2.975,5.21668688811376,5.21668688811376,0.114326244594186,NaN
2.9875,5.21277583977413,5.21277583977413,0.121382988019082,NaN
3,5.20886772362105,5.20886772362105,0.132309110166243,NaN
3.0125,5.2049625374562,5.2049625374562,0.136342953579496,NaN
3.025,5.20106027908292,5.20106027908292,0.135807684908381,NaN
3.0375,5.19716094630618,5.19716094630618,0.143516557766655,NaN
3.05,5.19326453693261,5.19326453693261,0.144047332322812,NaN
3.0625,5.18937104877048,5.18937104877047,0.127524983634382,NaN
3.075,5.1854804796297,5.18548047962969,0.115945497304084,NaN
3.0875,5.18159282732182,5.18159282732182,0.112166715435434,NaN
3.1,5.17770808966005,5.17770808966005,0.114584890441603,NaN
3.1125,5.17382626445922,5.17382626445922,0.115846110641403,NaN
3.125,5.16994734953579,5.16994734953579,0.113385403943247,NaN
3.1375,5.16607134270789,5.16607134270789,0.112534397784409,NaN
3.15,5.16219824179525,5.16219824179525,0.115618942351758,NaN
3.1625,5.15832804461926,5.15832804461926,0.123684495852525,NaN
3.175,5.15446074900293,5.15446074900293,0.127318837572395,NaN
3.1875,5.15059635277091,5.15059635277091,0.128365162580227,NaN
3.2,5.14673485374947,5.14673485374947,0.12095203002611,NaN
3.2125,5.14287624976653,5.14287624976653,0.136925366914907,NaN
3.225,5.13902053865161,5.13902053865161,0.123279056295094,NaN
3.2375,5.13516771823588,5.13516771823588,0.112873899827998,NaN
3.25,5.13131778635212,5.13131778635212,0.108296306203872,NaN
3.2625,5.12747074083476,5.12747074083476,0.102617220295261,NaN
3.275,5.12362657951982,5.12362657951982,0.0991246569733598,NaN
3.2875,5.11978530024497,5.11978530024497,0.102461208515659,NaN
3.3,5.11594690084948,5.11594690084948,0.100055782848913,NaN
3.3125,5.11211137917426,5.11211137917426,0.0908357859184558,NaN
3.325,5.10827873306183,5.10827873306183,0.0892306190532002,NaN
3.3375,5.10444896035632,5.10444896035632,0.0872864268007044,NaN
3.35,5.10062205890348,5.10062205890348,0.0876539400307081,NaN
3.3625,5.09679802655069,5.09679802655069,0.0861939423959567,NaN
3.375,5.09297686114692,5.09297686114692,0.0862174922151223,NaN
3.3875,5.08915856054277,5.08915856054277,0.0862729216133225,NaN
3.4,5.08534312259044,5.08534312259044,0.0864957751478979,NaN
3.4125,5.08153054514376,5.08153054514375,0.0895602489677313,NaN
3.425,5.07772082605813,5.07772082605814,0.0896351984927519,NaN
3.4375,5.07391396319061,5.07391396319061,0.091650465158323,NaN
3.45,5.07010995439983,5.07010995439983,0.0952171287993343,NaN
3.4625,5.06630879754603,5.06630879754603,0.0909555339407873,NaN
3.475,5.06251049049106,5.06251049049106,0.0877006188730712,NaN
3.4875,5.05871503109838,5.05871503109838,0.0856738948367622,NaN
3.5,5.05492241723303,5.05492241723303,0.0904627533192435,NaN
3.5125,5.05113264676168,5.05113264676168,0.0883222102279234,NaN
3.525,5.04734571755257,5.04734571755257,0.0864181487573078,NaN
3.5375,5.04356162747557,5.04356162747557,0.0923690600039927,NaN
3.55,5.03978037440211,5.03978037440211,0.0879951665313286,NaN
3.5625,5.03600195620524,5.03600195620524,0.0882969795005966,NaN
3.575,5.03222637075961,5.03222637075961,0.0881073541965824,NaN
3.5875,5.02845361594145,5.02845361594145,0.0878124311028576,NaN
3.6,5.02468368962858,5.02468368962858,0.0867482705524796,NaN
3.6125,5.02091658970041,5.02091658970041,0.0911478282094766,NaN
3.625,5.01715231403796,5.01715231403796,0.0937062748871054,NaN
3.6375,5.01339086052382,5.01339086052382,0.0907329125509147,NaN
3.65,5.00963222704216,5.00963222704216,0.0879719009864417,NaN
3.6625,5.00587641147877,5.00587641147877,0.087647942693664,NaN
3.675,5.00212341172099,5.00212341172099,0.087333400877864,NaN
3.6875,4.99837322565777,4.99837322565777,0.0892196864424296,NaN
3.7,4.99462585117961,4.99462585117961,0.085909760638359,NaN
3.7125,4.99088128617863,4.99088128617863,0.0876470240566654,NaN
3.725,4.9871395285485,4.9871395285485,0.0855768792200467,NaN
3.7375,4.98340057618449,4.98340057618449,0.0854096192950597,NaN
3.75,4.97966442698343,4.97966442698343,0.0854114449307074,NaN
3.7625,4.97593107884375,4.97593107884375,0.0853578933082002,NaN
3.775,4.97220052966543,4.97220052966543,0.0876278342259654,NaN
3.7875,4.96847277735003,4.96847277735004,0.0920025679857812,NaN
3.8,4.96474781980071,4.96474781980071,0.0942106090226899,NaN
3.8125,4.96102565492216,4.96102565492217,0.0862942320051365,NaN
3.825,4.95730628062068,4.95730628062068,0.0844992076497499,NaN
3.8375,4.95358969480411,4.95358969480411,0.0847995285156489,NaN
3.85,4.94987589538188,4.94987589538188,0.085924764714457,NaN
3.8625,4.94616488026496,4.94616488026497,0.085685253967056,NaN
3.875,4.94245664736593,4.94245664736593,0.0883838347857044,NaN
3.8875,4.93875119459888,4.93875119459888,0.0916431905439587,NaN
3.9,4.93504851987952,4.93504851987952,0.0892296648453076,NaN
3.9125,4.93134862112507,4.93134862112507,0.088533610066981,NaN
3.925,4.92765149625436,4.92765149625436,0.085698735057156,NaN
3.9375,4.92395714318774,4.92395714318774,0.0867383859342778,NaN
3.95,4.92026555984714,4.92026555984715,0.0880705170878565,NaN
3.9625,4.91657674415606,4.91657674415606,0.090517640267106,NaN
3.975,4.91289069403952,4.91289069403952,0.0976577399922221,NaN
3.9875,4.90920740742412,4.90920740742412,0.094217204238708,NaN
4,4.90552688223802,4.90552688223802,0.0907317638311764,NaN
4.0125,4.90184911641092,4.90184911641093,0.0848537661430833,NaN
4.025,4.89817410787408,4.89817410787408,0.0857805297668416,NaN
4.0375,4.89450185456031,4.89450185456031,0.0917190854900434,NaN
4.05,4.89083235440395,4.89083235440395,0.086767561379465,NaN
4.0625,4.88716560534093,4.88716560534093,0.0856320894302748,NaN
4.075,4.88350160530868,4.88350160530869,0.0880554989162298,NaN
4.0875,4.87984035224622,4.87984035224622,0.0898624885675301,NaN
4.1,4.87618184409409,4.87618184409409,0.094781980624736,NaN
4.1125,4.87252607879437,4.87252607879437,0.095173235037921,NaN
4.125,4.8688730542907,4.8688730542907,0.100053007512726,NaN
4.1375,4.86522276852825,4.86522276852825,0.0969932965610881,NaN
4.15,4.86157521945373,4.86157521945373,0.0936862749377217,NaN
4.1625,4.85793040501541,4.85793040501541,0.09848177411318,NaN
4.175,4.85428832316306,4.85428832316306,0.0891150725856379,NaN
4.1875,4.85064897184803,4.85064897184803,0.0868791281117475,NaN
4.2,4.84701234902317,4.84701234902317,0.0819954601311994,NaN
4.2125,4.84337845264288,4.84337845264288,0.0817839879167734,NaN
4.225,4.8397472806631,4.83974728066311,0.0845238221502225,NaN
4.2375,4.8361188310413,4.8361188310413,0.0815210414388662,NaN
4.25,4.83249310173646,4.83249310173646,0.0844831196613267,NaN
4.2625,4.82887009070912,4.82887009070913,0.0818100748821732,NaN
4.275,4.82524979592134,4.82524979592134,0.0816140864731107,NaN
4.2875,4.82163221533669,4.82163221533669,0.0815358595269271,NaN
4.3,4.81801734692029,4.81801734692029,0.0812825005656611,NaN
4.3125,4.81440518863878,4.81440518863878,0.0812104396386383,NaN
4.325,4.81079573846031,4.81079573846031,0.0825914942055414,NaN
4.3375,4.80718899435457,4.80718899435457,0.0844193815040045,NaN
4.35,4.80358495429277,4.80358495429277,0.0820238706454314,NaN
4.3625,4.79998361624763,4.79998361624763,0.0806988742259802,NaN
4.375,4.7963849781934,4.7963849781934,0.081616664867545,NaN
4.3875,4.79278903810584,4.79278903810585,0.0824657177800493,NaN
4.4,4.78919579396225,4.78919579396225,0.0811717103057153,NaN
4.4125,4.78560524374142,4.78560524374142,0.0808630759918537,NaN
4.425,4.78201738542367,4.78201738542367,0.0809410174848861,NaN
4.4375,4.77843221699081,4.77843221699082,0.0804977618846623,NaN
4.45,4.77484973642621,4.77484973642621,0.0827811712620763,NaN
4.4625,4.77126994171471,4.77126994171471,0.0811407936239984,NaN
4.475,4.76769283084268,4.76769283084268,0.080445921280426,NaN
4.4875,4.76411840179799,4.76411840179799,0.0803247945924084,NaN
4.5,4.76054665257003,4.76054665257003,0.0804871395192776,NaN
4.5125,4.75697758114968,4.75697758114968,0.0803590617088482,NaN
4.525,4.75341118552935,4.75341118552935,0.0800579062357681,NaN
4.5375,4.74984746370294,4.74984746370294,0.0820610835926024,NaN
4.55,4.74628641366585,4.74628641366585,0.0829624550634903,NaN
4.5625,4.74272803341499,4.742728033415,0.0811521004984424,NaN
4.575,4.73917232094878,4.73917232094878,0.0830224550777792,NaN
4.5875,4.73561927426713,4.73561927426713,0.0854650710139369,NaN
4.6,4.73206889137144,4.73206889137144,0.085181440146365,NaN
4.6125,4.72852117026462,4.72852117026462,0.0867063984308216,NaN
4.625,4.72497610895109,4.72497610895109,0.0925995324287065,NaN
4.6375,4.72143370543675,4.72143370543675,0.0910457294037815,NaN
4.65,4.71789395772898,4.71789395772899,0.0904832578992822,NaN
4.6625,4.7143568638367,4.7143568638367,0.082230393678786,NaN
4.675,4.71082242177027,4.71082242177027,0.0808084256816434,NaN
4.6875,4.70729062954158,4.70729062954158,0.0791918967045464,NaN
4.7,4.703761485164,4.703761485164,0.083876211535876,NaN
4.7125,4.70023498665237,4.70023498665237,0.0873501672854747,NaN
4.725,4.69671113202305,4.69671113202305,0.0817551508966422,NaN
4.7375,4.69318991929386,4.69318991929386,0.0856354227309745,NaN
4.75,4.68967134648413,4.68967134648413,0.0924198666857954,NaN
4.7625,4.68615541161465,4.68615541161465,0.0870773735910739,NaN
4.775,4.68264211270772,4.68264211270772,0.0975014518106349,NaN
4.7875,4.67913144778709,4.67913144778709,0.0959670887261933,NaN
4.8,4.67562341487803,4.67562341487803,0.0904279057815633,NaN
4.8125,4.67211801200727,4.67211801200727,0.0945424480436127,NaN
4.825,4.668615237203,4.668615237203,0.0984005850357779,NaN
4.8375,4.66511508849494,4.66511508849494,0.106775511034636,NaN
4.85,4.66161756391423,4.66161756391423,0.104861062388368,NaN
4.8625,4.65812266149353,4.65812266149353,0.115116269452534,NaN
4.875,4.65463037926694,4.65463037926694,0.11836109437402,NaN
4.8875,4.65114071527007,4.65114071527007,0.106386615630697,NaN
4.9,4.64765366753997,4.64765366753997,0.108369465451464,NaN
4.9125,4.64416923411518,4.64416923411518,0.108484724630438,NaN
4.925,4.64068741303571,4.64068741303571,0.10737824623386,NaN
4.9375,4.63720820234303,4.63720820234303,0.105328059164413,NaN
4.95,4.63373160008009,4.63373160008009,0.105959355280573,NaN
4.9625,4.63025760429129,4.63025760429129,0.100358795080642,NaN
4.975,4.62678621302252,4.62678621302252,0.0931582242288568,NaN
4.9875,4.62331742432112,4.62331742432112,0.0873680603206416,NaN
5,4.61985123623589,4.61985123623589,0.0803533381686612,NaN
5.0125,4.6163876468171,4.6163876468171,0.0833717610224483,NaN
5.025,4.61292665411648,4.61292665411648,0.0782949523595689,NaN
5.0375,4.60946825618723,4.60946825618723,0.0782790453134493,NaN
5.05,4.60601245108399,4.60601245108399,0.078613040553333,NaN
5.0625,4.60255923686288,4.60255923686288,0.0782966180434796,NaN
5.075,4.59910861158146,4.59910861158146,0.078924882661263,NaN
5.0875,4.59566057329876,4.59566057329876,0.0800764153026383,NaN
5.1,4.59221512007525,4.59221512007525,0.0814158029180969,NaN
5.1125,4.58877224997287,4.58877224997287,0.0891907670246502,NaN
5.125,4.585331961055,4.585331961055,0.0865363160613398,NaN
5.1375,4.58189425138647,4.58189425138647,0.0867055622803877,NaN
5.15,4.57845911903359,4.57845911903359,0.0806139952493399,NaN
5.1625,4.57502656206408,4.57502656206408,0.0853910746267326,NaN
5.175,4.57159657854713,4.57159657854713,0.0976730625175295,NaN
5.1875,4.56816916655338,4.56816916655338,0.0933959467089761,NaN
5.2,4.5647443241549,4.5647443241549,0.0949991963669897,NaN
5.2125,4.56132204942522,4.56132204942523,0.0908232221604668,NaN
5.225,4.55790234043932,4.55790234043933,0.0976029343387835,NaN
5.2375,4.55448519527361,4.55448519527361,0.104150352779808,NaN
5.25,4.55107061200594,4.55107061200594,0.100754151817013,NaN
5.2625,4.54765858871561,4.54765858871561,0.0994732847514078,NaN
5.275,4.54424912348335,4.54424912348335,0.0889341313905044,NaN
5.2875,4.54084221439135,4.54084221439135,0.0851020888331697,NaN
5.3,4.53743785952321,4.53743785952321,0.0843597026479003,NaN
5.3125,4.53403605696399,4.53403605696399,0.0870353300467636,NaN
5.325,4.53063680480016,4.53063680480016,0.0951766527978493,NaN
5.3375,4.52724010111966,4.52724010111967,0.0859738839873499,NaN
5.35,4.52384594401184,4.52384594401184,0.0907779024647712,NaN
5.3625,4.52045433156748,4.52045433156748,0.093832236997581,NaN
5.375,4.5170652618788,4.5170652618788,0.0872023568646761,NaN
5.3875,4.51367873303945,4.51367873303945,0.0841860870455283,NaN
5.4,4.51029474314451,4.51029474314451,0.0846350404337229,NaN
5.4125,4.50691329029047,4.50691329029047,0.0940514864394559,NaN
5.425,4.50353437257529,4.50353437257529,0.0916674012640646,NaN
5.4375,4.5001579880983,4.5001579880983,0.0871555124061423,NaN
5.45,4.4967841349603,4.4967841349603,0.0933151599512422,NaN
5.4625,4.4934128112635,4.4934128112635,0.094326434407399,NaN
5.475,4.49004401511152,4.49004401511152,0.092965404211402,NaN
5.4875,4.48667774460942,4.48667774460942,0.0951183057402239,NaN
5.5,4.48331399786367,4.48331399786367,0.0965752513953354,NaN
5.5125,4.47995277298216,4.47995277298216,0.109775349074213,NaN
5.525,4.4765940680742,4.4765940680742,0.0986380973291107,NaN
5.5375,4.47323788125053,4.47323788125053,0.1000844181214,NaN
5.55,4.46988421062328,4.46988421062328,0.0943870629536138,NaN
5.5625,4.46653305430601,4.46653305430602,0.0935750967187577,NaN
5.575,4.46318441041371,4.46318441041371,0.0942283310345906,NaN
5.5875,4.45983827706276,4.45983827706276,0.0897520802154375,NaN
5.6,4.45649465237095,4.45649465237095,0.0885568309867209,NaN
5.6125,4.45315353445751,4.45315353445751,0.085143594747223,NaN
5.625,4.44981492144304,4.44981492144304,0.0838610073283138,NaN
5.6375,4.44647881144959,4.44647881144959,0.0833969875124401,NaN
5.65,4.44314520260058,4.44314520260058,0.083511141939511,NaN
5.6625,4.43981409302087,4.43981409302087,0.0842966145748197,NaN
5.675,4.4364854808367,4.4364854808367,0.0861723988742406,NaN
5.6875,4.43315936417573,4.43315936417573,0.0903919806986156,NaN
5.7,4.42983574116702,4.42983574116703,0.0824748844342971,NaN
5.7125,4.42651460994104,4.42651460994104,0.0902843423521971,NaN
5.725,4.42319596862963,4.42319596862963,0.0844952169791709,NaN
5.7375,4.41987981536608,4.41987981536608,0.0811857245380158,NaN
5.75,4.41656614828504,4.41656614828504,0.082148438294548,NaN
5.7625,4.41325496552257,4.41325496552258,0.081140161875415,NaN
5.775,4.40994626521614,4.40994626521614,0.0857520364254277,NaN
5.7875,4.4066400455046,4.4066400455046,0.0835032476959417,NaN
5.8,4.4033363045282,4.4033363045282,0.0824240317873253,NaN
5.8125,4.40003504042859,4.40003504042859,0.0803751142400946,NaN
5.825,4.3967362513488,4.3967362513488,0.0802897789280788,NaN
5.8375,4.39343993543327,4.39343993543328,0.0818769626612386,NaN
5.85,4.39014609082782,4.39014609082783,0.0800819856224117,NaN
5.8625,4.38685471567966,4.38685471567967,0.0808150036386604,NaN
5.875,4.3835658081374,4.38356580813741,0.0804335173352122,NaN
5.8875,4.38027936635102,4.38027936635102,0.0804489284650762,NaN
5.9,4.3769953884719,4.3769953884719,0.0811133350232612,NaN
5.9125,4.3737138726528,4.3737138726528,0.0833076527198072,NaN
5.925,4.37043481704786,4.37043481704787,0.0839312523690763,NaN
5.9375,4.36715821981263,4.36715821981264,0.0933861842619758,NaN
5.95,4.36388407910401,4.36388407910402,0.0880670903720637,NaN
5.9625,4.3606123930803,4.36061239308031,0.0960093264174272,NaN
5.975,4.35734315990118,4.35734315990119,0.0890118650482216,NaN
5.9875,4.3540763777277,4.35407637772771,0.086267972655341,NaN
6,4.3508120447223,4.3508120447223,0.0829422492886036,NaN
6.0125,4.34755015904878,4.34755015904879,0.0810301126776189,NaN
6.025,4.34429071887235,4.34429071887236,0.0817314520108396,NaN
6.0375,4.34103372235956,4.34103372235957,0.0809663839714081,NaN
6.05,4.33777916767835,4.33777916767836,0.0816104360917324,NaN
6.0625,4.33452705299804,4.33452705299805,0.0849956178034338,NaN
6.075,4.33127737648931,4.33127737648932,0.0870258276287495,NaN
6.0875,4.32803013632422,4.32803013632423,0.0886102699593504,NaN
6.1,4.3247853306762,4.3247853306762,0.0827761567382632,NaN
6.1125,4.32154295772004,4.32154295772004,0.0814103643483286,NaN
6.125,4.3183030156319,4.31830301563191,0.0851217687283696,NaN
6.1375,4.31506550258933,4.31506550258933,0.0814953757101418,NaN
6.15,4.31183041677121,4.31183041677122,0.082512079175085,NaN
6.1625,4.30859775635782,4.30859775635782,0.0832654986160759,NaN
6.175,4.30536751953078,4.30536751953078,0.0829701290184201,NaN
6.1875,4.30213970447308,4.30213970447309,0.08312443841003,NaN
6.2,4.29891430936908,4.29891430936908,0.0815674904063397,NaN
6.2125,4.29569133240449,4.2956913324045,0.0821553330848376,NaN
6.225,4.29247077176639,4.2924707717664,0.0817625069985594,NaN
6.2375,4.28925262564321,4.28925262564322,0.0814440973115529,NaN
6.25,4.28603689222475,4.28603689222476,0.0814343294366527,NaN
6.2625,4.28282356970215,4.28282356970216,0.0836695792348696,NaN
6.275,4.27961265626792,4.27961265626793,0.0877332218669448,NaN
6.2875,4.27640415011593,4.27640415011594,0.0846530834113414,NaN
6.3,4.27319804944138,4.27319804944139,0.0845394234956407,NaN
6.3125,4.26999435244085,4.26999435244085,0.0807061345046302,NaN
6.325,4.26679305731225,4.26679305731226,0.0840613645331833,NaN
6.3375,4.26359416225486,4.26359416225487,0.0807082133792264,NaN
6.35,4.2603976654693,4.26039766546931,0.0857492769526619,NaN
6.3625,4.25720356515754,4.25720356515755,0.0953091198846909,NaN
6.375,4.25401185952289,4.2540118595229,0.100482250444772,NaN
6.3875,4.25082254677003,4.25082254677004,0.110622524734102,NaN
6.4,4.24763562510497,4.24763562510498,0.0947941782263201,NaN
6.4125,4.24445109273505,4.24445109273506,0.0993201972253857,NaN
6.425,4.24126894786899,4.241268947869,0.0944914542377535,NaN
6.4375,4.23808918871682,4.23808918871683,0.0956540784293942,NaN
6.45,4.23491181348993,4.23491181348994,0.0968724148453892,NaN
6.4625,4.23173682040105,4.23173682040106,0.0855794789807875,NaN
6.475,4.22856420766424,4.22856420766425,0.0878496199502111,NaN
6.4875,4.22539397349491,4.22539397349492,0.084343607748445,NaN
6.5,4.2222261161098,4.22222611610981,0.0828103314786657,NaN
6.5125,4.219060633727,4.21906063372701,0.0827469997726361,NaN
6.525,4.21589752456591,4.21589752456592,0.0837928574912841,NaN
6.5375,4.21273678684729,4.2127367868473,0.0838831023139387,NaN
6.55,4.20957841879322,4.20957841879323,0.0827131896129212,NaN
6.5625,4.20642241862713,4.20642241862713,0.0858507937253127,NaN
6.575,4.20326878457375,4.20326878457376,0.0891284662989666,NaN
6.5875,4.20011751485918,4.20011751485919,0.0900245933219507,NaN
6.6,4.19696860771082,4.19696860771083,0.0872646975933041,NaN
6.6125,4.19382206135741,4.19382206135742,0.0951083032319627,NaN
6.625,4.19067787402903,4.19067787402904,0.0893621626089595,NaN
6.6375,4.18753604395706,4.18753604395707,0.0836569422625088,NaN
6.65,4.18439656937422,4.18439656937423,0.0834943837051422,NaN
6.6625,4.18125944851456,4.18125944851457,0.0842715068254672,NaN
6.675,4.17812467961346,4.17812467961347,0.0886387121096079,NaN
6.6875,4.1749922609076,4.17499226090761,0.104192019567516,NaN
6.7,4.17186219063499,4.171862190635,0.109383967148946,NaN
6.7125,4.16873446703497,4.16873446703498,0.125731073008346,NaN
6.725,4.16560908834821,4.16560908834822,0.115336901366755,NaN
6.7375,4.16248605281666,4.16248605281667,0.103805761390881,NaN
6.75,4.15936535868363,4.15936535868364,0.103865958222166,NaN
6.7625,4.15624700419373,4.15624700419374,0.0977205961606885,NaN
6.775,4.15313098759287,4.15313098759288,0.113202674378835,NaN
6.7875,4.1500173071283,4.15001730712831,0.105915683075232,NaN
6.8,4.14690596104858,4.14690596104859,0.113242093781837,NaN
6.8125,4.14379694760357,4.14379694760358,0.102916016953752,NaN
6.825,4.14069026504446,4.14069026504447,0.100850273678923,NaN
6.8375,4.13758591162372,4.13758591162373,0.0949216079690562,NaN
6.85,4.13448388559517,4.13448388559518,0.0897072263493967,NaN
6.8625,4.13138418521392,4.13138418521393,0.0941662820224048,NaN
6.875,4.12828680873637,4.12828680873638,0.0922043546216226,NaN
6.8875,4.12519175442027,4.12519175442028,0.0934114313080951,NaN
6.9,4.12209902052464,4.12209902052465,0.0965113326278212,NaN
6.9125,4.11900860530981,4.11900860530982,0.10532566804397,NaN
6.925,4.11592050703744,4.11592050703745,0.118155100337767,NaN
6.9375,4.11283472397046,4.11283472397047,0.113320055754332,NaN
6.95,4.10975125437312,4.10975125437313,0.107551462297,NaN
6.9625,4.10667009651096,4.10667009651097,0.0996535373675156,NaN
6.975,4.10359124865085,4.10359124865086,0.0973389056605335,NaN
6.9875,4.10051470906092,4.10051470906093,0.103565652800404,NaN
7,4.09744047601062,4.09744047601063,0.110441373943375,NaN
7.0125,4.0943685477707,4.09436854777071,0.10350357004033,NaN
7.025,4.09129892261319,4.09129892261321,0.0964424491563249,NaN
7.0375,4.08823159881144,4.08823159881145,0.0964424541388375,NaN
7.05,4.08516657464007,4.08516657464008,0.0943164373283486,NaN
7.0625,4.082103848375,4.08210384837502,0.093975516840183,NaN
7.075,4.07904341829346,4.07904341829347,0.0976652132820681,NaN
7.0875,4.07598528267395,4.07598528267396,0.099911784419376,NaN
7.1,4.07292943979627,4.07292943979628,0.0950112460471001,NaN
7.1125,4.0698758879415,4.06987588794151,0.0947513482316884,NaN
7.125,4.06682462539203,4.06682462539204,0.0934139707872293,NaN
7.1375,4.06377565043151,4.06377565043152,0.0922441297691588,NaN
7.15,4.06072896134491,4.06072896134492,0.0925545879380062,NaN
7.1625,4.05768455641846,4.05768455641847,0.0963463183272211,NaN
7.175,4.05464243393967,4.05464243393968,0.0981146187145731,NaN
7.1875,4.05160259219736,4.05160259219737,0.0959172972102553,NaN
7.2,4.04856502948162,4.04856502948163,0.094081717809083,NaN
7.2125,4.04552974408381,4.04552974408382,0.0937754688791047,NaN
7.225,4.04249673429659,4.0424967342966,0.0933947989353452,NaN
7.2375,4.03946599841389,4.0394659984139,0.0928904437673058,NaN
7.25,4.03643753473092,4.03643753473093,0.0975365188254359,NaN
7.2625,4.03341134154417,4.03341134154418,0.0939302819179454,NaN
7.275,4.03038741715141,4.03038741715142,0.0931474050483437,NaN
7.2875,4.02736575985167,4.02736575985168,0.0936850413280224,NaN
7.3,4.02434636794528,4.02434636794529,0.0945424407311469,NaN
7.3125,4.02132923973383,4.02132923973384,0.098125643565095,NaN
7.325,4.01831437352018,4.01831437352019,0.0922988490294121,NaN
7.3375,4.01530176760847,4.01530176760848,0.0923428066486397,NaN
7.35,4.01229142030411,4.01229142030412,0.0942107644105935,NaN
7.3625,4.00928332991379,4.0092833299138,0.0962797619298589,NaN
7.375,4.00627749474544,4.00627749474545,0.109727393800478,NaN
7.3875,4.00327391310829,4.0032739131083,0.107679904309513,NaN
7.4,4.00027258331282,4.00027258331283,0.107537045879107,NaN
7.4125,3.99727350367078,3.99727350367079,0.109768737501136,NaN
7.425,3.99427667249519,3.9942766724952,0.122222686765305,NaN
7.4375,3.99128208810034,3.99128208810035,0.136099915819126,NaN
7.45,3.98828974880177,3.98828974880178,0.13089968169036,NaN
7.4625,3.98529965291628,3.9852996529163,0.124190682595467,NaN
7.475,3.98231179876196,3.98231179876197,0.127221187988414,NaN
7.4875,3.97932618465813,3.97932618465814,0.117968387855586,NaN
7.5,3.97634280892538,3.97634280892539,0.135405633248889,0.135405633248889
7.5125,3.97336166988557,3.97336166988558,0.135304117097267,0.135304117097267
7.525,3.9703827658618,3.97038276586181,0.135202677054216,0.135202677054215
7.5375,3.96740609517844,3.96740609517845,0.135101313062673,0.135101313062673
7.55,3.96443165616111,3.96443165616112,0.135000025065623,0.135000025065623
7.5625,3.9614594471367,3.96145944713671,0.13489881300609,0.13489881300609
7.575,3.95848946643333,3.95848946643334,0.134797676827143,0.134797676827144
7.5875,3.95552171238039,3.9555217123804,0.134696616471894,0.134696616471894
7.6,3.95255618330851,3.95255618330852,0.134595631883494,0.134595631883494
7.6125,3.9495928775496,3.94959287754961,0.134494723005141,0.134494723005141
7.625,3.94663179343678,3.94663179343679,0.134393889780073,0.134393889780073
7.6375,3.94367292930445,3.94367292930446,0.134293132151572,0.134293132151572
7.65,3.94071628348824,3.94071628348825,0.134192450062961,0.134192450062961
7.6625,3.93776185432505,3.93776185432506,0.134091843457606,0.134091843457606
7.675,3.93480964015301,3.93480964015302,0.133991312278918,0.133991312278918
7.6875,3.93185963931149,3.9318596393115,0.133890856470346,0.133890856470345
7.7,3.92891185014112,3.92891185014113,0.133790475975384,0.133790475975384
7.7125,3.92596627098377,3.92596627098378,0.133690170737568,0.133690170737568
7.725,3.92302290018256,3.92302290018257,0.133589940700477,0.133589940700477
7.7375,3.92008173608182,3.92008173608183,0.133489785807731,0.133489785807731
7.75,3.91714277702717,3.91714277702718,0.133389706002994,0.133389706002994
7.7625,3.91420602136544,3.91420602136545,0.133289701229969,0.133289701229969
7.775,3.91127146744469,3.9112714674447,0.133189771432405,0.133189771432405
7.7875,3.90833911361425,3.90833911361426,0.13308991655409,0.13308991655409
7.8,3.90540895822466,3.90540895822467,0.132990136538858,0.132990136538858
7.8125,3.90248099962771,3.90248099962772,0.13289043133058,0.13289043133058
7.825,3.89955523617643,3.89955523617644,0.132790800873174,0.132790800873174
7.8375,3.89663166622507,3.89663166622508,0.132691245110597,0.132691245110597
7.85,3.89371028812913,3.89371028812914,0.132591763986848,0.132591763986849
7.8625,3.89079110024533,3.89079110024533,0.132492357445971,0.132492357445971
7.875,3.88787410093162,3.88787410093163,0.132393025432048,0.132393025432048
7.8875,3.8849592885472,3.88495928854721,0.132293767889205,0.132293767889205
7.9,3.88204666145248,3.88204666145248,0.13219458476161,0.13219458476161
7.9125,3.87913621800911,3.87913621800911,0.132095475993472,0.132095475993473
7.925,3.87622795657996,3.87622795657997,0.131996441529044,0.131996441529044
7.9375,3.87332187552914,3.87332187552915,0.131897481312617,0.131897481312617
7.95,3.87041797322198,3.87041797322199,0.131798595288527,0.131798595288527
7.9625,3.86751624802503,3.86751624802504,0.13169978340115,0.13169978340115
7.975,3.86461669830607,3.86461669830608,0.131601045594905,0.131601045594905
7.9875,3.86171932243411,3.86171932243412,0.131502381814252,0.131502381814252
8,3.85882411877937,3.85882411877938,0.131403792003691,0.131403792003691
8.0125,3.85593108571329,3.8559310857133,0.131305276107767,0.131305276107767
8.025,3.85304022160856,3.85304022160856,0.131206834071065,0.131206834071065
8.0375,3.85015152483905,3.85015152483905,0.13110846583821,0.13110846583821
8.05,3.84726499377987,3.84726499377988,0.13101017135387,0.13101017135387
8.0625,3.84438062680735,3.84438062680736,0.130911950562756,0.130911950562756
8.075,3.84149842229904,3.84149842229905,0.130813803409617,0.130813803409617
8.0875,3.8386183786337,3.8386183786337,0.130715729839245,0.130715729839246
8.1,3.83574049419129,3.8357404941913,0.130617729796476,0.130617729796476
8.1125,3.83286476735301,3.83286476735302,0.130519803226183,0.130519803226183
8.125,3.82999119650126,3.82999119650127,0.130421950073282,0.130421950073282
8.1375,3.82711978001966,3.82711978001967,0.130324170282732,0.130324170282732
8.15,3.82425051629304,3.82425051629305,0.130226463799531,0.130226463799531
8.1625,3.82138340370744,3.82138340370745,0.13012883056872,0.13012883056872
8.175,3.8185184406501,3.81851844065011,0.130031270535379,0.130031270535379
8.1875,3.81565562550949,3.81565562550949,0.129933783644631,0.129933783644631
8.2,3.81279495667526,3.81279495667527,0.12983636984164,0.12983636984164
8.2125,3.8099364325383,3.8099364325383,0.129739029071611,0.12973902907161
8.225,3.80708005149068,3.80708005149069,0.129641761279788,0.129641761279788
8.2375,3.80422581192569,3.8042258119257,0.12954456641146,0.12954456641146
8.25,3.80137371223782,3.80137371223783,0.129447444411954,0.129447444411954
8.2625,3.79852375082277,3.79852375082277,0.129350395226639,0.129350395226638
8.275,3.79567592607742,3.79567592607743,0.129253418800924,0.129253418800924
8.2875,3.79283023639988,3.79283023639989,0.129156515080261,0.129156515080261
8.3,3.78998668018945,3.78998668018946,0.129059684010141,0.129059684010141
8.3125,3.78714525584663,3.78714525584664,0.128962925536097,0.128962925536097
8.325,3.78430596177312,3.78430596177312,0.128866239603702,0.128866239603701
8.3375,3.7814687963718,3.78146879637181,0.12876962615857,0.128769626158569
8.35,3.77863375804679,3.7786337580468,0.128673085146356,0.128673085146355
8.3625,3.77580084520336,3.77580084520337,0.128576616512755,0.128576616512755
8.375,3.77297005624801,3.77297005624802,0.128480220203505,0.128480220203505
8.3875,3.77014138958842,3.77014138958842,0.128383896164383,0.128383896164382
8.4,3.76731484363345,3.76731484363346,0.128287644341205,0.128287644341204
8.4125,3.76449041679319,3.7644904167932,0.12819146467983,0.12819146467983
8.425,3.76166810747888,3.76166810747889,0.128095357126158,0.128095357126158
8.4375,3.75884791410299,3.75884791410299,0.127999321626127,0.127999321626127
8.45,3.75602983507914,3.75602983507915,0.127903358125719,0.127903358125719
8.4625,3.75321386882217,3.75321386882218,0.127807466570952,0.127807466570952
8.475,3.75040001374811,3.75040001374812,0.127711646907889,0.127711646907889
8.4875,3.74758826827415,3.74758826827416,0.127615899082631,0.127615899082631
8.5,3.74477863081869,3.7447786308187,0.127520223041319,0.127520223041319
8.5125,3.74197109980131,3.74197109980132,0.127424618730136,0.127424618730136
8.525,3.73916567364278,3.73916567364279,0.127329086095305,0.127329086095305
8.5375,3.73636235076503,3.73636235076504,0.127233625083088,0.127233625083088
8.55,3.7335611295912,3.73356112959121,0.127138235639789,0.127138235639788
8.5625,3.73076200854561,3.73076200854562,0.12704291771175,0.127042917711749
8.575,3.72796498605375,3.72796498605376,0.126947671245356,0.126947671245355
8.5875,3.72517006054229,3.72517006054229,0.12685249618703,0.126852496187029
8.6,3.72237723043908,3.72237723043909,0.126757392483237,0.126757392483236
8.6125,3.71958649417317,3.71958649417318,0.12666236008048,0.126662360080479
8.625,3.71679785017476,3.71679785017476,0.126567398925304,0.126567398925303
8.6375,3.71401129687523,3.71401129687524,0.126472508964293,0.126472508964293
8.65,3.71122683270716,3.71122683270717,0.126377690144072,0.126377690144072
8.6625,3.70844445610428,3.70844445610429,0.126282942411305,0.126282942411305
8.675,3.7056641655015,3.70566416550151,0.126188265712697,0.126188265712696
8.6875,3.70288595933492,3.70288595933493,0.126093659994991,0.12609365999499
8.7,3.70010983604178,3.70010983604179,0.125999125204973,0.125999125204972
8.7125,3.69733579406053,3.69733579406053,0.125904661289465,0.125904661289464
8.725,3.69456383183075,3.69456383183076,0.125810268195333,0.125810268195332
8.7375,3.69179394779323,3.69179394779324,0.12571594586948,0.125715945869479
8.75,3.68902614038991,3.68902614038991,0.12562169425885,0.125621694258849
8.7625,3.68626040806388,3.68626040806389,0.125527513310426,0.125527513310425
8.775,3.68349674925943,3.68349674925944,0.125433402971232,0.125433402971231
8.7875,3.680735162422,3.68073516242201,0.125339363188331,0.12533936318833
8.8,3.67797564599819,3.6779756459982,0.125245393908824,0.125245393908823
8.8125,3.67521819843579,3.67521819843579,0.125151495079855,0.125151495079854
8.825,3.67246281818371,3.67246281818372,0.125057666648605,0.125057666648604
8.8375,3.66970950369207,3.66970950369208,0.124963908562296,0.124963908562295
8.85,3.66695825341212,3.66695825341213,0.124870220768189,0.124870220768187
8.8625,3.66420906579629,3.66420906579629,0.124776603213584,0.124776603213582
8.875,3.66146193929815,3.66146193929815,0.124683055845822,0.12468305584582
8.8875,3.65871687237245,3.65871687237245,0.124589578612282,0.12458957861228
8.9,3.65597386347508,3.65597386347509,0.124496171460383,0.124496171460381
8.9125,3.65323291106311,3.65323291106312,0.124402834337584,0.124402834337582
8.925,3.65049401359475,3.65049401359476,0.124309567191383,0.124309567191381
8.9375,3.64775716952937,3.64775716952938,0.124216369969316,0.124216369969314
8.95,3.64502237732749,3.6450223773275,0.124123242618961,0.124123242618959
8.9625,3.6422896354508,3.6422896354508,0.124030185087933,0.124030185087931
8.975,3.63955894236212,3.63955894236212,0.123937197323887,0.123937197323885
8.9875,3.63683029652544,3.63683029652545,0.123844279274518,0.123844279274516
9,3.6341036964059,3.63410369640591,0.12375143088756,0.123751430887558
9.0125,3.63137914046978,3.63137914046979,0.123658652110785,0.123658652110783
9.025,3.62865662718453,3.62865662718454,0.123565942892004,0.123565942892002
9.0375,3.62593615501873,3.62593615501874,0.12347330317907,0.123473303179068
9.05,3.62321772244211,3.62321772244211,0.123380732919872,0.12338073291987
9.0625,3.62050132792555,3.62050132792556,0.12328823206234,0.123288232062338
9.075,3.61778696994108,3.61778696994109,0.123195800554442,0.123195800554439
9.0875,3.61507464696189,3.6150746469619,0.123103438344184,0.123103438344182
9.1,3.61236435746227,3.61236435746228,0.123011145379614,0.123011145379612
9.1125,3.60965609991771,3.60965609991771,0.122918921608816,0.122918921608814
9.125,3.60694987280479,3.6069498728048,0.122826766979915,0.122826766979913
9.1375,3.60424567460127,3.60424567460128,0.122734681441074,0.122734681441072
9.15,3.60154350378604,3.60154350378605,0.122642664940494,0.122642664940492
9.1625,3.59884335883913,3.59884335883913,0.122550717426417,0.122550717426414
9.175,3.59614523824169,3.5961452382417,0.122458838847121,0.122458838847118
9.1875,3.59344914047605,3.59344914047606,0.122367029150925,0.122367029150923
9.2,3.59075506402565,3.59075506402566,0.122275288286187,0.122275288286184
9.2125,3.58806300737507,3.58806300737507,0.122183616201301,0.122183616201298
9.225,3.58537296901002,3.58537296901002,0.122092012844703,0.1220920128447
9.2375,3.58268494741736,3.58268494741737,0.122000478164865,0.122000478164862
9.25,3.57999894108508,3.57999894108508,0.121909012110299,0.121909012110297
9.2625,3.57731494850229,3.5773149485023,0.121817614629556,0.121817614629553
9.275,3.57463296815926,3.57463296815927,0.121726285671224,0.121726285671222
9.2875,3.57195299854737,3.57195299854738,0.121635025183931,0.121635025183929
9.3,3.56927503815913,3.56927503815914,0.121543833116343,0.121543833116341
9.3125,3.5665990854882,3.56659908548821,0.121452709417165,0.121452709417162
9.325,3.56392513902935,3.56392513902936,0.121361654035138,0.121361654035136
9.3375,3.56125319727848,3.56125319727849,0.121270666919045,0.121270666919043
9.35,3.55858325873263,3.55858325873264,0.121179748017706,0.121179748017703
9.3625,3.55591532188996,3.55591532188996,0.121088897279978,0.121088897279975
9.375,3.55324938524975,3.55324938524975,0.120998114654758,0.120998114654755
9.3875,3.55058544731241,3.55058544731241,0.12090740009098,0.120907400090978
9.4,3.54792350657948,3.54792350657948,0.120816753537619,0.120816753537616
9.4125,3.54526356155361,3.54526356155362,0.120726174943684,0.120726174943682
9.425,3.54260561073859,3.5426056107386,0.120635664258226,0.120635664258224
9.4375,3.53994965263932,3.53994965263933,0.120545221430332,0.12054522143033
9.45,3.53729568576183,3.53729568576184,0.120454846409129,0.120454846409127
9.4625,3.53464370861325,3.53464370861326,0.120364539143779,0.120364539143777
9.475,3.53199371970185,3.53199371970186,0.120274299583487,0.120274299583485
9.4875,3.52934571753701,3.52934571753702,0.120184127677491,0.120184127677489
9.5,3.52669970062923,3.52669970062924,0.12009402337507,0.120094023375067
9.5125,3.52405566749012,3.52405566749013,0.12000398662554,0.120003986625538
9.525,3.52141361663242,3.52141361663243,0.119914017378256,0.119914017378254
9.5375,3.51877354656997,3.51877354656998,0.11982411558261,0.119824115582607
9.55,3.51613545581774,3.51613545581775,0.119734281188032,0.119734281188029
9.5625,3.51349934289179,3.5134993428918,0.11964451414399,0.119644514143988
9.575,3.51086520630932,3.51086520630933,0.11955481439999,0.119554814399988
9.5875,3.50823304458861,3.50823304458862,0.119465181905577,0.119465181905575
9.6,3.50560285624909,3.5056028562491,0.119375616610332,0.11937561661033
9.6125,3.50297463981126,3.50297463981127,0.119286118463874,0.119286118463873
9.625,3.50034839379677,3.50034839379677,0.119196687415862,0.11919668741586
9.6375,3.49772411672833,3.49772411672834,0.119107323415989,0.119107323415987
9.65,3.4951018071298,3.49510180712981,0.119018026413988,0.119018026413986
9.6625,3.49248146352614,3.49248146352615,0.118928796359631,0.118928796359629
9.675,3.48986308444339,3.4898630844434,0.118839633202724,0.118839633202723
9.6875,3.48724666840871,3.48724666840872,0.118750536893115,0.118750536893113
9.7,3.48463221395038,3.48463221395039,0.118661507380685,0.118661507380684
9.7125,3.48201971959776,3.48201971959777,0.118572544615357,0.118572544615355
9.725,3.47940918388132,3.47940918388133,0.118483648547088,0.118483648547086
9.7375,3.47680060533264,3.47680060533265,0.118394819125874,0.118394819125873
9.75,3.4741939824844,3.47419398248441,0.11830605630175,0.118306056301748
9.7625,3.47158931387036,3.47158931387037,0.118217360024785,0.118217360024783
9.775,3.4689865980254,3.46898659802541,0.118128730245088,0.118128730245087
9.7875,3.4663858334855,3.4663858334855,0.118040166912805,0.118040166912804
9.8,3.46378701878771,3.46378701878772,0.11795166997812,0.117951669978118
9.8125,3.46119015247022,3.46119015247023,0.117863239391251,0.11786323939125
9.825,3.45859523307228,3.45859523307229,0.117774875102458,0.117774875102457
9.8375,3.45600225913424,3.45600225913425,0.117686577062035,0.117686577062034
9.85,3.45341122919757,3.45341122919758,0.117598345220315,0.117598345220314
9.8625,3.45082214180481,3.45082214180482,0.117510179527668,0.117510179527666
9.875,3.4482349954996,3.4482349954996,0.117422079934499,0.117422079934498
9.8875,3.44564978882666,3.44564978882666,0.117334046391253,0.117334046391252
9.9,3.44306652033181,3.44306652033182,0.117246078848412,0.117246078848411
9.9125,3.44048518856198,3.44048518856199,0.117158177256493,0.117158177256492
9.925,3.43790579206515,3.43790579206516,0.117070341566052,0.117070341566051
9.9375,3.43532832939042,3.43532832939043,0.116982571727681,0.11698257172768
9.95,3.43275279908797,3.43275279908798,0.11689486769201,0.116894867692008
9.9625,3.43017919970906,3.43017919970907,0.116807229409705,0.116807229409703
9.975,3.42760752980604,3.42760752980605,0.116719656831469,0.116719656831468
9.9875,3.42503778793234,3.42503778793235,0.116632149908044,0.116632149908042
10,3.42246997264249,3.4224699726425,0.116544708590206,0.116544708590204
10.0125,3.4199040824921,3.4199040824921,0.11645733282877,0.116457332828768
10.025,3.41734011603783,3.41734011603784,0.116370022574586,0.116370022574584
10.0375,3.41477807183748,3.41477807183748,0.116282777778543,0.116282777778542
10.05,3.41221794844987,3.41221794844988,0.116195598391566,0.116195598391564
10.0625,3.40965974443496,3.40965974443497,0.116108484364616,0.116108484364614
10.075,3.40710345835374,3.40710345835375,0.116021435648691,0.11602143564869
10.0875,3.4045490887683,3.40454908876831,0.115934452194828,0.115934452194826
10.1,3.40199663424182,3.40199663424183,0.115847533954096,0.115847533954094
10.1125,3.39944609333853,3.39944609333854,0.115760680877605,0.115760680877603
10.125,3.39689746462377,3.39689746462377,0.115673892916501,0.115673892916499
10.1375,3.39435074666391,3.39435074666392,0.115587170021964,0.115587170021962
10.15,3.39180593802644,3.39180593802645,0.115500512145213,0.115500512145211
10.1625,3.3892630372799,3.38926303727991,0.115413919237504,0.115413919237502
10.175,3.38672204299391,3.38672204299391,0.115327391250127,0.115327391250125
10.1875,3.38418295373915,3.38418295373916,0.11524092813441,0.115240928134409
10.2,3.3816457680874,3.3816457680874,0.115154529841719,0.115154529841718
10.2125,3.37911048461148,3.37911048461148,0.115068196323454,0.115068196323453
10.225,3.37657710188529,3.3765771018853,0.114981927531053,0.114981927531051
10.2375,3.37404561848382,3.37404561848382,0.114895723415988,0.114895723415987
10.25,3.37151603298309,3.3715160329831,0.114809583929771,0.11480958392977
10.2625,3.36898834396022,3.36898834396023,0.114723509023948,0.114723509023947
10.275,3.36646254999339,3.36646254999339,0.114637498650102,0.114637498650101
10.2875,3.36393864966182,3.36393864966183,0.114551552759852,0.114551552759851
10.3,3.36141664154584,3.36141664154585,0.114465671304853,0.114465671304852
10.3125,3.3588965242268,3.35889652422681,0.114379854236798,0.114379854236797
10.325,3.35637829628715,3.35637829628716,0.114294101507414,0.114294101507413
10.3375,3.35386195631038,3.35386195631039,0.114208413068464,0.114208413068463
10.35,3.35134750288105,3.35134750288106,0.11412278887175,0.114122788871749
10.3625,3.34883493458478,3.34883493458479,0.114037228869108,0.114037228869107
10.375,3.34632425000824,3.34632425000825,0.11395173301241,0.113951733012409
10.3875,3.34381544773919,3.3438154477392,0.113866301253565,0.113866301253564
10.4,3.34130852636641,3.34130852636642,0.113780933544518,0.113780933544516
10.4125,3.33880348447977,3.33880348447978,0.113695629837248,0.113695629837247
10.425,3.33630032067017,3.33630032067018,0.113610390083773,0.113610390083772
10.4375,3.3337990335296,3.3337990335296,0.113525214236146,0.113525214236145
10.45,3.33129962165106,3.33129962165107,0.113440102246455,0.113440102246453
10.4625,3.32880208362866,3.32880208362866,0.113355054066824,0.113355054066823
10.475,3.32630641805751,3.32630641805751,0.113270069649414,0.113270069649413
10.4875,3.32381262353381,3.32381262353382,0.113185148946421,0.11318514894642
10.5,3.3213206986548,3.3213206986548,0.113100291910078,0.113100291910076
10.5125,3.31883064201876,3.31883064201877,0.113015498492652,0.11301549849265
10.525,3.31634245222506,3.31634245222506,0.112930768646446,0.112930768646444
10.5375,3.31385612787407,3.31385612787407,0.112846102323801,0.112846102323799
10.55,3.31137166756724,3.31137166756724,0.112761499477092,0.11276149947709
10.5625,3.30888906990706,3.30888906990706,0.112676960058729,0.112676960058727
10.575,3.30640833349706,3.30640833349707,0.112592484021158,0.112592484021157
10.5875,3.30392945694185,3.30392945694185,0.112508071316863,0.112508071316862
10.6,3.30145243884703,3.30145243884704,0.112423721898361,0.11242372189836
10.6125,3.29897727781931,3.29897727781931,0.112339435718206,0.112339435718204
10.625,3.29650397246639,3.29650397246639,0.112255212728987,0.112255212728985
10.6375,3.29403252139704,3.29403252139704,0.112171052883327,0.112171052883325
10.65,3.29156292322107,3.29156292322107,0.112086956133887,0.112086956133886
10.6625,3.28909517654933,3.28909517654934,0.112002922433364,0.112002922433362
10.675,3.28662927999372,3.28662927999372,0.111918951734487,0.111918951734485
10.6875,3.28416523216716,3.28416523216716,0.111835043990024,0.111835043990022
10.7,3.28170303168363,3.28170303168363,0.111751199152775,0.111751199152773
10.7125,3.27924267715814,3.27924267715815,0.11166741717558,0.111667417175578
10.725,3.27678416720675,3.27678416720675,0.111583698011309,0.111583698011307
10.7375,3.27432750044653,3.27432750044654,0.111500041612871,0.111500041612869
10.75,3.27187267549563,3.27187267549563,0.11141644793321,0.111416447933208
10.7625,3.26941969097318,3.26941969097319,0.111332916925303,0.111332916925301
10.775,3.2669685454994,3.26696854549941,0.111249448542166,0.111249448542164
10.7875,3.26451923769552,3.26451923769552,0.111166042736846,0.111166042736844
10.8,3.26207176618379,3.26207176618379,0.111082699462428,0.111082699462426
10.8125,3.25962612958751,3.25962612958752,0.110999418672031,0.110999418672029
10.825,3.25718232653102,3.25718232653103,0.110916200318811,0.110916200318808
10.8375,3.25474035563967,3.25474035563968,0.110833044355955,0.110833044355953
10.85,3.25230021553986,3.25230021553987,0.110749950736691,0.110749950736689
10.8625,3.24986190485901,3.24986190485902,0.110666919414276,0.110666919414274
10.875,3.24742542222556,3.24742542222557,0.110583950342007,0.110583950342005
10.8875,3.244990766269,3.24499076626901,0.110501043473212,0.11050104347321
10.9,3.24255793561983,3.24255793561984,0.110418198761258,0.110418198761256
10.9125,3.24012692890959,3.24012692890959,0.110335416159543,0.110335416159541
10.925,3.23769774477082,3.23769774477083,0.110252695621503,0.1102526956215
10.9375,3.23527038183713,3.23527038183714,0.110170037100606,0.110170037100604
10.95,3.23284483874311,3.23284483874312,0.110087440550359,0.110087440550357
10.9625,3.2304211141244,3.2304211141244,0.1100049059243,0.110004905924298
10.975,3.22799920661765,3.22799920661765,0.109922433176003,0.109922433176001
10.9875,3.22557911486053,3.22557911486054,0.109840022259078,0.109840022259076
11,3.22316083749176,3.22316083749176,0.109757673127168,0.109757673127166
11.0125,3.22074437315104,3.22074437315104,0.109675385733952,0.10967538573395
11.025,3.21832972047911,3.21832972047912,0.109593160033144,0.109593160033142
11.0375,3.21591687811774,3.21591687811775,0.109510995978491,0.109510995978489
11.05,3.2135058447097,3.21350584470971,0.109428893523776,0.109428893523774
11.0625,3.21109661889878,3.21109661889878,0.109346852622817,0.109346852622815
11.075,3.20868919932979,3.2086891993298,0.109264873229465,0.109264873229463
11.0875,3.20628358464856,3.20628358464857,0.109182955297607,0.109182955297605
11.1,3.20387977350193,3.20387977350194,0.109101098781165,0.109101098781163
11.1125,3.20147776453776,3.20147776453777,0.109019303634093,0.109019303634091
11.125,3.19907755640492,3.19907755640493,0.108937569810383,0.108937569810381
11.1375,3.19667914775328,3.19667914775329,0.108855897264058,0.108855897264056
11.15,3.19428253723376,3.19428253723376,0.108774285949179,0.108774285949177
11.1625,3.19188772349824,3.19188772349824,0.108692735819838,0.108692735819836
11.175,3.18949470519965,3.18949470519966,0.108611246830164,0.108611246830162
11.1875,3.18710348099192,3.18710348099192,0.10852981893432,0.108529818934318
11.2,3.18471404952998,3.18471404952998,0.108448452086501,0.108448452086499
11.2125,3.18232640946977,3.18232640946978,0.10836714624094,0.108367146240937
11.225,3.17994055946826,3.17994055946826,0.108285901351901,0.108285901351898
11.2375,3.17755649818339,3.1775564981834,0.108204717373684,0.108204717373682
11.25,3.17517422427414,3.17517422427414,0.108123594260624,0.108123594260621
11.2625,3.17279373640047,3.17279373640048,0.108042531967088,0.108042531967086
11.275,3.17041503322336,3.17041503322337,0.10796153044748,0.107961530447477
11.2875,3.16803811340479,3.1680381134048,0.107880589656235,0.107880589656233
11.3,3.16566297560775,3.16566297560776,0.107799709547825,0.107799709547822
11.3125,3.16328961849621,3.16328961849622,0.107718890076754,0.107718890076751
11.325,3.16091804073517,3.16091804073517,0.107638131197562,0.107638131197559
11.3375,3.15854824099061,3.15854824099061,0.107557432864821,0.107557432864819
11.35,3.15618021792951,3.15618021792952,0.107476795033139,0.107476795033137
11.3625,3.15381397021987,3.15381397021988,0.107396217657157,0.107396217657155
11.375,3.15144949653068,3.15144949653068,0.107315700691551,0.107315700691548
11.3875,3.1490867955319,3.14908679553191,0.107235244091029,0.107235244091026
11.4,3.14672586589454,3.14672586589454,0.107154847810334,0.107154847810332
11.4125,3.14436670629055,3.14436670629056,0.107074511804245,0.107074511804242
11.425,3.14200931539293,3.14200931539293,0.106994236027571,0.106994236027568
11.4375,3.13965369187562,3.13965369187563,0.106914020435157,0.106914020435155
11.45,3.1372998344136,3.1372998344136,0.106833864981883,0.106833864981881
11.4625,3.13494774168282,3.13494774168282,0.106753769622661,0.106753769622658
11.475,3.13259741236022,3.13259741236023,0.106673734312437,0.106673734312434
11.4875,3.13024884512375,3.13024884512376,0.106593759006191,0.106593759006189
11.5,3.12790203865235,3.12790203865235,0.106513843658938,0.106513843658935
11.5125,3.12555699162592,3.12555699162592,0.106433988225724,0.106433988225722
11.525,3.12321370272537,3.12321370272538,0.106354192661632,0.10635419266163
11.5375,3.12087217063262,3.12087217063263,0.106274456921776,0.106274456921773
11.55,3.11853239403055,3.11853239403056,0.106194780961305,0.106194780961302
11.5625,3.11619437160304,3.11619437160304,0.1061151647354,0.106115164735398
11.575,3.11385810203493,3.11385810203494,0.106035608199279,0.106035608199276
11.5875,3.1115235840121,3.1115235840121,0.10595611130819,0.105956111308188
11.6,3.10919081622136,3.10919081622136,0.105876674017417,0.105876674017414
11.6125,3.10685979735053,3.10685979735054,0.105797296282275,0.105797296282273
11.625,3.10453052608843,3.10453052608844,0.105717978058115,0.105717978058113
11.6375,3.10220300112483,3.10220300112483,0.105638719300321,0.105638719300319
11.65,3.09987722115049,3.0998772211505,0.105559519964309,0.105559519964307
11.6625,3.09755318485718,3.09755318485719,0.10548038000553,0.105480380005528
11.675,3.09523089093761,3.09523089093762,0.105401299379468,0.105401299379466
11.6875,3.09291033808551,3.09291033808551,0.105322278041639,0.105322278041637
11.7,3.09059152499555,3.09059152499555,0.105243315947595,0.105243315947592
11.7125,3.0882744503634,3.08827445036341,0.105164413052918,0.105164413052916
11.725,3.08595911288571,3.08595911288572,0.105085569313226,0.105085569313224
11.7375,3.08364551126011,3.08364551126011,0.10500678468417,0.105006784684168
11.75,3.08133364418519,3.08133364418519,0.104928059121434,0.104928059121431
11.7625,3.07902351036052,3.07902351036052,0.104849392580733,0.10484939258073
11.775,3.07671510848666,3.07671510848666,0.104770785017818,0.104770785017816
11.7875,3.07440843726512,3.07440843726513,0.104692236388473,0.10469223638847
11.8,3.07210349539842,3.07210349539843,0.104613746648513,0.104613746648511
11.8125,3.06980028159001,3.06980028159002,0.104535315753789,0.104535315753786
11.825,3.06749879454434,3.06749879454435,0.104456943660182,0.10445694366018
11.8375,3.06519903296683,3.06519903296684,0.104378630323609,0.104378630323607
11.85,3.06290099556385,3.06290099556386,0.104300375700019,0.104300375700016
11.8625,3.06060468104276,3.06060468104277,0.104222179745392,0.104222179745389
11.875,3.05831008811189,3.0583100881119,0.104144042415744,0.104144042415742
11.8875,3.05601721548052,3.05601721548053,0.104065963667123,0.104065963667121
11.9,3.05372606185892,3.05372606185892,0.103987943455609,0.103987943455607
11.9125,3.0514366259583,3.05143662595831,0.103909981737316,0.103909981737314
11.925,3.04914890649087,3.04914890649088,0.103832078468391,0.103832078468388
11.9375,3.04686290216978,3.04686290216979,0.103754233605012,0.10375423360501
11.95,3.04457861170915,3.04457861170916,0.103676447103393,0.10367644710339
11.9625,3.04229603382407,3.04229603382408,0.103598718919778,0.103598718919775
11.975,3.04001516723059,3.0400151672306,0.103521049010445,0.103521049010442
11.9875,3.03773601064572,3.03773601064573,0.103443437331705,0.103443437331702
12,3.03545856278744,3.03545856278745,0.1033658838399,0.103365883839898
12.0125,3.03318282237468,3.03318282237469,0.103288388491409,0.103288388491406
12.025,3.03090878812734,3.03090878812734,0.103210951242638,0.103210951242636
12.0375,3.02863645876627,3.02863645876627,0.103133572050031,0.103133572050028
12.05,3.02636583301329,3.02636583301329,0.10305625087006,0.103056250870058
12.0625,3.02409690959116,3.02409690959117,0.102978987659233,0.102978987659231
12.075,3.02182968722364,3.02182968722364,0.10290178237409,0.102901782374087
12.0875,3.01956416463538,3.01956416463539,0.102824634971202,0.102824634971199
12.1,3.01730034055206,3.01730034055206,0.102747545407173,0.102747545407171
12.1125,3.01503821370025,3.01503821370026,0.102670513638642,0.10267051363864
12.125,3.01277778280752,3.01277778280752,0.102593539622277,0.102593539622275
12.1375,3.01051904660236,3.01051904660237,0.102516623314781,0.102516623314779
12.15,3.00826200381426,3.00826200381427,0.102439764672889,0.102439764672886
12.1625,3.00600665317361,3.00600665317361,0.102362963653366,0.102362963653364
12.175,3.00375299341178,3.00375299341178,0.102286220213014,0.102286220213011
12.1875,3.00150102326109,3.00150102326109,0.102209534308663,0.102209534308661
12.2,2.9992507414548,2.99925074145481,0.102132905897178,0.102132905897175
12.2125,2.99700214672713,2.99700214672714,0.102056334935455,0.102056334935452
12.225,2.99475523781325,2.99475523781326,0.101979821380423,0.10197982138042
12.2375,2.99251001344928,2.99251001344928,0.101903365189043,0.101903365189041
12.25,2.99026647237226,2.99026647237227,0.101826966318309,0.101826966318307
12.2625,2.98802461332021,2.98802461332022,0.101750624725246,0.101750624725244
12.275,2.98578443503209,2.9857844350321,0.101674340366913,0.10167434036691
12.2875,2.98354593624779,2.9835459362478,0.101598113200398,0.101598113200396
12.3,2.98130911570816,2.98130911570816,0.101521943182825,0.101521943182822
12.3125,2.97907397215498,2.97907397215499,0.101445830271347,0.101445830271345
12.325,2.97684050433099,2.976840504331,0.101369774423152,0.101369774423149
12.3375,2.97460871097986,2.97460871097987,0.101293775595457,0.101293775595455
12.35,2.97237859084622,2.97237859084622,0.101217833745514,0.101217833745512
12.3625,2.9701501426756,2.97015014267561,0.101141948830605,0.101141948830603
12.375,2.96792336521453,2.96792336521453,0.101066120808045,0.101066120808043
12.3875,2.96569825721042,2.96569825721043,0.100990349635181,0.100990349635178
12.4,2.96347481741166,2.96347481741167,0.100914635269391,0.100914635269388
12.4125,2.96125304456756,2.96125304456757,0.100838977668086,0.100838977668083
12.425,2.95903293742838,2.95903293742839,0.100763376788708,0.100763376788706
12.4375,2.95681449474531,2.95681449474531,0.100687832588733,0.10068783258873
12.45,2.95459771527046,2.95459771527047,0.100612345025666,0.100612345025663
12.4625,2.95238259775691,2.95238259775692,0.100536914057046,0.100536914057043
12.475,2.95016914095865,2.95016914095865,0.100461539640442,0.10046153964044
12.4875,2.9479573436306,2.94795734363061,0.100386221733458,0.100386221733455
12.5,2.94574720452864,2.94574720452865,0.100310960293725,0.100310960293723
12.5125,2.94353872240956,2.94353872240957,0.100235755278911,0.100235755278908
12.525,2.94133189603109,2.9413318960311,0.100160606646711,0.100160606646709
12.5375,2.93912672415189,2.9391267241519,0.100085514354856,0.100085514354853
12.55,2.93692320553155,2.93692320553156,0.100010478361104,0.100010478361102
12.5625,2.93472133893059,2.9347213389306,0.09993549862325,0.0999354986232476
12.575,2.93252112311046,2.93252112311047,0.0998605750991162,0.0998605750991137
12.5875,2.93032255683354,2.93032255683355,0.0997857077465584,0.099785707746556
12.6,2.92812563886313,2.92812563886314,0.0997108965234638,0.0997108965234615
12.6125,2.92593036796348,2.92593036796349,0.0996361413877513,0.099636141387749
12.625,2.92373674289973,2.92373674289974,0.0995614422973709,0.0995614422973686
12.6375,2.92154476243798,2.92154476243799,0.0994867992103044,0.0994867992103021
12.65,2.91935442534523,2.91935442534524,0.099412212084565,0.0994122120845628
12.6625,2.91716573038943,2.91716573038943,0.0993376808781977,0.0993376808781954
12.675,2.91497867633942,2.91497867633943,0.0992632055492783,0.0992632055492761
12.6875,2.912793261965,2.91279326196501,0.0991887860559148,0.0991887860559126
12.7,2.91060948603686,2.91060948603687,0.0991144223562459,0.0991144223562438
12.7125,2.90842734732664,2.90842734732665,0.0990401144084423,0.0990401144084403
12.725,2.90624684460687,2.90624684460688,0.0989658621707057,0.0989658621707037
12.7375,2.90406797665104,2.90406797665104,0.0988916656012692,0.0988916656012671
12.75,2.90189074223351,2.90189074223352,0.0988175246583971,0.0988175246583951
12.7625,2.89971514012961,2.89971514012962,0.0987434393003853,0.0987434393003833
12.775,2.89754116911554,2.89754116911555,0.0986694094855608,0.0986694094855587
12.7875,2.89536882796847,2.89536882796848,0.0985954351722817,0.0985954351722796
12.8,2.89319811546643,2.89319811546644,0.0985215163189374,0.0985215163189353
12.8125,2.89102903038841,2.89102903038842,0.0984476528839485,0.0984476528839466
12.825,2.8888615715143,2.88886157151431,0.0983738448257672,0.0983738448257652
12.8375,2.88669573762489,2.8866957376249,0.0983000921028759,0.0983000921028741
12.85,2.88453152750192,2.88453152750193,0.0982263946737892,0.0982263946737875
12.8625,2.882368939928,2.88236893992801,0.0981527524970522,0.0981527524970504
12.875,2.88020797368669,2.8802079736867,0.098079165531241,0.0980791655312391
12.8875,2.87804862756244,2.87804862756245,0.0980056337349631,0.0980056337349611
12.9,2.87589090034062,2.87589090034063,0.0979321570668567,0.0979321570668547
12.9125,2.87373479080751,2.87373479080752,0.0978587354855912,0.0978587354855891
12.925,2.87158029775029,2.8715802977503,0.097785368949867,0.0977853689498649
12.9375,2.86942741995707,2.86942741995708,0.0977120574184154,0.0977120574184133
12.95,2.86727615621685,2.86727615621685,0.0976388008499987,0.0976388008499965
12.9625,2.86512650531953,2.86512650531954,0.09756559920341,0.0975655992034078
12.975,2.86297846605596,2.86297846605597,0.0974924524374734,0.0974924524374712
12.9875,2.86083203721784,2.86083203721785,0.0974193605110437,0.0974193605110417
13,2.85868721759783,2.85868721759783,0.0973463233830072,0.0973463233830051
13.0125,2.85654400598944,2.85654400598945,0.09727334101228,0.0972733410122779
13.025,2.85440240118714,2.85440240118715,0.0972004133578097,0.0972004133578076
13.0375,2.85226240198626,2.85226240198627,0.0971275403785744,0.0971275403785724
13.05,2.85012400718306,2.85012400718307,0.0970547220335833,0.0970547220335812
13.0625,2.84798721557469,2.8479872155747,0.0969819582818758,0.0969819582818737
13.075,2.8458520259592,2.84585202595921,0.0969092490825226,0.0969092490825203
13.0875,2.84371843713555,2.84371843713556,0.0968365943946243,0.0968365943946221
13.1,2.8415864479036,2.84158644790361,0.096763994177313,0.0967639941773107
13.1125,2.8394560570641,2.83945605706411,0.0966914483897509,0.0966914483897486
13.125,2.8373272634187,2.83732726341871,0.096618956991131,0.0966189569911289
13.1375,2.83520006576997,2.83520006576998,0.0965465199406771,0.0965465199406749
13.15,2.83307446292135,2.83307446292136,0.0964741371976432,0.096474137197641
13.1625,2.83095045367719,2.8309504536772,0.0964018087213139,0.0964018087213118
13.175,2.82882803684273,2.82882803684274,0.0963295344710047,0.0963295344710025
13.1875,2.82670721122412,2.82670721122413,0.096257314406061,0.0962573144060589
13.2,2.82458797562839,2.8245879756284,0.0961851484858592,0.0961851484858572
13.2125,2.82247032886347,2.82247032886348,0.0961130366698062,0.0961130366698041
13.225,2.82035426973819,2.82035426973819,0.0960409789173387,0.0960409789173366
13.2375,2.81823979706225,2.81823979706226,0.0959689751879243,0.0959689751879223
13.25,2.81612690964628,2.81612690964629,0.0958970254410611,0.0958970254410591
13.2625,2.81401560630176,2.81401560630177,0.0958251296362772,0.0958251296362752
13.275,2.8119058858411,2.81190588584111,0.0957532877331313,0.0957532877331293
13.2875,2.80979774707758,2.80979774707759,0.0956814996912122,0.0956814996912102
13.3,2.80769118882536,2.80769118882537,0.0956097654701393,0.0956097654701373
13.3125,2.80558620989951,2.80558620989952,0.095538085029562,0.0955380850295599
13.325,2.80348280911598,2.80348280911598,0.09546645832916,0.0954664583291579
13.3375,2.80138098529159,2.8013809852916,0.0953948853286432,0.0953948853286412
13.35,2.79928073724409,2.7992807372441,0.095323365987752,0.09532336598775
13.3625,2.79718206379208,2.79718206379209,0.0952519002662565,0.0952519002662547
13.375,2.79508496375505,2.79508496375506,0.0951804881239576,0.0951804881239558
13.3875,2.79298943595339,2.7929894359534,0.0951091295206857,0.095109129520684
13.4,2.79089547920836,2.79089547920837,0.0950378244163018,0.0950378244163001
13.4125,2.78880309234211,2.78880309234211,0.0949665727706966,0.0949665727706949
13.425,2.78671227417767,2.78671227417768,0.094895374543791,0.0948953745437894
13.4375,2.78462302353896,2.78462302353897,0.0948242296955363,0.0948242296955345
13.45,2.78253533925077,2.78253533925078,0.0947531381859131,0.0947531381859114
13.4625,2.78044922013879,2.7804492201388,0.0946820999749327,0.094682099974931
13.475,2.77836466502956,2.77836466502957,0.094611115022636,0.0946111150226343
13.4875,2.77628167275054,2.77628167275054,0.094540183289094,0.0945401832890924
13.5,2.77420024213002,2.77420024213003,0.0944693047344076,0.094469304734406
13.5125,2.77212037199722,2.77212037199723,0.0943984793187075,0.094398479318706
13.525,2.7700420611822,2.77004206118221,0.0943277070021547,0.0943277070021531
13.5375,2.76796530851591,2.76796530851592,0.0942569877449396,0.0942569877449379
13.55,2.76589011283018,2.76589011283019,0.0941863215072825,0.0941863215072808
13.5625,2.76381647295771,2.76381647295772,0.0941157082494337,0.0941157082494321
13.575,2.76174438773208,2.76174438773209,0.0940451479316733,0.0940451479316717
13.5875,2.75967385598774,2.75967385598775,0.093974640514311,0.0939746405143095
13.6,2.75760487656002,2.75760487656003,0.0939041859576866,0.093904185957685
13.6125,2.75553744828511,2.75553744828512,0.0938337842221692,0.0938337842221677
13.625,2.75347157000009,2.7534715700001,0.0937634352681579,0.0937634352681564
13.6375,2.75140724054291,2.75140724054291,0.0936931390560815,0.0936931390560799
13.65,2.74934445875236,2.74934445875237,0.0936228955463981,0.0936228955463967
13.6625,2.74728322346815,2.74728322346816,0.0935527046995961,0.0935527046995946
13.675,2.74522353353082,2.74522353353083,0.0934825664761929,0.0934825664761914
13.6875,2.74316538778181,2.74316538778182,0.0934124808367358,0.0934124808367344
13.7,2.74110878506339,2.7411087850634,0.0933424477418016,0.0933424477418002
13.7125,2.73905372421874,2.73905372421875,0.0932724671519968,0.0932724671519954
13.725,2.73700020409189,2.73700020409189,0.0932025390279573,0.0932025390279558
13.7375,2.73494822352772,2.73494822352772,0.0931326633303484,0.0931326633303468
13.75,2.73289778137199,2.732897781372,0.0930628400198651,0.0930628400198635
13.7625,2.73084887647134,2.73084887647135,0.0929930690572317,0.0929930690572301
13.775,2.72880150767326,2.72880150767327,0.0929233504032022,0.0929233504032005
13.7875,2.7267556738261,2.7267556738261,0.0928536840185597,0.0928536840185579
13.8,2.72471137377907,2.72471137377908,0.0927840698641168,0.0927840698641151
13.8125,2.72266860638227,2.72266860638227,0.0927145079007157,0.092714507900714
13.825,2.72062737048662,2.72062737048663,0.0926449980892278,0.092644998089226
13.8375,2.71858766494395,2.71858766494395,0.0925755403905538,0.092575540390552
13.85,2.7165494886069,2.71654948860691,0.0925061347656237,0.0925061347656218
13.8625,2.71451284032902,2.71451284032903,0.0924367811753967,0.0924367811753948
13.875,2.71247771896468,2.71247771896469,0.0923674795808617,0.0923674795808598
13.8875,2.71044412336913,2.71044412336914,0.0922982299430362,0.0922982299430344
13.9,2.70841205239847,2.70841205239848,0.0922290322229676,0.0922290322229658
13.9125,2.70638150490966,2.70638150490967,0.0921598863817319,0.0921598863817302
13.925,2.70435247976052,2.70435247976053,0.0920907923804349,0.0920907923804332
13.9375,2.70232497580972,2.70232497580973,0.0920217501802112,0.0920217501802093
13.95,2.7002989919168,2.7002989919168,0.0919527597422242,0.0919527597422223
13.9625,2.69827452694212,2.69827452694213,0.091883821027667,0.0918838210276651
13.975,2.69625157974694,2.69625157974694,0.0918149339977616,0.0918149339977597
13.9875,2.69423014919334,2.69423014919335,0.0917460986137589,0.091746098613757
14,2.69221023414427,2.69221023414428,0.0916773148369391,0.0916773148369372
14.0125,2.69019183346353,2.69019183346354,0.0916085826286115,0.0916085826286095
14.025,2.68817494601577,2.68817494601577,0.0915399019501139,0.0915399019501119
14.0375,2.68615957066648,2.68615957066649,0.0914712727628135,0.0914712727628115
14.05,2.68414570628203,2.68414570628203,0.0914026950281065,0.0914026950281045
14.0625,2.6821333517296,2.68213335172961,0.0913341687074178,0.0913341687074158
14.075,2.68012250587726,2.68012250587726,0.0912656937622014,0.0912656937621995
14.0875,2.67811316759389,2.6781131675939,0.0911972701539403,0.0911972701539383
14.1,2.67610533574926,2.67610533574926,0.091128897844146,0.091128897844144
14.1125,2.67409900921394,2.67409900921395,0.0910605767943592,0.0910605767943571
14.125,2.67209418685939,2.6720941868594,0.0909923069661491,0.090992306966147
14.1375,2.67009086755789,2.6700908675579,0.0909240883211143,0.0909240883211121
14.15,2.66808905018257,2.66808905018258,0.0908559208208813,0.0908559208208792
14.1625,2.66608873360742,2.66608873360742,0.0907878044271063,0.0907878044271041
14.175,2.66408991670724,2.66408991670725,0.0907197391014736,0.0907197391014715
14.1875,2.66209259835772,2.66209259835772,0.0906517248056965,0.0906517248056945
14.2,2.66009677743535,2.66009677743536,0.0905837615015171,0.0905837615015151
14.2125,2.65810245281749,2.6581024528175,0.0905158491507059,0.0905158491507038
14.225,2.65610962338233,2.65610962338233,0.0904479877150622,0.0904479877150602
14.2375,2.6541182880089,2.65411828800891,0.090380177156414,0.090380177156412
14.25,2.65212844557708,2.65212844557709,0.0903124174366178,0.0903124174366159
14.2625,2.65014009496758,2.65014009496758,0.0902447085175588,0.0902447085175569
14.275,2.64815323506195,2.64815323506196,0.0901770503611508,0.0901770503611489
14.2875,2.64616786474259,2.6461678647426,0.0901094429293359,0.090109442929334
14.3,2.64418398289272,2.64418398289273,0.090041886184085,0.0900418861840832
14.3125,2.64220158839641,2.64220158839642,0.0899743800873974,0.0899743800873958
14.325,2.64022068013857,2.64022068013857,0.0899069246013011,0.0899069246012995
14.3375,2.63824125700492,2.63824125700493,0.0898395196878523,0.0898395196878507
14.35,2.63626331788206,2.63626331788206,0.0897721653091357,0.089772165309134
14.3625,2.63428686165737,2.63428686165738,0.0897048614272644,0.0897048614272627
14.375,2.63231188721912,2.63231188721913,0.0896376080043801,0.0896376080043784
14.3875,2.63033839345638,2.63033839345638,0.0895704050026526,0.0895704050026509
14.4,2.62836637925905,2.62836637925905,0.0895032523842803,0.0895032523842786
14.4125,2.62639584351787,2.62639584351788,0.0894361501114898,0.0894361501114881
14.425,2.62442678512443,2.62442678512444,0.0893690981465361,0.0893690981465344
14.4375,2.62245920297113,2.62245920297113,0.0893020964517024,0.0893020964517007
14.45,2.62049309595119,2.6204930959512,0.0892351449893003,0.0892351449892987
14.4625,2.61852846295869,2.6185284629587,0.0891682437216697,0.0891682437216681
14.475,2.61656530288852,2.61656530288853,0.0891013926111785,0.0891013926111769
14.4875,2.61460361463641,2.61460361463641,0.089034591620223,0.0890345916202215
14.5,2.61264339709889,2.6126433970989,0.0889678407112277,0.0889678407112261
14.5125,2.61068464917336,2.61068464917336,0.0889011398466451,0.0889011398466435
14.525,2.608727369758,2.60872736975801,0.088834488988956,0.0888344889889544
14.5375,2.60677155775187,2.60677155775187,0.0887678881006692,0.0887678881006677
14.55,2.6048172120548,2.60481721205481,0.0887013371443219,0.0887013371443204
14.5625,2.60286433156748,2.60286433156749,0.0886348360824792,0.0886348360824776
14.575,2.60091291519142,2.60091291519143,0.088568384877734,0.0885683848777325
14.5875,2.59896296182894,2.59896296182895,0.0885019834927077,0.0885019834927061
14.6,2.5970144703832,2.5970144703832,0.0884356318900494,0.0884356318900478
14.6125,2.59506743975816,2.59506743975817,0.0883693300324365,0.0883693300324348
14.625,2.59312186885863,2.59312186885864,0.088303077882574,0.0883030778825722
14.6375,2.59117775659022,2.59117775659022,0.0882368754031951,0.0882368754031933
14.65,2.58923510185936,2.58923510185937,0.0881707225570611,0.0881707225570591
14.6625,2.58729390357332,2.58729390357332,0.0881046193069607,0.0881046193069587
14.675,2.58535416064016,2.58535416064017,0.088038565615711,0.088038565615709
14.6875,2.58341587196879,2.5834158719688,0.0879725614461569,0.0879725614461547
14.7,2.58147903646891,2.58147903646892,0.0879066067611706,0.0879066067611686
14.7125,2.57954365305107,2.57954365305107,0.087840701523653,0.0878407015236511
14.725,2.57760972062659,2.5776097206266,0.0877748456965323,0.0877748456965305
14.7375,2.57567723810765,2.57567723810766,0.087709039242765,0.087709039242763
14.75,2.57374620440722,2.57374620440723,0.0876432821253342,0.0876432821253323
14.7625,2.5718166184391,2.57181661843911,0.0875775743072521,0.0875775743072501
14.775,2.5698884791179,2.56988847911791,0.0875119157515578,0.0875119157515558
14.7875,2.56796178535904,2.56796178535904,0.0874463064213183,0.0874463064213164
14.8,2.56603653607875,2.56603653607875,0.0873807462796286,0.0873807462796267
14.8125,2.56411273019407,2.56411273019408,0.0873152352896111,0.0873152352896091
14.825,2.56219036662288,2.56219036662288,0.0872497734144157,0.0872497734144136
14.8375,2.56026944428383,2.56026944428384,0.0871843606172201,0.0871843606172179
14.85,2.55834996209641,2.55834996209642,0.0871189968612295,0.0871189968612274
14.8625,2.55643191898092,2.55643191898092,0.0870536821096772,0.087053682109675
14.875,2.55451531385844,2.55451531385845,0.0869884163258233,0.086988416325821
14.8875,2.5526001456509,2.55260014565091,0.0869231994729557,0.0869231994729535
14.9,2.55068641328101,2.55068641328101,0.0868580315143902,0.086858031514388
14.9125,2.54877411567229,2.54877411567229,0.0867929124134696,0.0867929124134675
14.925,2.54686325174908,2.54686325174908,0.0867278421335646,0.0867278421335625
14.9375,2.54495382043651,2.54495382043652,0.086662820638073,0.0866628206380711
14.95,2.54304582066054,2.54304582066054,0.0865978478904204,0.0865978478904185
14.9625,2.5411392513479,2.54113925134791,0.0865329238540594,0.0865329238540576
14.975,2.53923411142617,2.53923411142617,0.0864680484924704,0.0864680484924687
14.9875,2.53733039982369,2.53733039982369,0.0864032217691611,0.0864032217691593
15,2.53542811546962,2.53542811546963,0.0863384436476663,0.0863384436476645
15.0125,2.53352725729394,2.53352725729394,0.0862737140915484,0.0862737140915465
15.025,2.5316278242274,2.53162782422741,0.0862090330643967,0.086209033064395
15.0375,2.52972981520159,2.52972981520159,0.0861444005298286,0.0861444005298268
15.05,2.52783322914886,2.52783322914886,0.0860798164514882,0.0860798164514862
15.0625,2.52593806500239,2.52593806500239,0.0860152807930465,0.0860152807930446
15.075,2.52404432169614,2.52404432169615,0.0859507935182025,0.0859507935182007
15.0875,2.5221519981649,2.5221519981649,0.0858863545906824,0.0858863545906804
15.1,2.52026109334422,2.52026109334422,0.085821963974239,0.0858219639742369
15.1125,2.51837160617047,2.51837160617048,0.0857576216326522,0.0857576216326504
15.125,2.51648353558082,2.51648353558082,0.0856933275297303,0.0856933275297283
15.1375,2.51459688051322,2.51459688051322,0.0856290816293071,0.0856290816293051
15.15,2.51271163990643,2.51271163990644,0.0855648838952448,0.0855648838952427
15.1625,2.51082781270001,2.51082781270001,0.0855007342914318,0.0855007342914297
15.175,2.5089453978343,2.5089453978343,0.0854366327817843,0.085436632781782
15.1875,2.50706439425044,2.50706439425044,0.0853725793302448,0.0853725793302425
15.2,2.50518480089036,2.50518480089037,0.0853085739007834,0.0853085739007811
15.2125,2.50330661669681,2.50330661669682,0.085244616457397,0.0852446164573948
15.225,2.50142984061329,2.5014298406133,0.0851807069641097,0.0851807069641075
15.2375,2.49955447158413,2.49955447158413,0.0851168453849724,0.0851168453849701
15.25,2.49768050855442,2.49768050855442,0.0850530316840626,0.0850530316840605
15.2625,2.49580795047006,2.49580795047006,0.0849892658254855,0.0849892658254835
15.275,2.49393679627774,2.49393679627774,0.0849255477733726,0.0849255477733707
15.2875,2.49206704492493,2.49206704492494,0.0848618774918826,0.0848618774918807
15.3,2.4901986953599,2.49019869535991,0.0847982549452009,0.0847982549451991
15.3125,2.48833174653171,2.48833174653171,0.0847346800975399,0.0847346800975382
15.325,2.48646619739019,2.48646619739019,0.0846711529131386,0.084671152913137
15.3375,2.48460204688596,2.48460204688597,0.0846076733562632,0.0846076733562616
15.35,2.48273929397046,2.48273929397046,0.0845442413912065,0.0845442413912047
15.3625,2.48087793759587,2.48087793759588,0.0844808569822875,0.0844808569822858
15.375,2.47901797671519,2.4790179767152,0.0844175200938528,0.0844175200938511
15.3875,2.47715941028219,2.47715941028219,0.0843542306902755,0.0843542306902738
15.4,2.47530223725142,2.47530223725142,0.0842909887359552,0.0842909887359534
15.4125,2.47344645657822,2.47344645657823,0.0842277941953182,0.0842277941953164
15.425,2.47159206721872,2.47159206721873,0.0841646470328177,0.0841646470328159
15.4375,2.46973906812983,2.46973906812983,0.0841015472129333,0.0841015472129315
15.45,2.46788745826922,2.46788745826923,0.0840384947001715,0.0840384947001697
15.4625,2.46603723659538,2.46603723659538,0.0839754894590651,0.0839754894590634
15.475,2.46418840206754,2.46418840206755,0.0839125314541738,0.0839125314541721
15.4875,2.46234095364575,2.46234095364575,0.0838496206500837,0.0838496206500819
15.5,2.4604948902908,2.46049489029081,0.0837867570114073,0.0837867570114056
15.5125,2.4586502109643,2.45865021096431,0.0837239405027839,0.0837239405027823
15.525,2.45680691462861,2.45680691462862,0.0836611710888792,0.0836611710888777
15.5375,2.45496500024687,2.45496500024688,0.0835984487343853,0.0835984487343841
15.55,2.45312446678301,2.45312446678302,0.0835357734040212,0.0835357734040201
15.5625,2.45128531320173,2.45128531320173,0.083473145062532,0.0834731450625309
15.575,2.4494475384685,2.4494475384685,0.083410563674689,0.0834105636746879
15.5875,2.44761114154957,2.44761114154958,0.0833480292052902,0.0833480292052892
15.6,2.44577612141198,2.44577612141198,0.0832855416191601,0.0832855416191592
15.6125,2.44394247702352,2.44394247702352,0.0832231008811494,0.0832231008811485
15.625,2.44211020735276,2.44211020735277,0.0831607069561351,0.0831607069561342
15.6375,2.44027931136906,2.44027931136907,0.0830983598090206,0.0830983598090198
15.65,2.43844978804254,2.43844978804255,0.0830360594047357,0.083036059404735
15.6625,2.43662163634409,2.4366216363441,0.0829738057082365,0.0829738057082357
15.675,2.43479485524538,2.43479485524538,0.0829115986845051,0.0829115986845044
15.6875,2.43296944371883,2.43296944371884,0.0828494382985503,0.0828494382985496
15.7,2.43114540073766,2.43114540073767,0.0827873245154067,0.0827873245154059
15.7125,2.42932272527585,2.42932272527585,0.0827252573001353,0.0827252573001345
15.725,2.42750141630813,2.42750141630813,0.0826632366178233,0.0826632366178224
15.7375,2.42568147281002,2.42568147281002,0.082601262433584,0.0826012624335832
15.75,2.4238628937578,2.42386289375781,0.0825393347125572,0.0825393347125563
15.7625,2.42204567812852,2.42204567812853,0.082477453419908,0.0824774534199073
15.775,2.42022982490001,2.42022982490001,0.0824156185208286,0.082415618520828
15.7875,2.41841533305083,2.41841533305084,0.0823538299805369,0.0823538299805363
15.8,2.41660220156034,2.41660220156035,0.0822920877642767,0.0822920877642762
15.8125,2.41479042940865,2.41479042940866,0.082230391837318,0.0822303918373176
15.825,2.41298001557665,2.41298001557665,0.0821687421649569,0.0821687421649566
15.8375,2.41117095904596,2.41117095904597,0.0821071387125156,0.0821071387125152
15.85,2.40936325879901,2.40936325879901,0.0820455814453419,0.0820455814453415
15.8625,2.40755691381895,2.40755691381895,0.08198407032881,0.0819840703288095
15.875,2.40575192308972,2.40575192308972,0.0819226053283198,0.0819226053283193
15.8875,2.40394828559601,2.40394828559601,0.0818611864092971,0.0818611864092967
15.9,2.40214600032327,2.40214600032327,0.081799813537194,0.0817998135371936
15.9125,2.40034506625772,2.40034506625772,0.0817384866774883,0.0817384866774878
15.925,2.39854548238633,2.39854548238634,0.0816772057956834,0.0816772057956829
15.9375,2.39674724769684,2.39674724769685,0.0816159708573089,0.0816159708573084
15.95,2.39495036117774,2.39495036117775,0.0815547818279202,0.0815547818279197
15.9625,2.39315482181829,2.39315482181829,0.0814936386730984,0.0814936386730979
15.975,2.39136062860848,2.39136062860849,0.0814325413584505,0.08143254135845
15.9875,2.38956778053909,2.3895677805391,0.0813714898496095,0.0813714898496088
16,2.38777627660164,2.38777627660164,0.0813104841122335,0.0813104841122327
16.0125,2.38598611578841,2.38598611578841,0.0812495241120071,0.0812495241120061
16.025,2.38419729709243,2.38419729709243,0.0811886098146399,0.081188609814639
16.0375,2.38240981950749,2.3824098195075,0.081127741185868,0.081127741185867
16.05,2.38062368202814,2.38062368202814,0.0810669181914529,0.0810669181914516
16.0625,2.37883888364967,2.37883888364968,0.081006140797181,0.0810061407971798
16.075,2.37705542336814,2.37705542336815,0.0809454089688655,0.0809454089688643
16.0875,2.37527330018035,2.37527330018035,0.0808847226723447,0.0808847226723435
16.1,2.37349251308385,2.37349251308385,0.0808240818734826,0.0808240818734814
16.1125,2.37171306107695,2.37171306107695,0.0807634865381687,0.0807634865381675
16.125,2.36993494315871,2.36993494315872,0.0807029366323179,0.0807029366323168
16.1375,2.36815815832894,2.36815815832894,0.0806424321218714,0.0806424321218701
16.15,2.36638270558819,2.3663827055882,0.0805819729727948,0.0805819729727936
16.1625,2.36460858393778,2.36460858393779,0.0805215591510803,0.0805215591510791
16.175,2.36283579237976,2.36283579237977,0.0804611906227449,0.0804611906227437
16.1875,2.36106432991694,2.36106432991695,0.0804008673538312,0.0804008673538301
16.2,2.35929419555286,2.35929419555287,0.0803405893104076,0.0803405893104066
16.2125,2.35752538829184,2.35752538829184,0.0802803564585676,0.0802803564585666
16.225,2.3557579071389,2.3557579071389,0.0802201687644302,0.0802201687644293
16.2375,2.35399175109985,2.35399175109985,0.0801600261941401,0.080160026194139
16.25,2.35222691918122,2.35222691918122,0.0800999287138668,0.0800999287138656
16.2625,2.3504634103903,2.3504634103903,0.0800398762898054,0.0800398762898042
16.275,2.3487012237351,2.34870122373511,0.0799798688881766,0.0799798688881753
16.2875,2.34694035822441,2.34694035822441,0.0799199064752261,0.0799199064752247
16.3,2.34518081286773,2.34518081286773,0.079859989017225,0.0798599890172237
16.3125,2.34342258667531,2.34342258667532,0.0798001164804699,0.0798001164804686
16.325,2.34166567865817,2.34166567865817,0.0797402888312824,0.0797402888312811
16.3375,2.33991008782803,2.33991008782803,0.0796805060360094,0.0796805060360082
16.35,2.33815581319738,2.33815581319738,0.0796207680610233,0.079620768061022
16.3625,2.33640285377943,2.33640285377944,0.0795610748727213,0.07956107487272
16.375,2.33465120858815,2.33465120858816,0.079501426437526,0.0795014264375247
16.3875,2.33290087663824,2.33290087663824,0.0794418227218853,0.0794418227218838
16.4,2.33115185694513,2.33115185694513,0.0793822636922718,0.0793822636922703
16.4125,2.329404148525,2.32940414852501,0.0793227493151838,0.0793227493151823
16.425,2.32765775039477,2.32765775039477,0.0792632795571445,0.0792632795571428
16.4375,2.32591266157208,2.32591266157209,0.0792038543847019,0.0792038543847002
16.45,2.32416888107533,2.32416888107533,0.0791444737644295,0.0791444737644277
16.4625,2.32242640792363,2.32242640792364,0.0790851376629255,0.0790851376629238
16.475,2.32068524113685,2.32068524113686,0.0790258460468137,0.079025846046812
16.4875,2.31894537973558,2.31894537973559,0.0789665988827424,0.0789665988827406
16.5,2.31720682274115,2.31720682274115,0.0789073961373848,0.0789073961373832
16.5125,2.31546956917561,2.31546956917562,0.0788482377774397,0.0788482377774382
16.525,2.31373361806177,2.31373361806178,0.0787891237696306,0.078789123769629
16.5375,2.31199896842315,2.31199896842316,0.0787300540807056,0.078730054080704
16.55,2.31026561928401,2.31026561928402,0.0786710286774381,0.0786710286774365
16.5625,2.30853356966934,2.30853356966935,0.0786120475266264,0.0786120475266247
16.575,2.30680281860487,2.30680281860488,0.0785531105950933,0.0785531105950917
16.5875,2.30507336511704,2.30507336511705,0.0784942178496872,0.0784942178496855
16.6,2.30334520823304,2.30334520823305,0.0784353692572807,0.078435369257279
16.6125,2.30161834698079,2.30161834698079,0.0783765647847713,0.0783765647847697
16.625,2.29989278038891,2.29989278038891,0.0783178043990819,0.0783178043990801
16.6375,2.29816850748678,2.29816850748678,0.0782590880671592,0.0782590880671576
16.65,2.2964455273045,2.2964455273045,0.0782004157559758,0.0782004157559742
16.6625,2.29472383887289,2.29472383887289,0.0781417874325284,0.0781417874325267
16.675,2.29300344122349,2.2930034412235,0.0780832030638385,0.0780832030638367
16.6875,2.2912843333886,2.2912843333886,0.0780246626169523,0.0780246626169505
16.7,2.2895665144012,2.2895665144012,0.0779661660589409,0.0779661660589391
16.7125,2.28784998329502,2.28784998329503,0.0779077133568998,0.0779077133568981
16.725,2.28613473910453,2.28613473910453,0.0778493044779496,0.0778493044779479
16.7375,2.28442078086488,2.28442078086488,0.0777909393892353,0.0777909393892336
16.75,2.28270810761198,2.28270810761199,0.0777326180579265,0.0777326180579248
16.7625,2.28099671838246,2.28099671838246,0.0776743404512173,0.0776743404512156
16.775,2.27928661221364,2.27928661221365,0.0776161065363266,0.077616106536325
16.7875,2.27757778814361,2.27757778814362,0.0775579162804979,0.0775579162804963
16.8,2.27587024521114,2.27587024521115,0.0774997696509993,0.0774997696509976
16.8125,2.27416398245575,2.27416398245575,0.0774416666151231,0.0774416666151214
16.825,2.27245899891766,2.27245899891766,0.0773836071401864,0.0773836071401847
16.8375,2.27075529363781,2.27075529363781,0.0773255911935308,0.0773255911935291
16.85,2.26905286565787,2.26905286565788,0.0772676187425223,0.0772676187425205
16.8625,2.26735171402024,2.26735171402024,0.0772096897545513,0.0772096897545495
16.875,2.265651837768,2.265651837768,0.0771518041970328,0.0771518041970311
16.8875,2.26395323594498,2.26395323594498,0.0770939620374062,0.0770939620374045
16.9,2.26225590759571,2.26225590759572,0.0770361632431352,0.0770361632431336
16.9125,2.26055985176545,2.26055985176546,0.0769784077817083,0.0769784077817066
16.925,2.25886506750017,2.25886506750018,0.0769206956206377,0.076920695620636
16.9375,2.25717155384655,2.25717155384656,0.0768630267274604,0.0768630267274587
16.95,2.25547930985199,2.25547930985199,0.0768054010697375,0.0768054010697359
16.9625,2.2537883345646,2.2537883345646,0.0767478186150549,0.0767478186150533
16.975,2.2520986270332,2.25209862703321,0.0766902793310222,0.0766902793310207
16.9875,2.25041018630734,2.25041018630735,0.0766327831852738,0.0766327831852722
17,2.24872301143728,2.24872301143728,0.0765753301454679,0.0765753301454663
17.0125,2.24703710147396,2.24703710147397,0.0765179201792871,0.0765179201792856
17.025,2.24535245546908,2.24535245546908,0.0764605532544386,0.076460553254437
17.0375,2.24366907247501,2.24366907247501,0.0764032293386533,0.0764032293386517
17.05,2.24198695154485,2.24198695154485,0.0763459483996866,0.0763459483996849
17.0625,2.24030609173241,2.24030609173241,0.0762887104053178,0.076288710405316
17.075,2.23862649209221,2.23862649209221,0.0762315153233506,0.0762315153233488
17.0875,2.23694815167946,2.23694815167947,0.0761743631216128,0.0761743631216109
17.1,2.23527106955012,2.23527106955012,0.0761172537679563,0.0761172537679543
17.1125,2.2335952447608,2.23359524476081,0.0760601872302569,0.076060187230255
17.125,2.23192067636888,2.23192067636888,0.0760031634764148,0.076003163476413
17.1375,2.23024736343239,2.23024736343239,0.0759461824743542,0.0759461824743525
17.15,2.2285753050101,2.2285753050101,0.0758892441920231,0.0758892441920215
17.1625,2.22690450016148,2.22690450016148,0.0758323485973941,0.0758323485973925
17.175,2.2252349479467,2.2252349479467,0.0757754956584632,0.0757754956584615
17.1875,2.22356664742664,2.22356664742664,0.0757186853432506,0.0757186853432489
17.2,2.22189959766287,2.22189959766287,0.0756619176198005,0.0756619176197987
17.2125,2.22023379771769,2.22023379771769,0.0756051924561809,0.0756051924561792
17.225,2.21856924665407,2.21856924665408,0.0755485098204843,0.0755485098204825
17.2375,2.21690594353572,2.21690594353572,0.0754918696808263,0.0754918696808245
17.25,2.21524388742702,2.21524388742702,0.0754352720053469,0.0754352720053452
17.2625,2.21358307739306,2.21358307739306,0.07537871676221,0.0753787167622084
17.275,2.21192351249964,2.21192351249965,0.0753222039196034,0.0753222039196017
17.2875,2.21026519181326,2.21026519181326,0.0752657334457385,0.0752657334457368
17.3,2.2086081144011,2.20860811440111,0.0752093053088506,0.0752093053088489
17.3125,2.20695227933107,2.20695227933107,0.0751529194771989,0.0751529194771972
17.325,2.20529768567175,2.20529768567176,0.0750965759190665,0.0750965759190647
17.3375,2.20364433249244,2.20364433249245,0.07504027460276,0.0750402746027582
17.35,2.20199221886313,2.20199221886313,0.0749840154966099,0.074984015496608
17.3625,2.20034134385449,2.2003413438545,0.0749277985689704,0.0749277985689686
17.375,2.19869170653792,2.19869170653793,0.0748716237882196,0.0748716237882179
17.3875,2.1970433059855,2.1970433059855,0.0748154911227592,0.0748154911227575
17.4,2.19539614126999,2.19539614126999,0.0747594005410144,0.0747594005410128
17.4125,2.19375021146486,2.19375021146487,0.0747033520114345,0.0747033520114329
17.425,2.19210551564429,2.1921055156443,0.0746473455024921,0.0746473455024905
17.4375,2.19046205288313,2.19046205288314,0.0745913809826835,0.0745913809826819
17.45,2.18881982225693,2.18881982225694,0.0745354584205287,0.0745354584205271
17.4625,2.18717882284194,2.18717882284195,0.0744795777845712,0.0744795777845695
17.475,2.1855390537151,2.1855390537151,0.0744237390433782,0.0744237390433765
17.4875,2.18390051395403,2.18390051395403,0.0743679421655402,0.0743679421655386
17.5,2.18226320263706,2.18226320263706,0.0743121871196718,0.0743121871196702
17.5125,2.18062711884319,2.1806271188432,0.0742564738744106,0.074256473874409
17.525,2.17899226165214,2.17899226165214,0.074200802398418,0.0742008023984163
17.5375,2.17735863014429,2.1773586301443,0.0741451726603785,0.0741451726603769
17.55,2.17572622340073,2.17572622340074,0.0740895846290008,0.074089584628999
17.5625,2.17409504050323,2.17409504050324,0.0740340382730162,0.0740340382730145
17.575,2.17246508053425,2.17246508053425,0.0739785335611802,0.0739785335611785
17.5875,2.17083634257693,2.17083634257693,0.0739230704622713,0.0739230704622695
17.6,2.16920882571511,2.16920882571511,0.0738676489450915,0.0738676489450897
17.6125,2.16758252903331,2.16758252903331,0.0738122689784661,0.0738122689784643
17.625,2.16595745161674,2.16595745161675,0.0737569305312439,0.0737569305312421
17.6375,2.1643335925513,2.1643335925513,0.0737016335722971,0.0737016335722953
17.65,2.16271095092356,2.16271095092356,0.0736463780705213,0.0736463780705194
17.6625,2.16108952582078,2.16108952582078,0.0735911639948349,0.073591163994833
17.675,2.15946931633092,2.15946931633092,0.0735359913141803,0.0735359913141784
17.6875,2.15785032154261,2.15785032154261,0.0734808599975229,0.0734808599975208
17.7,2.15623254054516,2.15623254054516,0.0734257700138509,0.0734257700138488
17.7125,2.15461597242857,2.15461597242857,0.0733707213321766,0.0733707213321745
17.725,2.15300061628352,2.15300061628353,0.0733157139215349,0.0733157139215328
17.7375,2.15138647120138,2.15138647120138,0.0732607477509843,0.0732607477509822
17.75,2.14977353627418,2.14977353627419,0.0732058227896062,0.0732058227896041
17.7625,2.14816181059466,2.14816181059466,0.0731509390065052,0.0731509390065032
17.775,2.14655129325621,2.14655129325621,0.0730960963708095,0.0730960963708074
17.7875,2.14494198335291,2.14494198335292,0.07304129485167,0.0730412948516678
17.8,2.14333387997954,2.14333387997955,0.0729865344182606,0.0729865344182585
17.8125,2.14172698223154,2.14172698223154,0.0729318150397788,0.0729318150397767
17.825,2.14012128920502,2.14012128920502,0.072877136685445,0.0728771366854428
17.8375,2.13851679999678,2.13851679999678,0.0728224993245024,0.0728224993245002
17.85,2.13691351370429,2.1369135137043,0.0727679029262175,0.0727679029262154
17.8625,2.13531142942572,2.13531142942572,0.0727133474598801,0.0727133474598779
17.875,2.13371054625988,2.13371054625988,0.0726588328948025,0.0726588328948003
17.8875,2.13211086330627,2.13211086330628,0.0726043592003202,0.0726043592003181
17.9,2.13051237966509,2.13051237966509,0.0725499263457918,0.0725499263457898
17.9125,2.12891509443717,2.12891509443718,0.0724955343005989,0.072495534300597
17.925,2.12731900672405,2.12731900672406,0.0724411830341462,0.0724411830341442
17.9375,2.12572411562793,2.12572411562794,0.0723868725158609,0.0723868725158588
17.95,2.12413042025168,2.12413042025169,0.072332602715193,0.072332602715191
17.9625,2.12253791969885,2.12253791969885,0.0722783736016161,0.0722783736016142
17.975,2.12094661307365,2.12094661307365,0.0722241851446265,0.0722241851446245
17.9875,2.11935649948098,2.11935649948098,0.0721700373137426,0.0721700373137408
18,2.1177675780264,2.1177675780264,0.0721159300785069,0.0721159300785049
18.0125,2.11617984781613,2.11617984781613,0.0720618634084836,0.0720618634084817
18.025,2.11459330795708,2.11459330795709,0.0720078372732605,0.0720078372732585
18.0375,2.11300795755683,2.11300795755683,0.0719538516424478,0.0719538516424457
18.05,2.11142379572361,2.11142379572361,0.0718999064856785,0.0718999064856763
18.0625,2.10984082156633,2.10984082156633,0.0718460017726083,0.0718460017726063
18.075,2.10825903419456,2.10825903419456,0.0717921374729161,0.0717921374729141
18.0875,2.10667843271856,2.10667843271856,0.0717383135563032,0.0717383135563011
18.1,2.10509901624923,2.10509901624923,0.0716845299924933,0.0716845299924914
18.1125,2.10352078389816,2.10352078389816,0.0716307867512336,0.0716307867512317
18.125,2.10194373477758,2.10194373477758,0.0715770838022933,0.0715770838022915
18.1375,2.1003678680004,2.10036786800041,0.0715234211154645,0.0715234211154628
18.15,2.09879318268021,2.09879318268021,0.0714697986605621,0.0714697986605603
18.1625,2.09721967793124,2.09721967793124,0.0714162164074232,0.0714162164074215
18.175,2.09564735286839,2.0956473528684,0.071362674325908,0.0713626743259063
18.1875,2.09407620660724,2.09407620660724,0.071309172385899,0.0713091723858973
18.2,2.092506238264,2.09250623826401,0.0712557105573012,0.0712557105572996
18.2125,2.09093744695558,2.09093744695559,0.0712022888100425,0.071202288810041
18.225,2.08936983179953,2.08936983179953,0.0711489071140733,0.0711489071140717
18.2375,2.08780339191407,2.08780339191407,0.0710955654393661,0.0710955654393646
18.25,2.08623812641806,2.08623812641807,0.0710422637559164,0.0710422637559149
18.2625,2.08467403443106,2.08467403443106,0.0709890020337418,0.0709890020337404
18.275,2.08311111507326,2.08311111507326,0.0709357802428828,0.0709357802428814
18.2875,2.08154936746552,2.08154936746552,0.0708825983534021,0.0708825983534007
18.3,2.07998879072934,2.07998879072935,0.0708294563353848,0.0708294563353834
18.3125,2.07842938398692,2.07842938398692,0.0707763541589385,0.0707763541589372
18.325,2.07687114636108,2.07687114636109,0.0707232917941934,0.0707232917941921
18.3375,2.07531407697532,2.07531407697532,0.0706702692113017,0.0706702692113005
18.35,2.07375817495378,2.07375817495378,0.0706172863804383,0.0706172863804372
18.3625,2.07220343942127,2.07220343942127,0.0705643432718003,0.0705643432717993
18.375,2.07064986950324,2.07064986950325,0.0705114398556075,0.0705114398556063
18.3875,2.06909746432583,2.06909746432583,0.0704585761021013,0.0704585761021002
18.4,2.06754622301579,2.06754622301579,0.0704057519815461,0.0704057519815449
18.4125,2.06599614470056,2.06599614470056,0.0703529674642283,0.0703529674642271
18.425,2.06444722850821,2.06444722850821,0.0703002225204564,0.0703002225204552
18.4375,2.06289947356748,2.06289947356748,0.0702475171205615,0.0702475171205604
18.45,2.06135287900776,2.06135287900776,0.0701948512348971,0.0701948512348958
18.4625,2.05980744395909,2.05980744395909,0.0701422248338382,0.0701422248338369
18.475,2.05826316755216,2.05826316755216,0.0700896378877827,0.0700896378877813
18.4875,2.05672004891832,2.05672004891832,0.0700370903671503,0.0700370903671489
18.5,2.05517808718956,2.05517808718956,0.0699845822423831,0.0699845822423816
18.5125,2.05363728149853,2.05363728149853,0.0699321134839452,0.0699321134839437
18.525,2.05209763097852,2.05209763097852,0.0698796840623231,0.0698796840623215
18.5375,2.05055913476348,2.05055913476348,0.0698272939480249,0.0698272939480234
18.55,2.04902179198801,2.04902179198801,0.0697749431115816,0.06977494311158
18.5625,2.04748560178736,2.04748560178736,0.0697226315235455,0.069722631523544
18.575,2.0459505632974,2.04595056329741,0.0696703591544915,0.0696703591544899
18.5875,2.0444166756547,2.0444166756547,0.0696181259750163,0.0696181259750148
18.6,2.04288393799643,2.04288393799643,0.069565931955739,0.0695659319557374
18.6125,2.04135234946042,2.04135234946042,0.0695137770673001,0.0695137770672985
18.625,2.03982190918517,2.03982190918517,0.0694616612803626,0.0694616612803611
18.6375,2.03829261630979,2.0382926163098,0.0694095845656115,0.0694095845656099
18.65,2.03676446997407,2.03676446997407,0.0693575468937536,0.0693575468937519
18.6625,2.03523746931841,2.03523746931842,0.0693055482355176,0.0693055482355159
18.675,2.03371161348389,2.03371161348389,0.0692535885616542,0.0692535885616526
18.6875,2.0321869016122,2.0321869016122,0.0692016678429362,0.0692016678429346
18.7,2.03066333284569,2.0306633328457,0.0691497860501582,0.0691497860501567
18.7125,2.02914090632737,2.02914090632737,0.0690979431541367,0.0690979431541352
18.725,2.02761962120085,2.02761962120086,0.0690461391257099,0.0690461391257085
18.7375,2.02609947661043,2.02609947661043,0.0689943739357385,0.068994373935737
18.75,2.02458047170102,2.02458047170102,0.0689426475551043,0.0689426475551026
18.7625,2.02306260561817,2.02306260561818,0.068890959954711,0.0688909599547093
18.775,2.0215458775081,2.0215458775081,0.0688393111054846,0.0688393111054828
18.7875,2.02003028651763,2.02003028651763,0.0687877009783723,0.0687877009783705
18.8,2.01851583179425,2.01851583179426,0.0687361295443438,0.0687361295443419
18.8125,2.01700251248609,2.01700251248609,0.0686845967743898,0.068684596774388
18.825,2.01549032774188,2.01549032774189,0.0686331026395234,0.0686331026395216
18.8375,2.01397927671104,2.01397927671105,0.0685816471107791,0.0685816471107772
18.85,2.0124693585436,2.0124693585436,0.068530230159213,0.0685302301592111
18.8625,2.01096057239023,2.01096057239023,0.0684788517559032,0.0684788517559013
18.875,2.00945291740222,2.00945291740223,0.0684275118719495,0.0684275118719474
18.8875,2.00794639273154,2.00794639273155,0.0683762104784728,0.0683762104784708
18.9,2.00644099753076,2.00644099753076,0.0683249475466165,0.0683249475466143
18.9125,2.00493673095309,2.00493673095309,0.0682737230475447,0.0682737230475427
18.925,2.00343359215239,2.00343359215239,0.068222536952444,0.068222536952442
18.9375,2.00193158028313,2.00193158028313,0.0681713892325222,0.0681713892325202
18.95,2.00043069450044,2.00043069450044,0.0681202798590085,0.0681202798590066
18.9625,1.99893093396007,1.99893093396007,0.0680692088031541,0.0680692088031523
18.975,1.9974322978184,1.9974322978184,0.0680181760362314,0.0680181760362297
18.9875,1.99593478523245,1.99593478523245,0.0679671815295347,0.0679671815295329
19,1.99443839535987,1.99443839535988,0.0679162252543793,0.0679162252543775
19.0125,1.99294312735895,1.99294312735895,0.0678653071821023,0.0678653071821006
19.025,1.99144898038858,1.99144898038858,0.0678144272840625,0.0678144272840608
19.0375,1.98995595360831,1.98995595360832,0.0677635855316399,0.0677635855316381
19.05,1.98846404617833,1.98846404617833,0.067712781896236,0.0677127818962341
19.0625,1.98697325725942,1.98697325725942,0.0676620163492735,0.0676620163492716
19.075,1.98548358601302,1.98548358601302,0.067611288862197,0.0676112888621952
19.0875,1.98399503160119,1.98399503160119,0.0675605994064724,0.0675605994064705
19.1,1.98250759318662,1.98250759318662,0.0675099479535867,0.0675099479535848
19.1125,1.98102126993262,1.98102126993262,0.0674593344750485,0.0674593344750466
19.125,1.97953606100314,1.97953606100314,0.0674087589423878,0.0674087589423857
19.1375,1.97805196556274,1.97805196556275,0.0673582213271556,0.0673582213271536
19.15,1.97656898277663,1.97656898277663,0.0673077216009248,0.0673077216009228
19.1625,1.97508711181062,1.97508711181063,0.0672572597352892,0.0672572597352871
19.175,1.97360635183117,1.97360635183117,0.0672068357018639,0.0672068357018618
19.1875,1.97212670200534,1.97212670200534,0.0671564494722855,0.0671564494722833
19.2,1.97064816150083,1.97064816150083,0.0671061010182115,0.0671061010182095
19.2125,1.96917072948596,1.96917072948597,0.0670557903113212,0.0670557903113192
19.225,1.96769440512969,1.96769440512969,0.0670055173233148,0.0670055173233128
19.2375,1.96621918760156,1.96621918760157,0.0669552820259136,0.0669552820259116
19.25,1.96474507607178,1.96474507607179,0.0669050843908604,0.0669050843908583
19.2625,1.96327206971116,1.96327206971116,0.0668549243899188,0.0668549243899168
19.275,1.96180016769113,1.96180016769113,0.0668048019948741,0.066804801994872
19.2875,1.96032936918375,1.96032936918375,0.0667547171775322,0.06675471717753
19.3,1.95885967336169,1.95885967336169,0.0667046699097204,0.0667046699097183
19.3125,1.95739107939824,1.95739107939824,0.0666546601632871,0.0666546601632851
19.325,1.95592358646733,1.95592358646733,0.0666046879101019,0.0666046879101
19.3375,1.95445719374349,1.95445719374349,0.0665547531220556,0.0665547531220537
19.35,1.95299190040187,1.95299190040187,0.0665048557710595,0.0665048557710577
19.3625,1.95152770561825,1.95152770561825,0.0664549958290465,0.0664549958290448
19.375,1.95006460856901,1.95006460856901,0.0664051732679706,0.0664051732679689
19.3875,1.94860260843116,1.94860260843117,0.0663553880598062,0.0663553880598047
19.4,1.94714170438234,1.94714170438234,0.0663056401765496,0.066305640176548
19.4125,1.94568189560077,1.94568189560078,0.0662559295902171,0.0662559295902156
19.425,1.94422318126533,1.94422318126533,0.066206256272847,0.0662062562728454
19.4375,1.94276556055547,1.94276556055547,0.0661566201964976,0.0661566201964961
19.45,1.94130903265129,1.94130903265129,0.0661070213332488,0.0661070213332474
19.4625,1.9398535967335,1.9398535967335,0.0660574596552013,0.0660574596551999
19.475,1.9383992519834,1.9383992519834,0.0660079351344767,0.0660079351344753
19.4875,1.93694599758293,1.93694599758294,0.0659584477432173,0.0659584477432159
19.5,1.93549383271464,1.93549383271464,0.0659089974535865,0.065908997453585
19.5125,1.93404275656168,1.93404275656168,0.0658595842377684,0.065859584237767
19.525,1.93259276830783,1.93259276830783,0.0658102080679685,0.0658102080679669
19.5375,1.93114386713745,1.93114386713745,0.0657608689164121,0.0657608689164105
19.55,1.92969605223555,1.92969605223555,0.0657115667553463,0.0657115667553446
19.5625,1.92824932278773,1.92824932278774,0.0656623015570385,0.0656623015570368
19.575,1.92680367798021,1.92680367798021,0.0656130732937771,0.0656130732937753
19.5875,1.92535911699981,1.92535911699981,0.065563881937871,0.0655638819378693
19.6,1.92391563903396,1.92391563903396,0.0655147274616504,0.0655147274616486
19.6125,1.92247324327071,1.92247324327071,0.0654656098374656,0.0654656098374638
19.625,1.9210319288987,1.92103192889871,0.0654165290376883,0.0654165290376863
19.6375,1.91959169510721,1.91959169510721,0.06536748503471,0.0653674850347081
19.65,1.9181525410861,1.9181525410861,0.0653184778009439,0.0653184778009419
19.6625,1.91671446602584,1.91671446602584,0.0652695073088232,0.0652695073088213
19.675,1.91527746911752,1.91527746911752,0.0652205735308022,0.0652205735308002
19.6875,1.91384154955283,1.91384154955283,0.0651716764393555,0.0651716764393534
19.7,1.91240670652406,1.91240670652406,0.0651228160069784,0.0651228160069764
19.7125,1.91097293922411,1.91097293922411,0.0650739922061872,0.0650739922061851
19.725,1.90954024684649,1.9095402468465,0.0650252050095179,0.0650252050095161
19.7375,1.90810862858531,1.90810862858532,0.0649764543895282,0.0649764543895266
19.75,1.90667808363529,1.90667808363529,0.0649277403187961,0.0649277403187945
19.7625,1.90524861119173,1.90524861119174,0.0648790627699195,0.064879062769918
19.775,1.90382021045057,1.90382021045058,0.0648304217155175,0.064830421715516
19.7875,1.90239288060833,1.90239288060834,0.0647818171282293,0.0647818171282279
19.8,1.90096662086214,1.90096662086214,0.0647332489807152,0.0647332489807137
19.8125,1.89954143040972,1.89954143040972,0.0646847172456552,0.0646847172456537
19.825,1.8981173084494,1.8981173084494,0.0646362218957503,0.0646362218957489
19.8375,1.89669425418012,1.89669425418012,0.0645877629037219,0.0645877629037206
19.85,1.89527226680141,1.89527226680141,0.0645393402423119,0.0645393402423107
19.8625,1.89385134551339,1.8938513455134,0.0644909538842827,0.0644909538842813
19.875,1.89243148951681,1.89243148951682,0.0644426038024165,0.0644426038024152
19.8875,1.891012698013,1.891012698013,0.0643942899695168,0.0643942899695154
19.9,1.88959497020387,1.88959497020387,0.0643460123584068,0.0643460123584055
19.9125,1.88817830529197,1.88817830529197,0.0642977709419305,0.0642977709419292
19.925,1.88676270248041,1.88676270248041,0.0642495656929521,0.0642495656929507
19.9375,1.88534816097292,1.88534816097292,0.0642013965843562,0.0642013965843547
19.95,1.88393467997382,1.88393467997382,0.0641532635890473,0.0641532635890459
19.9625,1.88252225868803,1.88252225868803,0.064105166679951,0.0641051666799495
19.975,1.88111089632106,1.88111089632106,0.0640571058300126,0.0640571058300112
19.9875,1.87970059207902,1.87970059207902,0.0640090810121977,0.0640090810121965
20,1.87829134516861,1.87829134516861,0.0639610921994927,0.0639610921994916
