caseLabel,featureMode,variant,K,J,nPC,tapDelays,readoutCoefficients,valNRMSE,testNRMSE,R2true,lambdaBest,lockedIndex
K+0_J0,linear_features,Budget65,0,0,4,0;1;2;3;4;5;6;7;8;9;10;12;15,53,0.358510930373033,0.385734206841913,0.851209121672041,0.000464158883361278,1
K+0_J0,linear_features,Budget129,0,0,9,0;1;2;3;4;5;6;7;8;9;10;12;15,118,0.335542774935612,0.349222456882873,0.87804367560869,0.000464158883361278,1
K+0_J0,linear_features,Budget257,0,0,19,0;1;2;3;4;5;6;7;8;9;10;12;15,248,0.300073881604313,0.306569460608544,0.906015165822186,0.00464158883361278,1
K+0_J0,linear_features,Budget351,0,0,26,0;1;2;3;4;5;6;7;8;9;10;12;15,339,0.296176169526929,0.304225087668292,0.90744709603322,0.01,1
K+0_J0,linear_features,Budget513,0,0,39,0;1;2;3;4;5;6;7;8;9;10;12;15,508,0.295634152772199,0.299400323244792,0.910359446440914,0.0464158883361278,1
K+0_J0,linear_features,Budget1025,0,0,78,0;1;2;3;4;5;6;7;8;9;10;12;15,1015,0.294803283749453,0.298040787223799,0.911171689151018,21.5443469003188,1
K+0_J0,linear_features,Budget2049,0,0,157,0;1;2;3;4;5;6;7;8;9;10;12;15,2042,0.295655914213965,0.299422709144248,0.910346041248719,1000,1
K+0_J0,number_features,Budget65,0,0,4,0;1;2;3;4;5;6;7;8;9;10;12;15,53,0.350573931995371,0.380167073803037,0.855472995996036,1e-06,1
K+0_J0,number_features,Budget129,0,0,9,0;1;2;3;4;5;6;7;8;9;10;12;15,118,0.324133338472107,0.353089132753749,0.875328064331206,4.64158883361278e-05,1
K+0_J0,number_features,Budget257,0,0,19,0;1;2;3;4;5;6;7;8;9;10;12;15,248,0.305973309599165,0.310417029832276,0.903641267590108,0.0001,1
K+0_J0,number_features,Budget351,0,0,26,0;1;2;3;4;5;6;7;8;9;10;12;15,339,0.300544700439744,0.30556131785549,0.906632281030416,0.000464158883361278,1
K+0_J0,number_features,Budget513,0,0,39,0;1;2;3;4;5;6;7;8;9;10;12;15,508,0.296710645521417,0.302122776657727,0.908721827824625,0.0001,1
K+0_J0,number_features,Budget1025,0,0,78,0;1;2;3;4;5;6;7;8;9;10;12;15,1015,0.295842687191879,0.299080647672116,0.910550766188028,4.64158883361278,1
K+0_J0,number_features,Budget2049,0,0,157,0;1;2;3;4;5;6;7;8;9;10;12;15,2042,0.295084323792785,0.295402518066392,0.912737352320035,464.158883361278,1
K+0_J0.65,linear_features,Budget65,0,0.65,4,0;1;2;3;4;5;6;7;8;9;10;12;15,53,0.356509884545267,0.384874666933287,0.851871490752992,0.000464158883361278,1
K+0_J0.65,linear_features,Budget129,0,0.65,9,0;1;2;3;4;5;6;7;8;9;10;12;15,118,0.334686793437916,0.362896714096474,0.868305974897982,0.001,1
K+0_J0.65,linear_features,Budget257,0,0.65,19,0;1;2;3;4;5;6;7;8;9;10;12;15,248,0.275862718770866,0.298625570050686,0.910822768911903,1e-06,1
K+0_J0.65,linear_features,Budget351,0,0.65,26,0;1;2;3;4;5;6;7;8;9;10;12;15,339,0.263371989674893,0.280925483509733,0.921080872714823,0.0001,1
K+0_J0.65,linear_features,Budget513,0,0.65,39,0;1;2;3;4;5;6;7;8;9;10;12;15,508,0.252647449843628,0.266824380713606,0.928804749856801,0.0001,1
K+0_J0.65,linear_features,Budget1025,0,0.65,78,0;1;2;3;4;5;6;7;8;9;10;12;15,1015,0.249997609794707,0.264649896006851,0.929960432543563,2.15443469003188,1
K+0_J0.65,linear_features,Budget2049,0,0.65,157,0;1;2;3;4;5;6;7;8;9;10;12;15,2042,0.253101113205209,0.263363747684968,0.930639536405328,21.5443469003188,1
K+0_J0.65,number_features,Budget65,0,0.65,4,0;1;2;3;4;5;6;7;8;9;10;12;15,53,0.362700497318891,0.385794252903261,0.851162794426815,1e-06,1
K+0_J0.65,number_features,Budget129,0,0.65,9,0;1;2;3;4;5;6;7;8;9;10;12;15,118,0.358841544516618,0.378008871545174,0.857109293033144,0.01,1
K+0_J0.65,number_features,Budget257,0,0.65,19,0;1;2;3;4;5;6;7;8;9;10;12;15,248,0.337281063752777,0.349834711535985,0.877615674604534,0.00215443469003188,1
K+0_J0.65,number_features,Budget351,0,0.65,26,0;1;2;3;4;5;6;7;8;9;10;12;15,339,0.319520653884117,0.331877308708826,0.889857451964186,0.001,1
K+0_J0.65,number_features,Budget513,0,0.65,39,0;1;2;3;4;5;6;7;8;9;10;12;15,508,0.280291818788792,0.296422920788088,0.912133452031459,0.000215443469003188,1
K+0_J0.65,number_features,Budget1025,0,0.65,78,0;1;2;3;4;5;6;7;8;9;10;12;15,1015,0.252502493771041,0.258159466166375,0.933353690028692,2.15443469003189e-06,1
K+0_J0.65,number_features,Budget2049,0,0.65,157,0;1;2;3;4;5;6;7;8;9;10;12;15,2042,0.251083661947446,0.258583754227431,0.933134442049647,100,1
K+0_J0,linear_features,Budget65,0,0,4,0;1;2;3;4;5;6;7;8;9;10;12;15,53,0.382130107609797,0.376191108519783,0.858480249870657,0.000464158883361278,2
K+0_J0,linear_features,Budget129,0,0,9,0;1;2;3;4;5;6;7;8;9;10;12;15,118,0.364131385232927,0.366070101890481,0.865992680501893,0.000464158883361278,2
K+0_J0,linear_features,Budget257,0,0,19,0;1;2;3;4;5;6;7;8;9;10;12;15,248,0.317719483516671,0.322766412072747,0.895821843237686,0.00464158883361278,2
K+0_J0,linear_features,Budget351,0,0,26,0;1;2;3;4;5;6;7;8;9;10;12;15,339,0.31515176009826,0.318767341293739,0.898387382124521,0.01,2
K+0_J0,linear_features,Budget513,0,0,39,0;1;2;3;4;5;6;7;8;9;10;12;15,508,0.308952153024585,0.314349678401014,0.901184279689179,0.0464158883361278,2
K+0_J0,linear_features,Budget1025,0,0,78,0;1;2;3;4;5;6;7;8;9;10;12;15,1015,0.307420822998173,0.310080232955626,0.903850249130185,21.5443469003188,2
K+0_J0,linear_features,Budget2049,0,0,157,0;1;2;3;4;5;6;7;8;9;10;12;15,2042,0.311626687404847,0.310480781880119,0.90360168408311,1000,2
K+0_J0,number_features,Budget65,0,0,4,0;1;2;3;4;5;6;7;8;9;10;12;15,53,0.380272906301678,0.370853892217036,0.862467390627475,1e-06,2
K+0_J0,number_features,Budget129,0,0,9,0;1;2;3;4;5;6;7;8;9;10;12;15,118,0.342914458017704,0.33463598647901,0.88801875655322,4.64158883361278e-05,2
K+0_J0,number_features,Budget257,0,0,19,0;1;2;3;4;5;6;7;8;9;10;12;15,248,0.315703663629822,0.321264838867971,0.896788903307137,0.0001,2
K+0_J0,number_features,Budget351,0,0,26,0;1;2;3;4;5;6;7;8;9;10;12;15,339,0.317161599069955,0.315723669410671,0.900318564573861,0.000464158883361278,2
K+0_J0,number_features,Budget513,0,0,39,0;1;2;3;4;5;6;7;8;9;10;12;15,508,0.313206938154279,0.316681283578304,0.899712964631198,0.0001,2
K+0_J0,number_features,Budget1025,0,0,78,0;1;2;3;4;5;6;7;8;9;10;12;15,1015,0.310176374671059,0.314492256431252,0.90109462064478,4.64158883361278,2
K+0_J0,number_features,Budget2049,0,0,157,0;1;2;3;4;5;6;7;8;9;10;12;15,2042,0.308431237650701,0.313641713647941,0.901628875459983,464.158883361278,2
K+0_J0.65,linear_features,Budget65,0,0.65,4,0;1;2;3;4;5;6;7;8;9;10;12;15,53,0.367315804526414,0.372403229657826,0.86131583454042,0.000464158883361278,2
K+0_J0.65,linear_features,Budget129,0,0.65,9,0;1;2;3;4;5;6;7;8;9;10;12;15,118,0.342004000541312,0.345206904563883,0.880832193041422,0.001,2
K+0_J0.65,linear_features,Budget257,0,0.65,19,0;1;2;3;4;5;6;7;8;9;10;12;15,248,0.278848975415836,0.289756280456719,0.916041297935888,1e-06,2
K+0_J0.65,linear_features,Budget351,0,0.65,26,0;1;2;3;4;5;6;7;8;9;10;12;15,339,0.270294738336343,0.278831498745989,0.922252995307066,0.0001,2
K+0_J0.65,linear_features,Budget513,0,0.65,39,0;1;2;3;4;5;6;7;8;9;10;12;15,508,0.264495864171171,0.273334198835443,0.925288415746987,0.0001,2
K+0_J0.65,linear_features,Budget1025,0,0.65,78,0;1;2;3;4;5;6;7;8;9;10;12;15,1015,0.262189668005107,0.267179057138417,0.928615351426627,2.15443469003188,2
K+0_J0.65,linear_features,Budget2049,0,0.65,157,0;1;2;3;4;5;6;7;8;9;10;12;15,2042,0.263399785176369,0.267175792543827,0.928617095878578,21.5443469003188,2
K+0_J0.65,number_features,Budget65,0,0.65,4,0;1;2;3;4;5;6;7;8;9;10;12;15,53,0.403537513443169,0.409299371109296,0.832474024809535,1e-06,2
K+0_J0.65,number_features,Budget129,0,0.65,9,0;1;2;3;4;5;6;7;8;9;10;12;15,118,0.36244643634455,0.367593895821462,0.8648747277548,0.01,2
K+0_J0.65,number_features,Budget257,0,0.65,19,0;1;2;3;4;5;6;7;8;9;10;12;15,248,0.334798525063242,0.334409374824738,0.888170370029328,0.00215443469003188,2
K+0_J0.65,number_features,Budget351,0,0.65,26,0;1;2;3;4;5;6;7;8;9;10;12;15,339,0.321708901071519,0.318997908810657,0.898240334174428,0.001,2
K+0_J0.65,number_features,Budget513,0,0.65,39,0;1;2;3;4;5;6;7;8;9;10;12;15,508,0.291670096658778,0.299567626174489,0.910259237348182,0.000215443469003188,2
K+0_J0.65,number_features,Budget1025,0,0.65,78,0;1;2;3;4;5;6;7;8;9;10;12;15,1015,0.269446464722992,0.264137368590663,0.930231450514,2.15443469003189e-06,2
K+0_J0.65,number_features,Budget2049,0,0.65,157,0;1;2;3;4;5;6;7;8;9;10;12;15,2042,0.265839852683742,0.262960029351888,0.930852022963254,100,2
K+0_J0,linear_features,Budget65,0,0,4,0;1;2;3;4;5;6;7;8;9;10;12;15,53,0.365971314476723,0.364613094091286,0.867057291617179,0.000464158883361278,3
K+0_J0,linear_features,Budget129,0,0,9,0;1;2;3;4;5;6;7;8;9;10;12;15,118,0.35223725353607,0.328854195297623,0.891854918235153,0.000464158883361278,3
K+0_J0,linear_features,Budget257,0,0,19,0;1;2;3;4;5;6;7;8;9;10;12;15,248,0.305161427519869,0.294189558826434,0.913452503477508,0.00464158883361278,3
K+0_J0,linear_features,Budget351,0,0,26,0;1;2;3;4;5;6;7;8;9;10;12;15,339,0.302035644916594,0.290139568448639,0.915819030820437,0.01,3
K+0_J0,linear_features,Budget513,0,0,39,0;1;2;3;4;5;6;7;8;9;10;12;15,508,0.30011122873619,0.285102295565155,0.918716681063479,0.0464158883361278,3
K+0_J0,linear_features,Budget1025,0,0,78,0;1;2;3;4;5;6;7;8;9;10;12;15,1015,0.301989711519855,0.284271516736205,0.919189704772497,21.5443469003188,3
K+0_J0,linear_features,Budget2049,0,0,157,0;1;2;3;4;5;6;7;8;9;10;12;15,2042,0.309023652926152,0.28294126601313,0.919944239986887,1000,3
K+0_J0,number_features,Budget65,0,0,4,0;1;2;3;4;5;6;7;8;9;10;12;15,53,0.359491608898927,0.35967168401079,0.870636279720843,1e-06,3
K+0_J0,number_features,Budget129,0,0,9,0;1;2;3;4;5;6;7;8;9;10;12;15,118,0.339266550607687,0.343898656646852,0.881733713956491,4.64158883361278e-05,3
K+0_J0,number_features,Budget257,0,0,19,0;1;2;3;4;5;6;7;8;9;10;12;15,248,0.312848735400788,0.296050700777238,0.912353982569306,0.0001,3
K+0_J0,number_features,Budget351,0,0,26,0;1;2;3;4;5;6;7;8;9;10;12;15,339,0.310070341904744,0.291695100639232,0.914913968263068,0.000464158883361278,3
K+0_J0,number_features,Budget513,0,0,39,0;1;2;3;4;5;6;7;8;9;10;12;15,508,0.30946096238501,0.284075764610584,0.919300959960912,0.0001,3
K+0_J0,number_features,Budget1025,0,0,78,0;1;2;3;4;5;6;7;8;9;10;12;15,1015,0.309116087475261,0.283840460663178,0.919434592890515,4.64158883361278,3
K+0_J0,number_features,Budget2049,0,0,157,0;1;2;3;4;5;6;7;8;9;10;12;15,2042,0.311647170700947,0.282272044407693,0.920322492945901,464.158883361278,3
K+0_J0.65,linear_features,Budget65,0,0.65,4,0;1;2;3;4;5;6;7;8;9;10;12;15,53,0.365525824412782,0.369247174740524,0.863656523946141,0.000464158883361278,3
K+0_J0.65,linear_features,Budget129,0,0.65,9,0;1;2;3;4;5;6;7;8;9;10;12;15,118,0.351350656475499,0.351534962872528,0.87642316987821,0.001,3
K+0_J0.65,linear_features,Budget257,0,0.65,19,0;1;2;3;4;5;6;7;8;9;10;12;15,248,0.289081835505997,0.283675877444433,0.919527996556131,1e-06,3
K+0_J0.65,linear_features,Budget351,0,0.65,26,0;1;2;3;4;5;6;7;8;9;10;12;15,339,0.27350592576247,0.267109735665557,0.928652389112676,0.0001,3
K+0_J0.65,linear_features,Budget513,0,0.65,39,0;1;2;3;4;5;6;7;8;9;10;12;15,508,0.258522947407743,0.249235220267937,0.937881804977993,0.0001,3
K+0_J0.65,linear_features,Budget1025,0,0.65,78,0;1;2;3;4;5;6;7;8;9;10;12;15,1015,0.258031528111038,0.247932135141087,0.938529656364382,2.15443469003188,3
K+0_J0.65,linear_features,Budget2049,0,0.65,157,0;1;2;3;4;5;6;7;8;9;10;12;15,2042,0.263503349763512,0.250199668091331,0.937400126086988,21.5443469003188,3
K+0_J0.65,number_features,Budget65,0,0.65,4,0;1;2;3;4;5;6;7;8;9;10;12;15,53,0.376585745649722,0.382331949091242,0.853822280704092,1e-06,3
K+0_J0.65,number_features,Budget129,0,0.65,9,0;1;2;3;4;5;6;7;8;9;10;12;15,118,0.360188018180503,0.357728314141503,0.872030453261478,0.01,3
K+0_J0.65,number_features,Budget257,0,0.65,19,0;1;2;3;4;5;6;7;8;9;10;12;15,248,0.338630050482729,0.336126541487738,0.887018948107492,0.00215443469003188,3
K+0_J0.65,number_features,Budget351,0,0.65,26,0;1;2;3;4;5;6;7;8;9;10;12;15,339,0.322353260814437,0.30989333278904,0.903966122292901,0.001,3
K+0_J0.65,number_features,Budget513,0,0.65,39,0;1;2;3;4;5;6;7;8;9;10;12;15,508,0.289941373683558,0.280765353764556,0.921170816125464,0.000215443469003188,3
K+0_J0.65,number_features,Budget1025,0,0.65,78,0;1;2;3;4;5;6;7;8;9;10;12;15,1015,0.260326599691723,0.244493316417096,0.94022301822737,2.15443469003189e-06,3
K+0_J0.65,number_features,Budget2049,0,0.65,157,0;1;2;3;4;5;6;7;8;9;10;12;15,2042,0.257820792406954,0.242314927720946,0.941283475803593,100,3
K+0_J0,linear_features,Budget65,0,0,4,0;1;2;3;4;5;6;7;8;9;10;12;15,53,0.387021413959736,0.36903957920122,0.863809788982987,0.000464158883361278,4
K+0_J0,linear_features,Budget129,0,0,9,0;1;2;3;4;5;6;7;8;9;10;12;15,118,0.358865467828875,0.347066435440626,0.879544889390538,0.000464158883361278,4
K+0_J0,linear_features,Budget257,0,0,19,0;1;2;3;4;5;6;7;8;9;10;12;15,248,0.315629633396373,0.296623537952469,0.91201447673256,0.00464158883361278,4
K+0_J0,linear_features,Budget351,0,0,26,0;1;2;3;4;5;6;7;8;9;10;12;15,339,0.314821619002149,0.289625274635743,0.916117200292171,0.01,4
K+0_J0,linear_features,Budget513,0,0,39,0;1;2;3;4;5;6;7;8;9;10;12;15,508,0.312387476174242,0.287543777778463,0.91731857586089,0.0464158883361278,4
K+0_J0,linear_features,Budget1025,0,0,78,0;1;2;3;4;5;6;7;8;9;10;12;15,1015,0.310824669030668,0.288756836175809,0.916619489561737,21.5443469003188,4
K+0_J0,linear_features,Budget2049,0,0,157,0;1;2;3;4;5;6;7;8;9;10;12;15,2042,0.316989620053903,0.298217666304966,0.91106622350362,1000,4
K+0_J0,number_features,Budget65,0,0,4,0;1;2;3;4;5;6;7;8;9;10;12;15,53,0.381085938877069,0.362531137913735,0.868571174042972,1e-06,4
K+0_J0,number_features,Budget129,0,0,9,0;1;2;3;4;5;6;7;8;9;10;12;15,118,0.337553212112463,0.318775724049646,0.898382037756624,4.64158883361278e-05,4
K+0_J0,number_features,Budget257,0,0,19,0;1;2;3;4;5;6;7;8;9;10;12;15,248,0.325731625360237,0.303348590783681,0.907979632469555,0.0001,4
K+0_J0,number_features,Budget351,0,0,26,0;1;2;3;4;5;6;7;8;9;10;12;15,339,0.323060298360184,0.294090645009205,0.91351069251807,0.000464158883361278,4
K+0_J0,number_features,Budget513,0,0,39,0;1;2;3;4;5;6;7;8;9;10;12;15,508,0.324483444544253,0.294530698321533,0.91325166774623,0.0001,4
K+0_J0,number_features,Budget1025,0,0,78,0;1;2;3;4;5;6;7;8;9;10;12;15,1015,0.328968113922141,0.29185853330284,0.914818596538315,4.64158883361278,4
K+0_J0,number_features,Budget2049,0,0,157,0;1;2;3;4;5;6;7;8;9;10;12;15,2042,0.342420308739877,0.296235292699966,0.912244651358965,464.158883361278,4
K+0_J0.65,linear_features,Budget65,0,0.65,4,0;1;2;3;4;5;6;7;8;9;10;12;15,53,0.386469317099924,0.372216158337243,0.861455131472665,0.000464158883361278,4
K+0_J0.65,linear_features,Budget129,0,0.65,9,0;1;2;3;4;5;6;7;8;9;10;12;15,118,0.335238203997804,0.323382213519273,0.895423943979375,0.001,4
K+0_J0.65,linear_features,Budget257,0,0.65,19,0;1;2;3;4;5;6;7;8;9;10;12;15,248,0.279943034778761,0.268616090232691,0.927845396068103,1e-06,4
K+0_J0.65,linear_features,Budget351,0,0.65,26,0;1;2;3;4;5;6;7;8;9;10;12;15,339,0.269313236885929,0.253235757367176,0.935871651190673,0.0001,4
K+0_J0.65,linear_features,Budget513,0,0.65,39,0;1;2;3;4;5;6;7;8;9;10;12;15,508,0.257835409617144,0.242243558885749,0.941318058178367,0.0001,4
K+0_J0.65,linear_features,Budget1025,0,0.65,78,0;1;2;3;4;5;6;7;8;9;10;12;15,1015,0.255112641809027,0.239327465395558,0.942722364307338,2.15443469003188,4
K+0_J0.65,linear_features,Budget2049,0,0.65,157,0;1;2;3;4;5;6;7;8;9;10;12;15,2042,0.260953731731066,0.243588987067675,0.940664405379344,21.5443469003188,4
K+0_J0.65,number_features,Budget65,0,0.65,4,0;1;2;3;4;5;6;7;8;9;10;12;15,53,0.369599083327946,0.350525373725027,0.877131962374931,1e-06,4
K+0_J0.65,number_features,Budget129,0,0.65,9,0;1;2;3;4;5;6;7;8;9;10;12;15,118,0.352215234546813,0.333563944289889,0.888735095069772,0.01,4
K+0_J0.65,number_features,Budget257,0,0.65,19,0;1;2;3;4;5;6;7;8;9;10;12;15,248,0.314393405291711,0.303171567392484,0.908087000724785,0.00215443469003188,4
K+0_J0.65,number_features,Budget351,0,0.65,26,0;1;2;3;4;5;6;7;8;9;10;12;15,339,0.306231256415788,0.295723372861414,0.912547686743469,0.001,4
K+0_J0.65,number_features,Budget513,0,0.65,39,0;1;2;3;4;5;6;7;8;9;10;12;15,508,0.281250906319348,0.266571558421656,0.92893960424065,0.000215443469003188,4
K+0_J0.65,number_features,Budget1025,0,0.65,78,0;1;2;3;4;5;6;7;8;9;10;12;15,1015,0.26165193590575,0.237515531943977,0.94358637208537,2.15443469003189e-06,4
K+0_J0.65,number_features,Budget2049,0,0.65,157,0;1;2;3;4;5;6;7;8;9;10;12;15,2042,0.256542957043157,0.236692516368154,0.943976652695311,100,4
K+0_J0,linear_features,Budget65,0,0,4,0;1;2;3;4;5;6;7;8;9;10;12;15,53,0.382285126393575,0.381798047482934,0.854230250938219,0.000464158883361278,5
K+0_J0,linear_features,Budget129,0,0,9,0;1;2;3;4;5;6;7;8;9;10;12;15,118,0.319981859325774,0.33712314444923,0.886347985476664,0.000464158883361278,5
K+0_J0,linear_features,Budget257,0,0,19,0;1;2;3;4;5;6;7;8;9;10;12;15,248,0.301381142977998,0.309657535730393,0.904112210565381,0.00464158883361278,5
K+0_J0,linear_features,Budget351,0,0,26,0;1;2;3;4;5;6;7;8;9;10;12;15,339,0.301003721838007,0.306865602801358,0.905833501817359,0.01,5
K+0_J0,linear_features,Budget513,0,0,39,0;1;2;3;4;5;6;7;8;9;10;12;15,508,0.296243096767072,0.302480840893651,0.90850534089227,0.0464158883361278,5
K+0_J0,linear_features,Budget1025,0,0,78,0;1;2;3;4;5;6;7;8;9;10;12;15,1015,0.297926394601632,0.301651519747768,0.909006360633862,21.5443469003188,5
K+0_J0,linear_features,Budget2049,0,0,157,0;1;2;3;4;5;6;7;8;9;10;12;15,2042,0.303447722661213,0.306229210467805,0.906223670656265,1000,5
K+0_J0,number_features,Budget65,0,0,4,0;1;2;3;4;5;6;7;8;9;10;12;15,53,0.343854016033476,0.355826669968095,0.873387380939416,1e-06,5
K+0_J0,number_features,Budget129,0,0,9,0;1;2;3;4;5;6;7;8;9;10;12;15,118,0.317134282745545,0.326666900487496,0.893288736125892,4.64158883361278e-05,5
K+0_J0,number_features,Budget257,0,0,19,0;1;2;3;4;5;6;7;8;9;10;12;15,248,0.307422055757606,0.313619800980533,0.901642620432931,0.0001,5
K+0_J0,number_features,Budget351,0,0,26,0;1;2;3;4;5;6;7;8;9;10;12;15,339,0.307605674984301,0.309314610359924,0.904324471817889,0.000464158883361278,5
K+0_J0,number_features,Budget513,0,0,39,0;1;2;3;4;5;6;7;8;9;10;12;15,508,0.30627732746627,0.301477939826297,0.909111051798091,0.0001,5
K+0_J0,number_features,Budget1025,0,0,78,0;1;2;3;4;5;6;7;8;9;10;12;15,1015,0.304303323970054,0.298976517715804,0.910613041854532,4.64158883361278,5
K+0_J0,number_features,Budget2049,0,0,157,0;1;2;3;4;5;6;7;8;9;10;12;15,2042,0.304528721920246,0.301154512637871,0.909305959517846,464.158883361278,5
K+0_J0.65,linear_features,Budget65,0,0.65,4,0;1;2;3;4;5;6;7;8;9;10;12;15,53,0.373320754849848,0.386012002519746,0.850994733910696,0.000464158883361278,5
K+0_J0.65,linear_features,Budget129,0,0.65,9,0;1;2;3;4;5;6;7;8;9;10;12;15,118,0.343515719108481,0.35205504366217,0.876057246232028,0.001,5
K+0_J0.65,linear_features,Budget257,0,0.65,19,0;1;2;3;4;5;6;7;8;9;10;12;15,248,0.273046760043523,0.291251144262387,0.91517277096585,1e-06,5
K+0_J0.65,linear_features,Budget351,0,0.65,26,0;1;2;3;4;5;6;7;8;9;10;12;15,339,0.263577776713949,0.277376667904671,0.923062184102102,0.0001,5
K+0_J0.65,linear_features,Budget513,0,0.65,39,0;1;2;3;4;5;6;7;8;9;10;12;15,508,0.257503731809656,0.27118427559441,0.926459088670335,0.0001,5
K+0_J0.65,linear_features,Budget1025,0,0.65,78,0;1;2;3;4;5;6;7;8;9;10;12;15,1015,0.250462622088122,0.260348920891009,0.932218439390887,2.15443469003188,5
K+0_J0.65,linear_features,Budget2049,0,0.65,157,0;1;2;3;4;5;6;7;8;9;10;12;15,2042,0.25690923380623,0.259497897280711,0.93266084130689,21.5443469003188,5
K+0_J0.65,number_features,Budget65,0,0.65,4,0;1;2;3;4;5;6;7;8;9;10;12;15,53,0.410376117633606,0.423503849816506,0.820644489190599,1e-06,5
K+0_J0.65,number_features,Budget129,0,0.65,9,0;1;2;3;4;5;6;7;8;9;10;12;15,118,0.364621954414095,0.374236271051101,0.859947213429767,0.01,5
K+0_J0.65,number_features,Budget257,0,0.65,19,0;1;2;3;4;5;6;7;8;9;10;12;15,248,0.33565121235398,0.341414771335127,0.883435953914183,0.00215443469003188,5
K+0_J0.65,number_features,Budget351,0,0.65,26,0;1;2;3;4;5;6;7;8;9;10;12;15,339,0.322136510215211,0.324984619560648,0.894384997049021,0.001,5
K+0_J0.65,number_features,Budget513,0,0.65,39,0;1;2;3;4;5;6;7;8;9;10;12;15,508,0.292992640501673,0.298887654738892,0.910666169844685,0.000215443469003188,5
K+0_J0.65,number_features,Budget1025,0,0.65,78,0;1;2;3;4;5;6;7;8;9;10;12;15,1015,0.263892539734969,0.272353475733069,0.925823584256117,2.15443469003189e-06,5
K+0_J0.65,number_features,Budget2049,0,0.65,157,0;1;2;3;4;5;6;7;8;9;10;12;15,2042,0.258880670622084,0.264065890585734,0.930269205429163,100,5
K+0_J0,linear_features,Budget65,0,0,4,0;1;2;3;4;5;6;7;8;9;10;12;15,53,0.379186668680658,0.389247663229279,0.848486256670546,0.000464158883361278,6
K+0_J0,linear_features,Budget129,0,0,9,0;1;2;3;4;5;6;7;8;9;10;12;15,118,0.3654948210825,0.367100108682442,0.865237510205339,0.000464158883361278,6
K+0_J0,linear_features,Budget257,0,0,19,0;1;2;3;4;5;6;7;8;9;10;12;15,248,0.320829474416373,0.315030672637178,0.900755675297767,0.00464158883361278,6
K+0_J0,linear_features,Budget351,0,0,26,0;1;2;3;4;5;6;7;8;9;10;12;15,339,0.319926044673057,0.311648926647038,0.902874946519749,0.01,6
K+0_J0,linear_features,Budget513,0,0,39,0;1;2;3;4;5;6;7;8;9;10;12;15,508,0.320339965586019,0.311340215174107,0.903067270415341,0.0464158883361278,6
K+0_J0,linear_features,Budget1025,0,0,78,0;1;2;3;4;5;6;7;8;9;10;12;15,1015,0.317652002492712,0.309396544661018,0.904273778151823,21.5443469003188,6
K+0_J0,linear_features,Budget2049,0,0,157,0;1;2;3;4;5;6;7;8;9;10;12;15,2042,0.323826598789584,0.309366204426162,0.90429255155895,1000,6
K+0_J0,number_features,Budget65,0,0,4,0;1;2;3;4;5;6;7;8;9;10;12;15,53,0.379257648639855,0.389729065397748,0.848111255584198,1e-06,6
K+0_J0,number_features,Budget129,0,0,9,0;1;2;3;4;5;6;7;8;9;10;12;15,118,0.331119018523847,0.329984011915058,0.891110551880443,4.64158883361278e-05,6
K+0_J0,number_features,Budget257,0,0,19,0;1;2;3;4;5;6;7;8;9;10;12;15,248,0.324658803946314,0.312260290003247,0.902493511287088,0.0001,6
K+0_J0,number_features,Budget351,0,0,26,0;1;2;3;4;5;6;7;8;9;10;12;15,339,0.323932279598273,0.313065326803076,0.901990101153683,0.000464158883361278,6
K+0_J0,number_features,Budget513,0,0,39,0;1;2;3;4;5;6;7;8;9;10;12;15,508,0.321889533672659,0.30950095687423,0.904209157693936,0.0001,6
K+0_J0,number_features,Budget1025,0,0,78,0;1;2;3;4;5;6;7;8;9;10;12;15,1015,0.320857687059386,0.306624270049271,0.905981557016752,4.64158883361278,6
K+0_J0,number_features,Budget2049,0,0,157,0;1;2;3;4;5;6;7;8;9;10;12;15,2042,0.322613926631501,0.303309310285241,0.908003462294292,464.158883361278,6
K+0_J0.65,linear_features,Budget65,0,0.65,4,0;1;2;3;4;5;6;7;8;9;10;12;15,53,0.375783620392486,0.386265535946288,0.850798935740127,0.000464158883361278,6
K+0_J0.65,linear_features,Budget129,0,0.65,9,0;1;2;3;4;5;6;7;8;9;10;12;15,118,0.339161061202229,0.362604547120983,0.868517942407187,0.001,6
K+0_J0.65,linear_features,Budget257,0,0.65,19,0;1;2;3;4;5;6;7;8;9;10;12;15,248,0.285877112191897,0.309817875447094,0.904012884053449,1e-06,6
K+0_J0.65,linear_features,Budget351,0,0.65,26,0;1;2;3;4;5;6;7;8;9;10;12;15,339,0.273994584466594,0.297899734223076,0.911255748349821,0.0001,6
K+0_J0.65,linear_features,Budget513,0,0.65,39,0;1;2;3;4;5;6;7;8;9;10;12;15,508,0.26233524176346,0.287952042293631,0.917083621338927,0.0001,6
K+0_J0.65,linear_features,Budget1025,0,0.65,78,0;1;2;3;4;5;6;7;8;9;10;12;15,1015,0.259747791607127,0.281591962969051,0.920705966391236,2.15443469003188,6
K+0_J0.65,linear_features,Budget2049,0,0.65,157,0;1;2;3;4;5;6;7;8;9;10;12;15,2042,0.263418568887125,0.279653874512262,0.92179371047028,21.5443469003188,6
K+0_J0.65,number_features,Budget65,0,0.65,4,0;1;2;3;4;5;6;7;8;9;10;12;15,53,0.385500711801539,0.394473301427786,0.844390814460663,1e-06,6
K+0_J0.65,number_features,Budget129,0,0.65,9,0;1;2;3;4;5;6;7;8;9;10;12;15,118,0.365973345563606,0.379102224813521,0.856281503141439,0.01,6
K+0_J0.65,number_features,Budget257,0,0.65,19,0;1;2;3;4;5;6;7;8;9;10;12;15,248,0.338480848622514,0.362406211193754,0.868661738088188,0.00215443469003188,6
K+0_J0.65,number_features,Budget351,0,0.65,26,0;1;2;3;4;5;6;7;8;9;10;12;15,339,0.318588982841404,0.343317655010416,0.882132987758149,0.001,6
K+0_J0.65,number_features,Budget513,0,0.65,39,0;1;2;3;4;5;6;7;8;9;10;12;15,508,0.282917824767638,0.303137835993341,0.908107452389274,0.000215443469003188,6
K+0_J0.65,number_features,Budget1025,0,0.65,78,0;1;2;3;4;5;6;7;8;9;10;12;15,1015,0.261468750553081,0.271568432507178,0.926250586465594,2.15443469003189e-06,6
K+0_J0.65,number_features,Budget2049,0,0.65,157,0;1;2;3;4;5;6;7;8;9;10;12;15,2042,0.259819834466707,0.274060413255073,0.924890889886459,100,6
K+0_J0,linear_features,Budget65,0,0,4,0;1;2;3;4;5;6;7;8;9;10;12;15,53,0.392605790537286,0.367464805688462,0.864969616580341,0.000464158883361278,7
K+0_J0,linear_features,Budget129,0,0,9,0;1;2;3;4;5;6;7;8;9;10;12;15,118,0.371799014483797,0.342250683537688,0.882864469617985,0.000464158883361278,7
K+0_J0,linear_features,Budget257,0,0,19,0;1;2;3;4;5;6;7;8;9;10;12;15,248,0.326948593430845,0.303276755047428,0.908023209847902,0.00464158883361278,7
K+0_J0,linear_features,Budget351,0,0,26,0;1;2;3;4;5;6;7;8;9;10;12;15,339,0.322241561880624,0.299791936924607,0.910124794554993,0.01,7
K+0_J0,linear_features,Budget513,0,0,39,0;1;2;3;4;5;6;7;8;9;10;12;15,508,0.319376199858194,0.296894409716017,0.911853709479377,0.0464158883361278,7
K+0_J0,linear_features,Budget1025,0,0,78,0;1;2;3;4;5;6;7;8;9;10;12;15,1015,0.317301654393062,0.296595787605923,0.912030938774422,21.5443469003188,7
K+0_J0,linear_features,Budget2049,0,0,157,0;1;2;3;4;5;6;7;8;9;10;12;15,2042,0.316962628014434,0.300477002743228,0.909713570822446,1000,7
K+0_J0,number_features,Budget65,0,0,4,0;1;2;3;4;5;6;7;8;9;10;12;15,53,0.393230197448405,0.36771022517102,0.864789190304678,1e-06,7
K+0_J0,number_features,Budget129,0,0,9,0;1;2;3;4;5;6;7;8;9;10;12;15,118,0.35161986013796,0.329675649884428,0.89131396587328,4.64158883361278e-05,7
K+0_J0,number_features,Budget257,0,0,19,0;1;2;3;4;5;6;7;8;9;10;12;15,248,0.329855424097334,0.309791656095499,0.904029129813608,0.0001,7
K+0_J0,number_features,Budget351,0,0,26,0;1;2;3;4;5;6;7;8;9;10;12;15,339,0.325352634632697,0.305731494720829,0.906528253135768,0.000464158883361278,7
K+0_J0,number_features,Budget513,0,0,39,0;1;2;3;4;5;6;7;8;9;10;12;15,508,0.321029419353469,0.300044493318924,0.90997330202899,0.0001,7
K+0_J0,number_features,Budget1025,0,0,78,0;1;2;3;4;5;6;7;8;9;10;12;15,1015,0.319860528877222,0.297427007109023,0.911537175442169,4.64158883361278,7
K+0_J0,number_features,Budget2049,0,0,157,0;1;2;3;4;5;6;7;8;9;10;12;15,2042,0.319507495070901,0.297451554664852,0.911522572627463,464.158883361278,7
K+0_J0.65,linear_features,Budget65,0,0.65,4,0;1;2;3;4;5;6;7;8;9;10;12;15,53,0.376336224711346,0.355030139169703,0.873953600281141,0.000464158883361278,7
K+0_J0.65,linear_features,Budget129,0,0.65,9,0;1;2;3;4;5;6;7;8;9;10;12;15,118,0.358552408144073,0.330531443026182,0.89074896517103,0.001,7
K+0_J0.65,linear_features,Budget257,0,0.65,19,0;1;2;3;4;5;6;7;8;9;10;12;15,248,0.299221937745483,0.279016729103061,0.922149664880629,1e-06,7
K+0_J0.65,linear_features,Budget351,0,0.65,26,0;1;2;3;4;5;6;7;8;9;10;12;15,339,0.281772134879006,0.262598239634082,0.931042164541081,0.0001,7
K+0_J0.65,linear_features,Budget513,0,0.65,39,0;1;2;3;4;5;6;7;8;9;10;12;15,508,0.270886332633195,0.254070670793912,0.935448094242332,0.0001,7
K+0_J0.65,linear_features,Budget1025,0,0.65,78,0;1;2;3;4;5;6;7;8;9;10;12;15,1015,0.265616888728177,0.247832933859329,0.938578836894677,2.15443469003188,7
K+0_J0.65,linear_features,Budget2049,0,0.65,157,0;1;2;3;4;5;6;7;8;9;10;12;15,2042,0.265916291464739,0.25187154138839,0.936560726638636,21.5443469003188,7
K+0_J0.65,number_features,Budget65,0,0.65,4,0;1;2;3;4;5;6;7;8;9;10;12;15,53,0.409784590392004,0.395166115753803,0.843843740960052,1e-06,7
K+0_J0.65,number_features,Budget129,0,0.65,9,0;1;2;3;4;5;6;7;8;9;10;12;15,118,0.372887165054241,0.349461936292674,0.877876355082575,0.01,7
K+0_J0.65,number_features,Budget257,0,0.65,19,0;1;2;3;4;5;6;7;8;9;10;12;15,248,0.338196883827765,0.316843459400967,0.899610222234828,0.00215443469003188,7
K+0_J0.65,number_features,Budget351,0,0.65,26,0;1;2;3;4;5;6;7;8;9;10;12;15,339,0.315203585738325,0.29995656369077,0.910026059898825,0.001,7
K+0_J0.65,number_features,Budget513,0,0.65,39,0;1;2;3;4;5;6;7;8;9;10;12;15,508,0.288815000041932,0.274831031578504,0.924467904081495,0.000215443469003188,7
K+0_J0.65,number_features,Budget1025,0,0.65,78,0;1;2;3;4;5;6;7;8;9;10;12;15,1015,0.263345054948956,0.250057021064925,0.937471486216135,2.15443469003189e-06,7
K+0_J0.65,number_features,Budget2049,0,0.65,157,0;1;2;3;4;5;6;7;8;9;10;12;15,2042,0.261214573343643,0.246952574094072,0.939014426148312,100,7
K+0_J0,linear_features,Budget65,0,0,4,0;1;2;3;4;5;6;7;8;9;10;12;15,53,0.37481499567664,0.358784494191826,0.871273686727515,0.000464158883361278,8
K+0_J0,linear_features,Budget129,0,0,9,0;1;2;3;4;5;6;7;8;9;10;12;15,118,0.353590258331952,0.328438053950078,0.892128444717486,0.000464158883361278,8
K+0_J0,linear_features,Budget257,0,0,19,0;1;2;3;4;5;6;7;8;9;10;12;15,248,0.304030510796634,0.285787192150438,0.918325680802769,0.00464158883361278,8
K+0_J0,linear_features,Budget351,0,0,26,0;1;2;3;4;5;6;7;8;9;10;12;15,339,0.300334175410116,0.28121893618305,0.920915909932074,0.01,8
K+0_J0,linear_features,Budget513,0,0,39,0;1;2;3;4;5;6;7;8;9;10;12;15,508,0.295007368954064,0.282312682503249,0.92029954929782,0.0464158883361278,8
K+0_J0,linear_features,Budget1025,0,0,78,0;1;2;3;4;5;6;7;8;9;10;12;15,1015,0.293496176074942,0.279635171652042,0.921804170775133,21.5443469003188,8
K+0_J0,linear_features,Budget2049,0,0,157,0;1;2;3;4;5;6;7;8;9;10;12;15,2042,0.297920151761961,0.285564345184429,0.918453004759388,1000,8
K+0_J0,number_features,Budget65,0,0,4,0;1;2;3;4;5;6;7;8;9;10;12;15,53,0.371071245497439,0.355594443145266,0.873552592004208,1e-06,8
K+0_J0,number_features,Budget129,0,0,9,0;1;2;3;4;5;6;7;8;9;10;12;15,118,0.318042350332668,0.309007186739344,0.904514558543436,4.64158883361278e-05,8
K+0_J0,number_features,Budget257,0,0,19,0;1;2;3;4;5;6;7;8;9;10;12;15,248,0.301179340243458,0.296941242040029,0.911825898775725,0.0001,8
K+0_J0,number_features,Budget351,0,0,26,0;1;2;3;4;5;6;7;8;9;10;12;15,339,0.294862252971837,0.29365330357012,0.913767737302355,0.000464158883361278,8
K+0_J0,number_features,Budget513,0,0,39,0;1;2;3;4;5;6;7;8;9;10;12;15,508,0.29344050605635,0.289828000534362,0.915999730106254,0.0001,8
K+0_J0,number_features,Budget1025,0,0,78,0;1;2;3;4;5;6;7;8;9;10;12;15,1015,0.292360271896184,0.285328167153891,0.918587837028601,4.64158883361278,8
K+0_J0,number_features,Budget2049,0,0,157,0;1;2;3;4;5;6;7;8;9;10;12;15,2042,0.291983814024716,0.282936919995301,0.919946699303573,464.158883361278,8
K+0_J0.65,linear_features,Budget65,0,0.65,4,0;1;2;3;4;5;6;7;8;9;10;12;15,53,0.397214895630154,0.374644887949653,0.859641207933192,0.000464158883361278,8
K+0_J0.65,linear_features,Budget129,0,0.65,9,0;1;2;3;4;5;6;7;8;9;10;12;15,118,0.36699675006458,0.337141161890228,0.886335836959307,0.001,8
K+0_J0.65,linear_features,Budget257,0,0.65,19,0;1;2;3;4;5;6;7;8;9;10;12;15,248,0.295677699560576,0.262524106020501,0.931081093758137,1e-06,8
K+0_J0.65,linear_features,Budget351,0,0.65,26,0;1;2;3;4;5;6;7;8;9;10;12;15,339,0.271555113087668,0.245725937329087,0.939618763723741,0.0001,8
K+0_J0.65,linear_features,Budget513,0,0.65,39,0;1;2;3;4;5;6;7;8;9;10;12;15,508,0.260004323544532,0.233980991006887,0.945252895847435,0.0001,8
K+0_J0.65,linear_features,Budget1025,0,0.65,78,0;1;2;3;4;5;6;7;8;9;10;12;15,1015,0.252826645803989,0.22897640896342,0.947569804138217,2.15443469003188,8
K+0_J0.65,linear_features,Budget2049,0,0.65,157,0;1;2;3;4;5;6;7;8;9;10;12;15,2042,0.251809843293952,0.233562280514281,0.945448661120968,21.5443469003188,8
K+0_J0.65,number_features,Budget65,0,0.65,4,0;1;2;3;4;5;6;7;8;9;10;12;15,53,0.402247601287795,0.391813407967951,0.84648225333654,1e-06,8
K+0_J0.65,number_features,Budget129,0,0.65,9,0;1;2;3;4;5;6;7;8;9;10;12;15,118,0.357237138767774,0.346691237506349,0.879805185836316,0.01,8
K+0_J0.65,number_features,Budget257,0,0.65,19,0;1;2;3;4;5;6;7;8;9;10;12;15,248,0.329075913668295,0.313344808612281,0.901815030915733,0.00215443469003188,8
K+0_J0.65,number_features,Budget351,0,0.65,26,0;1;2;3;4;5;6;7;8;9;10;12;15,339,0.314202488238908,0.289731386743335,0.916055723535784,0.001,8
K+0_J0.65,number_features,Budget513,0,0.65,39,0;1;2;3;4;5;6;7;8;9;10;12;15,508,0.287555880488097,0.265107924516332,0.929717788358643,0.000215443469003188,8
K+0_J0.65,number_features,Budget1025,0,0.65,78,0;1;2;3;4;5;6;7;8;9;10;12;15,1015,0.25081768304212,0.237412302743604,0.943635398505979,2.15443469003189e-06,8
K+0_J0.65,number_features,Budget2049,0,0.65,157,0;1;2;3;4;5;6;7;8;9;10;12;15,2042,0.250163676436736,0.234481254298468,0.945018541382617,100,8
K+0_J0,linear_features,Budget65,0,0,4,0;1;2;3;4;5;6;7;8;9;10;12;15,53,0.383832276969798,0.390013464423113,0.847889497568681,0.000464158883361278,9
K+0_J0,linear_features,Budget129,0,0,9,0;1;2;3;4;5;6;7;8;9;10;12;15,118,0.336121550754771,0.347551801858964,0.879207745024587,0.000464158883361278,9
K+0_J0,linear_features,Budget257,0,0,19,0;1;2;3;4;5;6;7;8;9;10;12;15,248,0.318529870243964,0.323424697839504,0.895396464827426,0.00464158883361278,9
K+0_J0,linear_features,Budget351,0,0,26,0;1;2;3;4;5;6;7;8;9;10;12;15,339,0.317907534784623,0.315303528046776,0.900583685201256,0.01,9
K+0_J0,linear_features,Budget513,0,0,39,0;1;2;3;4;5;6;7;8;9;10;12;15,508,0.31649160475085,0.312317447918291,0.902457811725806,0.0464158883361278,9
K+0_J0,linear_features,Budget1025,0,0,78,0;1;2;3;4;5;6;7;8;9;10;12;15,1015,0.315103792798589,0.311530896494712,0.902948500529201,21.5443469003188,9
K+0_J0,linear_features,Budget2049,0,0,157,0;1;2;3;4;5;6;7;8;9;10;12;15,2042,0.316042660476497,0.314388966651088,0.901159577648061,1000,9
K+0_J0,number_features,Budget65,0,0,4,0;1;2;3;4;5;6;7;8;9;10;12;15,53,0.378283096315412,0.385741110006376,0.851203796051049,1e-06,9
K+0_J0,number_features,Budget129,0,0,9,0;1;2;3;4;5;6;7;8;9;10;12;15,118,0.345509463347831,0.35893274930136,0.871167281478967,4.64158883361278e-05,9
K+0_J0,number_features,Budget257,0,0,19,0;1;2;3;4;5;6;7;8;9;10;12;15,248,0.319435314691001,0.322265032685886,0.896145248707965,0.0001,9
K+0_J0,number_features,Budget351,0,0,26,0;1;2;3;4;5;6;7;8;9;10;12;15,339,0.319416374557966,0.320888385890425,0.897030643800638,0.000464158883361278,9
K+0_J0,number_features,Budget513,0,0,39,0;1;2;3;4;5;6;7;8;9;10;12;15,508,0.318311641074805,0.314497213269637,0.901091502845632,0.0001,9
K+0_J0,number_features,Budget1025,0,0,78,0;1;2;3;4;5;6;7;8;9;10;12;15,1015,0.315424998152835,0.313201507984315,0.901904815396351,4.64158883361278,9
K+0_J0,number_features,Budget2049,0,0,157,0;1;2;3;4;5;6;7;8;9;10;12;15,2042,0.31709370153153,0.315371918624698,0.900540552942977,464.158883361278,9
K+0_J0.65,linear_features,Budget65,0,0.65,4,0;1;2;3;4;5;6;7;8;9;10;12;15,53,0.378933263995854,0.390907321889065,0.847191465693519,0.000464158883361278,9
K+0_J0.65,linear_features,Budget129,0,0.65,9,0;1;2;3;4;5;6;7;8;9;10;12;15,118,0.353541314145162,0.362859377953516,0.868333071831187,0.001,9
K+0_J0.65,linear_features,Budget257,0,0.65,19,0;1;2;3;4;5;6;7;8;9;10;12;15,248,0.301020234889793,0.303878075993514,0.90765811493048,1e-06,9
K+0_J0.65,linear_features,Budget351,0,0.65,26,0;1;2;3;4;5;6;7;8;9;10;12;15,339,0.285300864875933,0.280617481830657,0.921253828891021,0.0001,9
K+0_J0.65,linear_features,Budget513,0,0.65,39,0;1;2;3;4;5;6;7;8;9;10;12;15,508,0.27225374669329,0.263270415328533,0.930688688412742,0.0001,9
K+0_J0.65,linear_features,Budget1025,0,0.65,78,0;1;2;3;4;5;6;7;8;9;10;12;15,1015,0.266569304829492,0.25728406885217,0.933804907914872,2.15443469003188,9
K+0_J0.65,linear_features,Budget2049,0,0.65,157,0;1;2;3;4;5;6;7;8;9;10;12;15,2042,0.269221025825213,0.259528737847383,0.932644834231344,21.5443469003188,9
K+0_J0.65,number_features,Budget65,0,0.65,4,0;1;2;3;4;5;6;7;8;9;10;12;15,53,0.372376899811992,0.384187953600551,0.852399616308221,1e-06,9
K+0_J0.65,number_features,Budget129,0,0.65,9,0;1;2;3;4;5;6;7;8;9;10;12;15,118,0.359572006652154,0.365101174784797,0.866701132170761,0.01,9
K+0_J0.65,number_features,Budget257,0,0.65,19,0;1;2;3;4;5;6;7;8;9;10;12;15,248,0.337523855390072,0.338001229389209,0.885755168931383,0.00215443469003188,9
K+0_J0.65,number_features,Budget351,0,0.65,26,0;1;2;3;4;5;6;7;8;9;10;12;15,339,0.321874209210149,0.320835067778728,0.897064859283419,0.001,9
K+0_J0.65,number_features,Budget513,0,0.65,39,0;1;2;3;4;5;6;7;8;9;10;12;15,508,0.290143992961016,0.28868834689633,0.916659038366264,0.000215443469003188,9
K+0_J0.65,number_features,Budget1025,0,0.65,78,0;1;2;3;4;5;6;7;8;9;10;12;15,1015,0.269127120985289,0.258182059204686,0.933342024304828,2.15443469003189e-06,9
K+0_J0.65,number_features,Budget2049,0,0.65,157,0;1;2;3;4;5;6;7;8;9;10;12;15,2042,0.265195042477304,0.257688977437068,0.933596390907439,100,9
K+0_J0,linear_features,Budget65,0,0,4,0;1;2;3;4;5;6;7;8;9;10;12;15,53,0.386016584066001,0.382747128524785,0.853504635606032,0.000464158883361278,10
K+0_J0,linear_features,Budget129,0,0,9,0;1;2;3;4;5;6;7;8;9;10;12;15,118,0.366393914779076,0.357042284438227,0.872520807123132,0.000464158883361278,10
K+0_J0,linear_features,Budget257,0,0,19,0;1;2;3;4;5;6;7;8;9;10;12;15,248,0.314121295650844,0.302830459462782,0.90829371282156,0.00464158883361278,10
K+0_J0,linear_features,Budget351,0,0,26,0;1;2;3;4;5;6;7;8;9;10;12;15,339,0.312304495074409,0.303372215682996,0.90796529875159,0.01,10
K+0_J0,linear_features,Budget513,0,0,39,0;1;2;3;4;5;6;7;8;9;10;12;15,508,0.311046932360746,0.299753975298487,0.910147554292754,0.0464158883361278,10
K+0_J0,linear_features,Budget1025,0,0,78,0;1;2;3;4;5;6;7;8;9;10;12;15,1015,0.311456297454976,0.301756648150175,0.908942925297172,21.5443469003188,10
K+0_J0,linear_features,Budget2049,0,0,157,0;1;2;3;4;5;6;7;8;9;10;12;15,2042,0.318816965774735,0.309838942828607,0.903999829506851,1000,10
K+0_J0,number_features,Budget65,0,0,4,0;1;2;3;4;5;6;7;8;9;10;12;15,53,0.376467410572081,0.381481273329067,0.854472038099234,1e-06,10
K+0_J0,number_features,Budget129,0,0,9,0;1;2;3;4;5;6;7;8;9;10;12;15,118,0.343888617069375,0.340157438492457,0.88429291703825,4.64158883361278e-05,10
K+0_J0,number_features,Budget257,0,0,19,0;1;2;3;4;5;6;7;8;9;10;12;15,248,0.316662328942899,0.316898968864764,0.89957504353245,0.0001,10
K+0_J0,number_features,Budget351,0,0,26,0;1;2;3;4;5;6;7;8;9;10;12;15,339,0.314818642363262,0.312789482377373,0.902162739714095,0.000464158883361278,10
K+0_J0,number_features,Budget513,0,0,39,0;1;2;3;4;5;6;7;8;9;10;12;15,508,0.314037531373098,0.306843510897448,0.905847059820128,0.0001,10
K+0_J0,number_features,Budget1025,0,0,78,0;1;2;3;4;5;6;7;8;9;10;12;15,1015,0.316388521352883,0.307302972911336,0.905564882839855,4.64158883361278,10
K+0_J0,number_features,Budget2049,0,0,157,0;1;2;3;4;5;6;7;8;9;10;12;15,2042,0.320244258907495,0.309994462429267,0.90390343326319,464.158883361278,10
K+0_J0.65,linear_features,Budget65,0,0.65,4,0;1;2;3;4;5;6;7;8;9;10;12;15,53,0.375147960586144,0.377605533227104,0.857414061276274,0.000464158883361278,10
K+0_J0.65,linear_features,Budget129,0,0.65,9,0;1;2;3;4;5;6;7;8;9;10;12;15,118,0.341979284269272,0.338576878296904,0.885365697482723,0.001,10
K+0_J0.65,linear_features,Budget257,0,0.65,19,0;1;2;3;4;5;6;7;8;9;10;12;15,248,0.286187713340579,0.290602147744128,0.9155503917265,1e-06,10
K+0_J0.65,linear_features,Budget351,0,0.65,26,0;1;2;3;4;5;6;7;8;9;10;12;15,339,0.268115351934787,0.269674787171889,0.927275509163796,0.0001,10
K+0_J0.65,linear_features,Budget513,0,0.65,39,0;1;2;3;4;5;6;7;8;9;10;12;15,508,0.26568787870422,0.265110804602151,0.9297162612832,0.0001,10
K+0_J0.65,linear_features,Budget1025,0,0.65,78,0;1;2;3;4;5;6;7;8;9;10;12;15,1015,0.261334150207089,0.259925752153671,0.932438603367348,2.15443469003188,10
K+0_J0.65,linear_features,Budget2049,0,0.65,157,0;1;2;3;4;5;6;7;8;9;10;12;15,2042,0.267638874087272,0.261065953933838,0.931844567696615,21.5443469003188,10
K+0_J0.65,number_features,Budget65,0,0.65,4,0;1;2;3;4;5;6;7;8;9;10;12;15,53,0.417094591794484,0.412728105111092,0.829655511251408,1e-06,10
K+0_J0.65,number_features,Budget129,0,0.65,9,0;1;2;3;4;5;6;7;8;9;10;12;15,118,0.382020226125999,0.382946367932964,0.853352079286951,0.01,10
K+0_J0.65,number_features,Budget257,0,0.65,19,0;1;2;3;4;5;6;7;8;9;10;12;15,248,0.343807622940114,0.337755373403052,0.885921307737365,0.00215443469003188,10
K+0_J0.65,number_features,Budget351,0,0.65,26,0;1;2;3;4;5;6;7;8;9;10;12;15,339,0.323796755641283,0.32326491658747,0.895499793703696,0.001,10
K+0_J0.65,number_features,Budget513,0,0.65,39,0;1;2;3;4;5;6;7;8;9;10;12;15,508,0.303052936187328,0.303431470909552,0.907929342461666,0.000215443469003188,10
K+0_J0.65,number_features,Budget1025,0,0.65,78,0;1;2;3;4;5;6;7;8;9;10;12;15,1015,0.271413818810185,0.267218431136917,0.928594310060725,2.15443469003189e-06,10
K+0_J0.65,number_features,Budget2049,0,0.65,157,0;1;2;3;4;5;6;7;8;9;10;12;15,2042,0.265540136669964,0.26354338981279,0.930544881685984,100,10
K+0_J0,linear_features,Budget65,0,0,4,0;1;2;3;4;5;6;7;8;9;10;12;15,53,0.379637894112519,0.376808781958814,0.858015141838715,0.000464158883361278,11
K+0_J0,linear_features,Budget129,0,0,9,0;1;2;3;4;5;6;7;8;9;10;12;15,118,0.349831624990314,0.35507915426072,0.873918794209492,0.000464158883361278,11
K+0_J0,linear_features,Budget257,0,0,19,0;1;2;3;4;5;6;7;8;9;10;12;15,248,0.311909819955895,0.324886389280248,0.894448834060443,0.00464158883361278,11
K+0_J0,linear_features,Budget351,0,0,26,0;1;2;3;4;5;6;7;8;9;10;12;15,339,0.310315814329633,0.324703809199278,0.894567436291479,0.01,11
K+0_J0,linear_features,Budget513,0,0,39,0;1;2;3;4;5;6;7;8;9;10;12;15,508,0.308388159358102,0.324713921268905,0.894560869334172,0.0464158883361278,11
K+0_J0,linear_features,Budget1025,0,0,78,0;1;2;3;4;5;6;7;8;9;10;12;15,1015,0.306075917880499,0.320806563365356,0.89708314890171,21.5443469003188,11
K+0_J0,linear_features,Budget2049,0,0,157,0;1;2;3;4;5;6;7;8;9;10;12;15,2042,0.310337625263171,0.325647039632378,0.893954005578669,1000,11
K+0_J0,number_features,Budget65,0,0,4,0;1;2;3;4;5;6;7;8;9;10;12;15,53,0.386896722674702,0.380022286920763,0.855583061443514,1e-06,11
K+0_J0,number_features,Budget129,0,0,9,0;1;2;3;4;5;6;7;8;9;10;12;15,118,0.339873260128452,0.348741690739811,0.878379233139938,4.64158883361278e-05,11
K+0_J0,number_features,Budget257,0,0,19,0;1;2;3;4;5;6;7;8;9;10;12;15,248,0.315724627617088,0.329374826605667,0.891512223598487,0.0001,11
K+0_J0,number_features,Budget351,0,0,26,0;1;2;3;4;5;6;7;8;9;10;12;15,339,0.315023027544758,0.329086466116668,0.891702097818843,0.000464158883361278,11
K+0_J0,number_features,Budget513,0,0,39,0;1;2;3;4;5;6;7;8;9;10;12;15,508,0.314271089726776,0.326814771982423,0.893192104814077,0.0001,11
K+0_J0,number_features,Budget1025,0,0,78,0;1;2;3;4;5;6;7;8;9;10;12;15,1015,0.313392752366022,0.324960122415606,0.894400918839634,4.64158883361278,11
K+0_J0,number_features,Budget2049,0,0,157,0;1;2;3;4;5;6;7;8;9;10;12;15,2042,0.310240092792889,0.323159982448109,0.895567625744138,464.158883361278,11
K+0_J0.65,linear_features,Budget65,0,0.65,4,0;1;2;3;4;5;6;7;8;9;10;12;15,53,0.376466747066265,0.378988000167587,0.856368095728973,0.000464158883361278,11
K+0_J0.65,linear_features,Budget129,0,0.65,9,0;1;2;3;4;5;6;7;8;9;10;12;15,118,0.354749446738709,0.347604061446611,0.879171416465821,0.001,11
K+0_J0.65,linear_features,Budget257,0,0.65,19,0;1;2;3;4;5;6;7;8;9;10;12;15,248,0.286647716077291,0.301683246081915,0.908987219033479,1e-06,11
K+0_J0.65,linear_features,Budget351,0,0.65,26,0;1;2;3;4;5;6;7;8;9;10;12;15,339,0.272265065709442,0.29148327613081,0.91503749973605,0.0001,11
K+0_J0.65,linear_features,Budget513,0,0.65,39,0;1;2;3;4;5;6;7;8;9;10;12;15,508,0.259997758868067,0.280279228888935,0.921443553853424,0.0001,11
K+0_J0.65,linear_features,Budget1025,0,0.65,78,0;1;2;3;4;5;6;7;8;9;10;12;15,1015,0.253357946417004,0.271546988894512,0.926262232822324,2.15443469003188,11
K+0_J0.65,linear_features,Budget2049,0,0.65,157,0;1;2;3;4;5;6;7;8;9;10;12;15,2042,0.254726297537042,0.273869346433526,0.924995581084073,21.5443469003188,11
K+0_J0.65,number_features,Budget65,0,0.65,4,0;1;2;3;4;5;6;7;8;9;10;12;15,53,0.408810971376587,0.404224918845264,0.83660221498454,1e-06,11
K+0_J0.65,number_features,Budget129,0,0.65,9,0;1;2;3;4;5;6;7;8;9;10;12;15,118,0.381085629283873,0.377319277299107,0.857630162978479,0.01,11
K+0_J0.65,number_features,Budget257,0,0.65,19,0;1;2;3;4;5;6;7;8;9;10;12;15,248,0.362405253682113,0.362535606691143,0.868567933881085,0.00215443469003188,11
K+0_J0.65,number_features,Budget351,0,0.65,26,0;1;2;3;4;5;6;7;8;9;10;12;15,339,0.333002592466688,0.341956368346492,0.883065842147278,0.001,11
K+0_J0.65,number_features,Budget513,0,0.65,39,0;1;2;3;4;5;6;7;8;9;10;12;15,508,0.299542588609989,0.308583903762231,0.904775974338862,0.000215443469003188,11
K+0_J0.65,number_features,Budget1025,0,0.65,78,0;1;2;3;4;5;6;7;8;9;10;12;15,1015,0.260158243448958,0.272252552126343,0.925878547860693,2.15443469003189e-06,11
K+0_J0.65,number_features,Budget2049,0,0.65,157,0;1;2;3;4;5;6;7;8;9;10;12;15,2042,0.257681347005148,0.271534342324376,0.926269100938469,100,11
K+0_J0,linear_features,Budget65,0,0,4,0;1;2;3;4;5;6;7;8;9;10;12;15,53,0.359649759939893,0.362218822590584,0.868797524561091,0.000464158883361278,12
K+0_J0,linear_features,Budget129,0,0,9,0;1;2;3;4;5;6;7;8;9;10;12;15,118,0.334826658716593,0.31797633573482,0.898891049912657,0.000464158883361278,12
K+0_J0,linear_features,Budget257,0,0,19,0;1;2;3;4;5;6;7;8;9;10;12;15,248,0.325183722802538,0.30066034516551,0.909603356844956,0.00464158883361278,12
K+0_J0,linear_features,Budget351,0,0,26,0;1;2;3;4;5;6;7;8;9;10;12;15,339,0.319747225613475,0.295358573068987,0.912763313314652,0.01,12
K+0_J0,linear_features,Budget513,0,0,39,0;1;2;3;4;5;6;7;8;9;10;12;15,508,0.316582289544855,0.294093841627133,0.913508812316995,0.0464158883361278,12
K+0_J0,linear_features,Budget1025,0,0,78,0;1;2;3;4;5;6;7;8;9;10;12;15,1015,0.316127027492072,0.292749139744799,0.91429794117868,21.5443469003188,12
K+0_J0,linear_features,Budget2049,0,0,157,0;1;2;3;4;5;6;7;8;9;10;12;15,2042,0.321834812941312,0.3012986417549,0.909219128476653,1000,12
K+0_J0,number_features,Budget65,0,0,4,0;1;2;3;4;5;6;7;8;9;10;12;15,53,0.366574541821614,0.353896935078138,0.8747569593423,1e-06,12
K+0_J0,number_features,Budget129,0,0,9,0;1;2;3;4;5;6;7;8;9;10;12;15,118,0.347571042651247,0.328940522705667,0.891798132522123,4.64158883361278e-05,12
K+0_J0,number_features,Budget257,0,0,19,0;1;2;3;4;5;6;7;8;9;10;12;15,248,0.328872687462821,0.308885103566993,0.904589992794408,0.0001,12
K+0_J0,number_features,Budget351,0,0,26,0;1;2;3;4;5;6;7;8;9;10;12;15,339,0.324170526547719,0.303752909384012,0.907734170040748,0.000464158883361278,12
K+0_J0,number_features,Budget513,0,0,39,0;1;2;3;4;5;6;7;8;9;10;12;15,508,0.318835712503409,0.297508012399525,0.911488982558084,0.0001,12
K+0_J0,number_features,Budget1025,0,0,78,0;1;2;3;4;5;6;7;8;9;10;12;15,1015,0.315975487524919,0.296938969441823,0.911827248426828,4.64158883361278,12
K+0_J0,number_features,Budget2049,0,0,157,0;1;2;3;4;5;6;7;8;9;10;12;15,2042,0.31816028096755,0.297220433038088,0.911660014184652,464.158883361278,12
K+0_J0.65,linear_features,Budget65,0,0.65,4,0;1;2;3;4;5;6;7;8;9;10;12;15,53,0.367048634289063,0.357399212580445,0.872265802846878,0.000464158883361278,12
K+0_J0.65,linear_features,Budget129,0,0.65,9,0;1;2;3;4;5;6;7;8;9;10;12;15,118,0.338173126157139,0.329071040255999,0.891712250464835,0.001,12
K+0_J0.65,linear_features,Budget257,0,0.65,19,0;1;2;3;4;5;6;7;8;9;10;12;15,248,0.296414855442934,0.286807281576776,0.91774158323454,1e-06,12
K+0_J0.65,linear_features,Budget351,0,0.65,26,0;1;2;3;4;5;6;7;8;9;10;12;15,339,0.271346919862983,0.259234220207514,0.932797619073402,0.0001,12
K+0_J0.65,linear_features,Budget513,0,0.65,39,0;1;2;3;4;5;6;7;8;9;10;12;15,508,0.264146508884789,0.250559606683946,0.937219883498386,0.0001,12
K+0_J0.65,linear_features,Budget1025,0,0.65,78,0;1;2;3;4;5;6;7;8;9;10;12;15,1015,0.26188894432515,0.24873821030368,0.938129302734922,2.15443469003188,12
K+0_J0.65,linear_features,Budget2049,0,0.65,157,0;1;2;3;4;5;6;7;8;9;10;12;15,2042,0.264131609133564,0.252966932854133,0.936007730882373,21.5443469003188,12
K+0_J0.65,number_features,Budget65,0,0.65,4,0;1;2;3;4;5;6;7;8;9;10;12;15,53,0.420829640796631,0.406052608059912,0.835121279487744,1e-06,12
K+0_J0.65,number_features,Budget129,0,0.65,9,0;1;2;3;4;5;6;7;8;9;10;12;15,118,0.375928802332969,0.356214004160945,0.873111583239626,0.01,12
K+0_J0.65,number_features,Budget257,0,0.65,19,0;1;2;3;4;5;6;7;8;9;10;12;15,248,0.352213935829804,0.33046936393458,0.890789999500674,0.00215443469003188,12
K+0_J0.65,number_features,Budget351,0,0.65,26,0;1;2;3;4;5;6;7;8;9;10;12;15,339,0.341251882332694,0.319318776482873,0.898035518985481,0.001,12
K+0_J0.65,number_features,Budget513,0,0.65,39,0;1;2;3;4;5;6;7;8;9;10;12;15,508,0.31263939439881,0.295975491108581,0.912398508663034,0.000215443469003188,12
K+0_J0.65,number_features,Budget1025,0,0.65,78,0;1;2;3;4;5;6;7;8;9;10;12;15,1015,0.275932346323088,0.254629639275976,0.935163746802186,2.15443469003189e-06,12
K+0_J0.65,number_features,Budget2049,0,0.65,157,0;1;2;3;4;5;6;7;8;9;10;12;15,2042,0.26862045697583,0.24993095615915,0.937534517153373,100,12
K+0_J0,linear_features,Budget65,0,0,4,0;1;2;3;4;5;6;7;8;9;10;12;15,53,0.3856074426824,0.385170755832302,0.851643488851574,0.000464158883361278,13
K+0_J0,linear_features,Budget129,0,0,9,0;1;2;3;4;5;6;7;8;9;10;12;15,118,0.335078958523877,0.330821438522379,0.890557175813983,0.000464158883361278,13
K+0_J0,linear_features,Budget257,0,0,19,0;1;2;3;4;5;6;7;8;9;10;12;15,248,0.319182258444806,0.308127148178921,0.905057660555125,0.00464158883361278,13
K+0_J0,linear_features,Budget351,0,0,26,0;1;2;3;4;5;6;7;8;9;10;12;15,339,0.320141480687365,0.307480679527256,0.905455631717457,0.01,13
K+0_J0,linear_features,Budget513,0,0,39,0;1;2;3;4;5;6;7;8;9;10;12;15,508,0.317411363056024,0.30553419123567,0.906648857985965,0.0464158883361278,13
K+0_J0,linear_features,Budget1025,0,0,78,0;1;2;3;4;5;6;7;8;9;10;12;15,1015,0.316736737372942,0.303438718744019,0.907924943966988,21.5443469003188,13
K+0_J0,linear_features,Budget2049,0,0,157,0;1;2;3;4;5;6;7;8;9;10;12;15,2042,0.322222585270343,0.304377687705498,0.907354223227054,1000,13
K+0_J0,number_features,Budget65,0,0,4,0;1;2;3;4;5;6;7;8;9;10;12;15,53,0.370099420388195,0.371279554601571,0.862151492334859,1e-06,13
K+0_J0,number_features,Budget129,0,0,9,0;1;2;3;4;5;6;7;8;9;10;12;15,118,0.340244292980831,0.327241243701997,0.89291316842037,4.64158883361278e-05,13
K+0_J0,number_features,Budget257,0,0,19,0;1;2;3;4;5;6;7;8;9;10;12;15,248,0.328726783861705,0.314522055400992,0.901075876666335,0.0001,13
K+0_J0,number_features,Budget351,0,0,26,0;1;2;3;4;5;6;7;8;9;10;12;15,339,0.32654946693458,0.314222154960948,0.901264437331698,0.000464158883361278,13
K+0_J0,number_features,Budget513,0,0,39,0;1;2;3;4;5;6;7;8;9;10;12;15,508,0.32246392155913,0.310064642891743,0.903859917228416,0.0001,13
K+0_J0,number_features,Budget1025,0,0,78,0;1;2;3;4;5;6;7;8;9;10;12;15,1015,0.32178030866521,0.308816994775662,0.904632063737728,4.64158883361278,13
K+0_J0,number_features,Budget2049,0,0,157,0;1;2;3;4;5;6;7;8;9;10;12;15,2042,0.319592485700178,0.303112851977746,0.908122598965917,464.158883361278,13
K+0_J0.65,linear_features,Budget65,0,0.65,4,0;1;2;3;4;5;6;7;8;9;10;12;15,53,0.383462773440605,0.375214994596185,0.859213707830185,0.000464158883361278,13
K+0_J0.65,linear_features,Budget129,0,0.65,9,0;1;2;3;4;5;6;7;8;9;10;12;15,118,0.359283773327095,0.345477712215993,0.880645150362003,0.001,13
K+0_J0.65,linear_features,Budget257,0,0.65,19,0;1;2;3;4;5;6;7;8;9;10;12;15,248,0.297980368803291,0.289392773209997,0.916251822813827,1e-06,13
K+0_J0.65,linear_features,Budget351,0,0.65,26,0;1;2;3;4;5;6;7;8;9;10;12;15,339,0.2779380974892,0.267223436787516,0.928591634831468,0.0001,13
K+0_J0.65,linear_features,Budget513,0,0.65,39,0;1;2;3;4;5;6;7;8;9;10;12;15,508,0.269852632659407,0.255691200750681,0.934622009858675,0.0001,13
K+0_J0.65,linear_features,Budget1025,0,0.65,78,0;1;2;3;4;5;6;7;8;9;10;12;15,1015,0.265786671766848,0.248920750618647,0.938038459911449,2.15443469003188,13
K+0_J0.65,linear_features,Budget2049,0,0.65,157,0;1;2;3;4;5;6;7;8;9;10;12;15,2042,0.272646224117322,0.254406578680432,0.935277292724117,21.5443469003188,13
K+0_J0.65,number_features,Budget65,0,0.65,4,0;1;2;3;4;5;6;7;8;9;10;12;15,53,0.405174719179398,0.393637858542114,0.845049236322379,1e-06,13
K+0_J0.65,number_features,Budget129,0,0.65,9,0;1;2;3;4;5;6;7;8;9;10;12;15,118,0.364754967703021,0.351014023021145,0.876789155642511,0.01,13
K+0_J0.65,number_features,Budget257,0,0.65,19,0;1;2;3;4;5;6;7;8;9;10;12;15,248,0.337213365694832,0.318939978834513,0.89827728990104,0.00215443469003188,13
K+0_J0.65,number_features,Budget351,0,0.65,26,0;1;2;3;4;5;6;7;8;9;10;12;15,339,0.321331798782156,0.307046475952959,0.905722461604869,0.001,13
K+0_J0.65,number_features,Budget513,0,0.65,39,0;1;2;3;4;5;6;7;8;9;10;12;15,508,0.302284739127717,0.281387815025881,0.920820897554961,0.000215443469003188,13
K+0_J0.65,number_features,Budget1025,0,0.65,78,0;1;2;3;4;5;6;7;8;9;10;12;15,1015,0.278728733025151,0.255931129296225,0.934499257057159,2.15443469003189e-06,13
K+0_J0.65,number_features,Budget2049,0,0.65,157,0;1;2;3;4;5;6;7;8;9;10;12;15,2042,0.270265840254217,0.250860122063268,0.937069199158402,100,13
K+0_J0,linear_features,Budget65,0,0,4,0;1;2;3;4;5;6;7;8;9;10;12;15,53,0.376135366972574,0.3615438592752,0.869286037820395,0.000464158883361278,14
K+0_J0,linear_features,Budget129,0,0,9,0;1;2;3;4;5;6;7;8;9;10;12;15,118,0.356625652281066,0.345585528691747,0.880570642358846,0.000464158883361278,14
K+0_J0,linear_features,Budget257,0,0,19,0;1;2;3;4;5;6;7;8;9;10;12;15,248,0.315479333017398,0.303266316085281,0.908029541528063,0.00464158883361278,14
K+0_J0,linear_features,Budget351,0,0,26,0;1;2;3;4;5;6;7;8;9;10;12;15,339,0.312404755537973,0.301631911677193,0.909018189857962,0.01,14
K+0_J0,linear_features,Budget513,0,0,39,0;1;2;3;4;5;6;7;8;9;10;12;15,508,0.310292011208133,0.296350454136007,0.912176408333383,0.0464158883361278,14
K+0_J0,linear_features,Budget1025,0,0,78,0;1;2;3;4;5;6;7;8;9;10;12;15,1015,0.308976312342562,0.29582196177478,0.912489366931721,21.5443469003188,14
K+0_J0,linear_features,Budget2049,0,0,157,0;1;2;3;4;5;6;7;8;9;10;12;15,2042,0.313478903403847,0.29680466479483,0.911906990956029,1000,14
K+0_J0,number_features,Budget65,0,0,4,0;1;2;3;4;5;6;7;8;9;10;12;15,53,0.361904254747578,0.351358976789529,0.876546869429415,1e-06,14
K+0_J0,number_features,Budget129,0,0,9,0;1;2;3;4;5;6;7;8;9;10;12;15,118,0.328029280903294,0.317809130752262,0.898997356410491,4.64158883361278e-05,14
K+0_J0,number_features,Budget257,0,0,19,0;1;2;3;4;5;6;7;8;9;10;12;15,248,0.316797434592605,0.306226395357503,0.90622539478635,0.0001,14
K+0_J0,number_features,Budget351,0,0,26,0;1;2;3;4;5;6;7;8;9;10;12;15,339,0.312029632067031,0.303711066084415,0.907759588337868,0.000464158883361278,14
K+0_J0,number_features,Budget513,0,0,39,0;1;2;3;4;5;6;7;8;9;10;12;15,508,0.309885115331137,0.299140716025354,0.910514832015839,0.0001,14
K+0_J0,number_features,Budget1025,0,0,78,0;1;2;3;4;5;6;7;8;9;10;12;15,1015,0.309830142005873,0.297244373975695,0.911645782139797,4.64158883361278,14
K+0_J0,number_features,Budget2049,0,0,157,0;1;2;3;4;5;6;7;8;9;10;12;15,2042,0.315586035570547,0.298947577833371,0.91063034570756,464.158883361278,14
K+0_J0.65,linear_features,Budget65,0,0.65,4,0;1;2;3;4;5;6;7;8;9;10;12;15,53,0.382868131066302,0.364898241098394,0.866849273643298,0.000464158883361278,14
K+0_J0.65,linear_features,Budget129,0,0.65,9,0;1;2;3;4;5;6;7;8;9;10;12;15,118,0.352707635123806,0.331502072495855,0.890106375930953,0.001,14
K+0_J0.65,linear_features,Budget257,0,0.65,19,0;1;2;3;4;5;6;7;8;9;10;12;15,248,0.296162926408556,0.272565949951493,0.92570780292704,1e-06,14
K+0_J0.65,linear_features,Budget351,0,0.65,26,0;1;2;3;4;5;6;7;8;9;10;12;15,339,0.286883230328334,0.257787439163057,0.933545636209753,0.0001,14
K+0_J0.65,linear_features,Budget513,0,0.65,39,0;1;2;3;4;5;6;7;8;9;10;12;15,508,0.278082396796132,0.2478318316697,0.938579383211241,0.0001,14
K+0_J0.65,linear_features,Budget1025,0,0.65,78,0;1;2;3;4;5;6;7;8;9;10;12;15,1015,0.273252776839274,0.23976771371478,0.942511443459987,2.15443469003188,14
K+0_J0.65,linear_features,Budget2049,0,0.65,157,0;1;2;3;4;5;6;7;8;9;10;12;15,2042,0.27967989154816,0.245509213931367,0.939725225874802,21.5443469003188,14
K+0_J0.65,number_features,Budget65,0,0.65,4,0;1;2;3;4;5;6;7;8;9;10;12;15,53,0.387991914056382,0.37483210562546,0.859500892592384,1e-06,14
K+0_J0.65,number_features,Budget129,0,0.65,9,0;1;2;3;4;5;6;7;8;9;10;12;15,118,0.377623527395556,0.354908925213584,0.874039654803739,0.01,14
K+0_J0.65,number_features,Budget257,0,0.65,19,0;1;2;3;4;5;6;7;8;9;10;12;15,248,0.354373272141628,0.330868773325164,0.890525854838301,0.00215443469003188,14
K+0_J0.65,number_features,Budget351,0,0.65,26,0;1;2;3;4;5;6;7;8;9;10;12;15,339,0.328108116975847,0.304092963813543,0.907527469359095,0.001,14
K+0_J0.65,number_features,Budget513,0,0.65,39,0;1;2;3;4;5;6;7;8;9;10;12;15,508,0.300121714217067,0.275421705867443,0.924142883937067,0.000215443469003188,14
K+0_J0.65,number_features,Budget1025,0,0.65,78,0;1;2;3;4;5;6;7;8;9;10;12;15,1015,0.282793589512149,0.247493548184999,0.9387469436068,2.15443469003189e-06,14
K+0_J0.65,number_features,Budget2049,0,0.65,157,0;1;2;3;4;5;6;7;8;9;10;12;15,2042,0.27648474495875,0.243141831207039,0.940882049917288,100,14
K+0_J0,linear_features,Budget65,0,0,4,0;1;2;3;4;5;6;7;8;9;10;12;15,53,0.373627813887078,0.386139859218093,0.850896009123031,0.000464158883361278,15
K+0_J0,linear_features,Budget129,0,0,9,0;1;2;3;4;5;6;7;8;9;10;12;15,118,0.350177282530117,0.365442357234122,0.866451883539168,0.000464158883361278,15
K+0_J0,linear_features,Budget257,0,0,19,0;1;2;3;4;5;6;7;8;9;10;12;15,248,0.302558567726154,0.326834916419099,0.893178937409321,0.00464158883361278,15
K+0_J0,linear_features,Budget351,0,0,26,0;1;2;3;4;5;6;7;8;9;10;12;15,339,0.301474423390385,0.325316680748421,0.89416905722683,0.01,15
K+0_J0,linear_features,Budget513,0,0,39,0;1;2;3;4;5;6;7;8;9;10;12;15,508,0.298054229150641,0.322791813298979,0.895805445267157,0.0464158883361278,15
K+0_J0,linear_features,Budget1025,0,0,78,0;1;2;3;4;5;6;7;8;9;10;12;15,1015,0.296559723225165,0.319742472385089,0.897764751353071,21.5443469003188,15
K+0_J0,linear_features,Budget2049,0,0,157,0;1;2;3;4;5;6;7;8;9;10;12;15,2042,0.303708807181173,0.320693885450717,0.897155431834523,1000,15
K+0_J0,number_features,Budget65,0,0,4,0;1;2;3;4;5;6;7;8;9;10;12;15,53,0.355460079885938,0.375052218505602,0.859335833394026,1e-06,15
K+0_J0,number_features,Budget129,0,0,9,0;1;2;3;4;5;6;7;8;9;10;12;15,118,0.314311463570681,0.342590428380245,0.88263179838224,4.64158883361278e-05,15
K+0_J0,number_features,Budget257,0,0,19,0;1;2;3;4;5;6;7;8;9;10;12;15,248,0.305194949088398,0.329067871181795,0.891714336155881,0.0001,15
K+0_J0,number_features,Budget351,0,0,26,0;1;2;3;4;5;6;7;8;9;10;12;15,339,0.30275028225211,0.328643358853611,0.891993542681417,0.000464158883361278,15
K+0_J0,number_features,Budget513,0,0,39,0;1;2;3;4;5;6;7;8;9;10;12;15,508,0.300122070327471,0.325786040490315,0.893863455821643,0.0001,15
K+0_J0,number_features,Budget1025,0,0,78,0;1;2;3;4;5;6;7;8;9;10;12;15,1015,0.300440041333634,0.321399571583607,0.896702315385874,4.64158883361278,15
K+0_J0,number_features,Budget2049,0,0,157,0;1;2;3;4;5;6;7;8;9;10;12;15,2042,0.300880703306104,0.322110038159162,0.896245123317103,464.158883361278,15
K+0_J0.65,linear_features,Budget65,0,0.65,4,0;1;2;3;4;5;6;7;8;9;10;12;15,53,0.367578286429805,0.374539658044796,0.859720044551687,0.000464158883361278,15
K+0_J0.65,linear_features,Budget129,0,0.65,9,0;1;2;3;4;5;6;7;8;9;10;12;15,118,0.346891627462365,0.352655071521836,0.875634400529929,0.001,15
K+0_J0.65,linear_features,Budget257,0,0.65,19,0;1;2;3;4;5;6;7;8;9;10;12;15,248,0.282445639885266,0.296745423090172,0.911942153875035,1e-06,15
K+0_J0.65,linear_features,Budget351,0,0.65,26,0;1;2;3;4;5;6;7;8;9;10;12;15,339,0.266317437229656,0.28088141801271,0.92110562901517,0.0001,15
K+0_J0.65,linear_features,Budget513,0,0.65,39,0;1;2;3;4;5;6;7;8;9;10;12;15,508,0.252174842941894,0.268555367705886,0.927878014476356,0.0001,15
K+0_J0.65,linear_features,Budget1025,0,0.65,78,0;1;2;3;4;5;6;7;8;9;10;12;15,1015,0.252116133420432,0.266099366462574,0.929191127168217,2.15443469003188,15
K+0_J0.65,linear_features,Budget2049,0,0.65,157,0;1;2;3;4;5;6;7;8;9;10;12;15,2042,0.258370974067493,0.269310398303532,0.927471909365593,21.5443469003188,15
K+0_J0.65,number_features,Budget65,0,0.65,4,0;1;2;3;4;5;6;7;8;9;10;12;15,53,0.381528136935067,0.397288907171152,0.842161524238752,1e-06,15
K+0_J0.65,number_features,Budget129,0,0.65,9,0;1;2;3;4;5;6;7;8;9;10;12;15,118,0.360071594597385,0.375362636170823,0.859102891366891,0.01,15
K+0_J0.65,number_features,Budget257,0,0.65,19,0;1;2;3;4;5;6;7;8;9;10;12;15,248,0.337521534975546,0.350495812838671,0.877152685182559,0.00215443469003188,15
K+0_J0.65,number_features,Budget351,0,0.65,26,0;1;2;3;4;5;6;7;8;9;10;12;15,339,0.324071656999186,0.33353996670028,0.888751090613576,0.001,15
K+0_J0.65,number_features,Budget513,0,0.65,39,0;1;2;3;4;5;6;7;8;9;10;12;15,508,0.292802730815336,0.306708946229784,0.905929622302615,0.000215443469003188,15
K+0_J0.65,number_features,Budget1025,0,0.65,78,0;1;2;3;4;5;6;7;8;9;10;12;15,1015,0.254722304099035,0.270039043266741,0.927078915111583,2.15443469003189e-06,15
K+0_J0.65,number_features,Budget2049,0,0.65,157,0;1;2;3;4;5;6;7;8;9;10;12;15,2042,0.252761778886466,0.267291810834748,0.928555087860682,100,15
K+0_J0,linear_features,Budget65,0,0,4,0;1;2;3;4;5;6;7;8;9;10;12;15,53,0.376584989179546,0.392506388339488,0.845938735112691,0.000464158883361278,16
K+0_J0,linear_features,Budget129,0,0,9,0;1;2;3;4;5;6;7;8;9;10;12;15,118,0.360205883917554,0.37752724729163,0.857473177552405,0.000464158883361278,16
K+0_J0,linear_features,Budget257,0,0,19,0;1;2;3;4;5;6;7;8;9;10;12;15,248,0.30036394056533,0.330602760778213,0.890701814565824,0.00464158883361278,16
K+0_J0,linear_features,Budget351,0,0,26,0;1;2;3;4;5;6;7;8;9;10;12;15,339,0.294421463684898,0.325027407434746,0.894357184416248,0.01,16
K+0_J0,linear_features,Budget513,0,0,39,0;1;2;3;4;5;6;7;8;9;10;12;15,508,0.287473109786891,0.320053946388265,0.897565471401297,0.0464158883361278,16
K+0_J0,linear_features,Budget1025,0,0,78,0;1;2;3;4;5;6;7;8;9;10;12;15,1015,0.287050079981674,0.318567011185564,0.898515059384297,21.5443469003188,16
K+0_J0,linear_features,Budget2049,0,0,157,0;1;2;3;4;5;6;7;8;9;10;12;15,2042,0.295066044076684,0.32386323856706,0.895112602704856,1000,16
K+0_J0,number_features,Budget65,0,0,4,0;1;2;3;4;5;6;7;8;9;10;12;15,53,0.33353404859921,0.363233416066435,0.868061485452708,1e-06,16
K+0_J0,number_features,Budget129,0,0,9,0;1;2;3;4;5;6;7;8;9;10;12;15,118,0.311260423004952,0.338718138925126,0.885270022363099,4.64158883361278e-05,16
K+0_J0,number_features,Budget257,0,0,19,0;1;2;3;4;5;6;7;8;9;10;12;15,248,0.299453528058857,0.324366180295177,0.894786581080717,0.0001,16
K+0_J0,number_features,Budget351,0,0,26,0;1;2;3;4;5;6;7;8;9;10;12;15,339,0.296296202312324,0.327766059396453,0.892569410307721,0.000464158883361278,16
K+0_J0,number_features,Budget513,0,0,39,0;1;2;3;4;5;6;7;8;9;10;12;15,508,0.295642943356245,0.326096462572837,0.893661097097483,0.0001,16
K+0_J0,number_features,Budget1025,0,0,78,0;1;2;3;4;5;6;7;8;9;10;12;15,1015,0.294586658120908,0.327504610086051,0.892740730372383,4.64158883361278,16
K+0_J0,number_features,Budget2049,0,0,157,0;1;2;3;4;5;6;7;8;9;10;12;15,2042,0.333708279943001,0.329971179024931,0.891119021012897,464.158883361278,16
K+0_J0.65,linear_features,Budget65,0,0.65,4,0;1;2;3;4;5;6;7;8;9;10;12;15,53,0.359796092822377,0.379485918343048,0.855990437779334,0.000464158883361278,16
K+0_J0.65,linear_features,Budget129,0,0.65,9,0;1;2;3;4;5;6;7;8;9;10;12;15,118,0.335732047101869,0.347775179703908,0.879052424381915,0.001,16
K+0_J0.65,linear_features,Budget257,0,0.65,19,0;1;2;3;4;5;6;7;8;9;10;12;15,248,0.269848769287615,0.291639920190301,0.914946156951395,1e-06,16
K+0_J0.65,linear_features,Budget351,0,0.65,26,0;1;2;3;4;5;6;7;8;9;10;12;15,339,0.256417551779671,0.281983542350788,0.920485281843301,0.0001,16
K+0_J0.65,linear_features,Budget513,0,0.65,39,0;1;2;3;4;5;6;7;8;9;10;12;15,508,0.252048243063244,0.274280068990639,0.92477044375449,0.0001,16
K+0_J0.65,linear_features,Budget1025,0,0.65,78,0;1;2;3;4;5;6;7;8;9;10;12;15,1015,0.246172240583099,0.261480007236444,0.931628205815629,2.15443469003188,16
K+0_J0.65,linear_features,Budget2049,0,0.65,157,0;1;2;3;4;5;6;7;8;9;10;12;15,2042,0.247213335665797,0.262409145326632,0.931141440448947,21.5443469003188,16
K+0_J0.65,number_features,Budget65,0,0.65,4,0;1;2;3;4;5;6;7;8;9;10;12;15,53,0.433224929407853,0.443533270500316,0.803278237959294,1e-06,16
K+0_J0.65,number_features,Budget129,0,0.65,9,0;1;2;3;4;5;6;7;8;9;10;12;15,118,0.371321745147985,0.394087325840945,0.844695179611533,0.01,16
K+0_J0.65,number_features,Budget257,0,0.65,19,0;1;2;3;4;5;6;7;8;9;10;12;15,248,0.325819384173789,0.352967135701798,0.875414201114468,0.00215443469003188,16
K+0_J0.65,number_features,Budget351,0,0.65,26,0;1;2;3;4;5;6;7;8;9;10;12;15,339,0.316093286281408,0.342969814388814,0.882371706418103,0.001,16
K+0_J0.65,number_features,Budget513,0,0.65,39,0;1;2;3;4;5;6;7;8;9;10;12;15,508,0.294636284708569,0.324811948751767,0.89449719794808,0.000215443469003188,16
K+0_J0.65,number_features,Budget1025,0,0.65,78,0;1;2;3;4;5;6;7;8;9;10;12;15,1015,0.253587096337161,0.271211706504585,0.926444210254871,2.15443469003189e-06,16
K+0_J0.65,number_features,Budget2049,0,0.65,157,0;1;2;3;4;5;6;7;8;9;10;12;15,2042,0.246277485438776,0.265905465710472,0.929294283305297,100,16
K+0_J0,linear_features,Budget65,0,0,4,0;1;2;3;4;5;6;7;8;9;10;12;15,53,0.385347528386407,0.353113029272172,0.87531118855823,0.000464158883361278,17
K+0_J0,linear_features,Budget129,0,0,9,0;1;2;3;4;5;6;7;8;9;10;12;15,118,0.367196656329419,0.326551030005514,0.893364424802338,0.000464158883361278,17
K+0_J0,linear_features,Budget257,0,0,19,0;1;2;3;4;5;6;7;8;9;10;12;15,248,0.338110389512077,0.29647280107552,0.912103878222435,0.00464158883361278,17
K+0_J0,linear_features,Budget351,0,0,26,0;1;2;3;4;5;6;7;8;9;10;12;15,339,0.333988142823005,0.295333880753337,0.912777898879173,0.01,17
K+0_J0,linear_features,Budget513,0,0,39,0;1;2;3;4;5;6;7;8;9;10;12;15,508,0.331035509912296,0.295668096945027,0.912580376448906,0.0464158883361278,17
K+0_J0,linear_features,Budget1025,0,0,78,0;1;2;3;4;5;6;7;8;9;10;12;15,1015,0.333271992227752,0.301063071727244,0.909361026842156,21.5443469003188,17
K+0_J0,linear_features,Budget2049,0,0,157,0;1;2;3;4;5;6;7;8;9;10;12;15,2042,0.332611922794103,0.3050187220481,0.906963579200144,1000,17
K+0_J0,number_features,Budget65,0,0,4,0;1;2;3;4;5;6;7;8;9;10;12;15,53,0.379329080183755,0.339418906467922,0.88479480593212,1e-06,17
K+0_J0,number_features,Budget129,0,0,9,0;1;2;3;4;5;6;7;8;9;10;12;15,118,0.35706832915289,0.317591498470286,0.899135640099398,4.64158883361278e-05,17
K+0_J0,number_features,Budget257,0,0,19,0;1;2;3;4;5;6;7;8;9;10;12;15,248,0.347478869183387,0.296466393008426,0.912107677816573,0.0001,17
K+0_J0,number_features,Budget351,0,0,26,0;1;2;3;4;5;6;7;8;9;10;12;15,339,0.345850296080918,0.298123878732834,0.911122152929291,0.000464158883361278,17
K+0_J0,number_features,Budget513,0,0,39,0;1;2;3;4;5;6;7;8;9;10;12;15,508,0.329796729120567,0.303603184592167,0.907825106305494,0.0001,17
K+0_J0,number_features,Budget1025,0,0,78,0;1;2;3;4;5;6;7;8;9;10;12;15,1015,0.324125465842876,0.300870938202312,0.90947667854526,4.64158883361278,17
K+0_J0,number_features,Budget2049,0,0,157,0;1;2;3;4;5;6;7;8;9;10;12;15,2042,0.328982753867072,0.300714775656005,0.909570623702159,464.158883361278,17
K+0_J0.65,linear_features,Budget65,0,0.65,4,0;1;2;3;4;5;6;7;8;9;10;12;15,53,0.421876354762558,0.383353786741785,0.853039874190734,0.000464158883361278,17
K+0_J0.65,linear_features,Budget129,0,0.65,9,0;1;2;3;4;5;6;7;8;9;10;12;15,118,0.405424911892881,0.362614362641656,0.868510824005986,0.001,17
K+0_J0.65,linear_features,Budget257,0,0.65,19,0;1;2;3;4;5;6;7;8;9;10;12;15,248,0.32779015463407,0.278357695055928,0.922516993603151,1e-06,17
K+0_J0.65,linear_features,Budget351,0,0.65,26,0;1;2;3;4;5;6;7;8;9;10;12;15,339,0.318886747886327,0.25941024946694,0.9327063224715,0.0001,17
K+0_J0.65,linear_features,Budget513,0,0.65,39,0;1;2;3;4;5;6;7;8;9;10;12;15,508,0.313187567822338,0.248596445997443,0.93819980703744,0.0001,17
K+0_J0.65,linear_features,Budget1025,0,0.65,78,0;1;2;3;4;5;6;7;8;9;10;12;15,1015,0.309566823208739,0.244327741769778,0.940303954601681,2.15443469003188,17
K+0_J0.65,linear_features,Budget2049,0,0.65,157,0;1;2;3;4;5;6;7;8;9;10;12;15,2042,0.314320021865002,0.247662992537642,0.9386630421273,21.5443469003188,17
K+0_J0.65,number_features,Budget65,0,0.65,4,0;1;2;3;4;5;6;7;8;9;10;12;15,53,0.440503262126139,0.397669901068367,0.841858649784275,1e-06,17
K+0_J0.65,number_features,Budget129,0,0.65,9,0;1;2;3;4;5;6;7;8;9;10;12;15,118,0.414182743169548,0.369430131798868,0.863521377719071,0.01,17
K+0_J0.65,number_features,Budget257,0,0.65,19,0;1;2;3;4;5;6;7;8;9;10;12;15,248,0.390764838687025,0.335989418951793,0.887111110352437,0.00215443469003188,17
K+0_J0.65,number_features,Budget351,0,0.65,26,0;1;2;3;4;5;6;7;8;9;10;12;15,339,0.381397814740335,0.323700057262733,0.895218272928103,0.001,17
K+0_J0.65,number_features,Budget513,0,0.65,39,0;1;2;3;4;5;6;7;8;9;10;12;15,508,0.354643315194136,0.2930854325986,0.914100929198492,0.000215443469003188,17
K+0_J0.65,number_features,Budget1025,0,0.65,78,0;1;2;3;4;5;6;7;8;9;10;12;15,1015,0.316669586655965,0.24986260327996,0.937568679482162,2.15443469003189e-06,17
K+0_J0.65,number_features,Budget2049,0,0.65,157,0;1;2;3;4;5;6;7;8;9;10;12;15,2042,0.31950114966842,0.245707592140102,0.939627779164714,100,17
K+0_J0,linear_features,Budget65,0,0,4,0;1;2;3;4;5;6;7;8;9;10;12;15,53,0.368364652231443,0.381567213499065,0.854406461582559,0.000464158883361278,18
K+0_J0,linear_features,Budget129,0,0,9,0;1;2;3;4;5;6;7;8;9;10;12;15,118,0.351616149320724,0.355030253754005,0.873953518919367,0.000464158883361278,18
K+0_J0,linear_features,Budget257,0,0,19,0;1;2;3;4;5;6;7;8;9;10;12;15,248,0.305735231197477,0.311489467664875,0.902974311533853,0.00464158883361278,18
K+0_J0,linear_features,Budget351,0,0,26,0;1;2;3;4;5;6;7;8;9;10;12;15,339,0.305255935803113,0.310793982875151,0.903407100208601,0.01,18
K+0_J0,linear_features,Budget513,0,0,39,0;1;2;3;4;5;6;7;8;9;10;12;15,508,0.303443219741225,0.30839769733006,0.904890860281517,0.0464158883361278,18
K+0_J0,linear_features,Budget1025,0,0,78,0;1;2;3;4;5;6;7;8;9;10;12;15,1015,0.30316881062879,0.309369677850746,0.904290402426525,21.5443469003188,18
K+0_J0,linear_features,Budget2049,0,0,157,0;1;2;3;4;5;6;7;8;9;10;12;15,2042,0.30276167431488,0.314755286634921,0.900929109535369,1000,18
K+0_J0,number_features,Budget65,0,0,4,0;1;2;3;4;5;6;7;8;9;10;12;15,53,0.356121960408892,0.368071274537823,0.864523536860103,1e-06,18
K+0_J0,number_features,Budget129,0,0,9,0;1;2;3;4;5;6;7;8;9;10;12;15,118,0.32981239615895,0.347617187265931,0.879162291117322,4.64158883361278e-05,18
K+0_J0,number_features,Budget257,0,0,19,0;1;2;3;4;5;6;7;8;9;10;12;15,248,0.308918913029763,0.324408530547886,0.894759105307761,0.0001,18
K+0_J0,number_features,Budget351,0,0,26,0;1;2;3;4;5;6;7;8;9;10;12;15,339,0.309419989330089,0.31819376905049,0.898752725337444,0.000464158883361278,18
K+0_J0,number_features,Budget513,0,0,39,0;1;2;3;4;5;6;7;8;9;10;12;15,508,0.305664519286108,0.321462307717453,0.89666198471697,0.0001,18
K+0_J0,number_features,Budget1025,0,0,78,0;1;2;3;4;5;6;7;8;9;10;12;15,1015,0.302583591470078,0.314975684750515,0.900790318015944,4.64158883361278,18
K+0_J0,number_features,Budget2049,0,0,157,0;1;2;3;4;5;6;7;8;9;10;12;15,2042,0.300561248968951,0.529961480926012,0.719140828734709,464.158883361278,18
K+0_J0.65,linear_features,Budget65,0,0.65,4,0;1;2;3;4;5;6;7;8;9;10;12;15,53,0.384061191206714,0.390806497871031,0.84727028122178,0.000464158883361278,18
K+0_J0.65,linear_features,Budget129,0,0.65,9,0;1;2;3;4;5;6;7;8;9;10;12;15,118,0.356759230388261,0.369375992431755,0.863561376215056,0.001,18
K+0_J0.65,linear_features,Budget257,0,0.65,19,0;1;2;3;4;5;6;7;8;9;10;12;15,248,0.278710321926109,0.291119150724599,0.915249640081388,1e-06,18
K+0_J0.65,linear_features,Budget351,0,0.65,26,0;1;2;3;4;5;6;7;8;9;10;12;15,339,0.269152731549949,0.283130513847375,0.919837112128522,0.0001,18
K+0_J0.65,linear_features,Budget513,0,0.65,39,0;1;2;3;4;5;6;7;8;9;10;12;15,508,0.255290993408685,0.264744201486367,0.929910507779346,0.0001,18
K+0_J0.65,linear_features,Budget1025,0,0.65,78,0;1;2;3;4;5;6;7;8;9;10;12;15,1015,0.246111636060267,0.252736227041247,0.936124399540955,2.15443469003188,18
K+0_J0.65,linear_features,Budget2049,0,0.65,157,0;1;2;3;4;5;6;7;8;9;10;12;15,2042,0.248215073319078,0.253542448948171,0.935716226581364,21.5443469003188,18
K+0_J0.65,number_features,Budget65,0,0.65,4,0;1;2;3;4;5;6;7;8;9;10;12;15,53,0.39528823277847,0.401929833019427,0.838452409328975,1e-06,18
K+0_J0.65,number_features,Budget129,0,0.65,9,0;1;2;3;4;5;6;7;8;9;10;12;15,118,0.375164291528398,0.379521910551347,0.855963119411455,0.01,18
K+0_J0.65,number_features,Budget257,0,0.65,19,0;1;2;3;4;5;6;7;8;9;10;12;15,248,0.350617250905658,0.356326987872368,0.873031077713805,0.00215443469003188,18
K+0_J0.65,number_features,Budget351,0,0.65,26,0;1;2;3;4;5;6;7;8;9;10;12;15,339,0.330174797485461,0.33820036931537,0.885620510194947,0.001,18
K+0_J0.65,number_features,Budget513,0,0.65,39,0;1;2;3;4;5;6;7;8;9;10;12;15,508,0.289499062991437,0.304395695257964,0.90734326070842,0.000215443469003188,18
K+0_J0.65,number_features,Budget1025,0,0.65,78,0;1;2;3;4;5;6;7;8;9;10;12;15,1015,0.247156774375746,0.253230853675844,0.935874134746603,2.15443469003189e-06,18
K+0_J0.65,number_features,Budget2049,0,0.65,157,0;1;2;3;4;5;6;7;8;9;10;12;15,2042,0.245887868711056,0.251176365070278,0.936910433630082,100,18
K+0_J0,linear_features,Budget65,0,0,4,0;1;2;3;4;5;6;7;8;9;10;12;15,53,0.3986206256734,0.38998492416328,0.847911758925361,0.000464158883361278,19
K+0_J0,linear_features,Budget129,0,0,9,0;1;2;3;4;5;6;7;8;9;10;12;15,118,0.345851690598246,0.339229017673386,0.88492367356835,0.000464158883361278,19
K+0_J0,linear_features,Budget257,0,0,19,0;1;2;3;4;5;6;7;8;9;10;12;15,248,0.331365383956607,0.322677809984837,0.895879030943389,0.00464158883361278,19
K+0_J0,linear_features,Budget351,0,0,26,0;1;2;3;4;5;6;7;8;9;10;12;15,339,0.331630652452536,0.32109338845045,0.896899035893408,0.01,19
K+0_J0,linear_features,Budget513,0,0,39,0;1;2;3;4;5;6;7;8;9;10;12;15,508,0.325284305322071,0.317283635352787,0.899331094737319,0.0464158883361278,19
K+0_J0,linear_features,Budget1025,0,0,78,0;1;2;3;4;5;6;7;8;9;10;12;15,1015,0.323841427228667,0.313203185581146,0.901903764541822,21.5443469003188,19
K+0_J0,linear_features,Budget2049,0,0,157,0;1;2;3;4;5;6;7;8;9;10;12;15,2042,0.329633656389825,0.319704739048204,0.89778887983012,1000,19
K+0_J0,number_features,Budget65,0,0,4,0;1;2;3;4;5;6;7;8;9;10;12;15,53,0.377873088347401,0.36802015937498,0.864561162293615,1e-06,19
K+0_J0,number_features,Budget129,0,0,9,0;1;2;3;4;5;6;7;8;9;10;12;15,118,0.342842461989814,0.331267077545528,0.890262123334445,4.64158883361278e-05,19
K+0_J0,number_features,Budget257,0,0,19,0;1;2;3;4;5;6;7;8;9;10;12;15,248,0.332381357961148,0.318611605448595,0.898486644873469,0.0001,19
K+0_J0,number_features,Budget351,0,0,26,0;1;2;3;4;5;6;7;8;9;10;12;15,339,0.332910206179365,0.313289738269701,0.901849539894902,0.000464158883361278,19
K+0_J0,number_features,Budget513,0,0,39,0;1;2;3;4;5;6;7;8;9;10;12;15,508,0.334438500488719,0.312468500102123,0.90236343644393,0.0001,19
K+0_J0,number_features,Budget1025,0,0,78,0;1;2;3;4;5;6;7;8;9;10;12;15,1015,0.334429040151638,0.310344641403741,0.903686203551983,4.64158883361278,19
K+0_J0,number_features,Budget2049,0,0,157,0;1;2;3;4;5;6;7;8;9;10;12;15,2042,0.332319018778348,0.313319357799858,0.901830980027885,464.158883361278,19
K+0_J0.65,linear_features,Budget65,0,0.65,4,0;1;2;3;4;5;6;7;8;9;10;12;15,53,0.396913226068396,0.384267761593287,0.852338287400085,0.000464158883361278,19
K+0_J0.65,linear_features,Budget129,0,0.65,9,0;1;2;3;4;5;6;7;8;9;10;12;15,118,0.377843894162198,0.368309479820918,0.864348127074045,0.001,19
K+0_J0.65,linear_features,Budget257,0,0.65,19,0;1;2;3;4;5;6;7;8;9;10;12;15,248,0.306368741711123,0.293373381288376,0.913932059151425,1e-06,19
K+0_J0.65,linear_features,Budget351,0,0.65,26,0;1;2;3;4;5;6;7;8;9;10;12;15,339,0.286180808552037,0.275661659452618,0.924010649507829,0.0001,19
K+0_J0.65,linear_features,Budget513,0,0.65,39,0;1;2;3;4;5;6;7;8;9;10;12;15,508,0.273298456090192,0.262244781730753,0.93122767445499,0.0001,19
K+0_J0.65,linear_features,Budget1025,0,0.65,78,0;1;2;3;4;5;6;7;8;9;10;12;15,1015,0.272238015539751,0.259901121514694,0.932451407035404,2.15443469003188,19
K+0_J0.65,linear_features,Budget2049,0,0.65,157,0;1;2;3;4;5;6;7;8;9;10;12;15,2042,0.274711673413764,0.263026772889145,0.930816916743522,21.5443469003188,19
K+0_J0.65,number_features,Budget65,0,0.65,4,0;1;2;3;4;5;6;7;8;9;10;12;15,53,0.431567176168407,0.409704969356587,0.832141838084518,1e-06,19
K+0_J0.65,number_features,Budget129,0,0.65,9,0;1;2;3;4;5;6;7;8;9;10;12;15,118,0.395197853776974,0.371625671397365,0.861894360358458,0.01,19
K+0_J0.65,number_features,Budget257,0,0.65,19,0;1;2;3;4;5;6;7;8;9;10;12;15,248,0.367868826422956,0.341359554698033,0.88347365441636,0.00215443469003188,19
K+0_J0.65,number_features,Budget351,0,0.65,26,0;1;2;3;4;5;6;7;8;9;10;12;15,339,0.342722528536398,0.321832386767458,0.896423914827561,0.001,19
K+0_J0.65,number_features,Budget513,0,0.65,39,0;1;2;3;4;5;6;7;8;9;10;12;15,508,0.306570771997812,0.290511931562588,0.915602817619774,0.000215443469003188,19
K+0_J0.65,number_features,Budget1025,0,0.65,78,0;1;2;3;4;5;6;7;8;9;10;12;15,1015,0.299760213046208,0.259410681097922,0.932706098532312,2.15443469003189e-06,19
K+0_J0.65,number_features,Budget2049,0,0.65,157,0;1;2;3;4;5;6;7;8;9;10;12;15,2042,0.29214721314677,0.25727387829783,0.933810151545593,100,19
K+0_J0,linear_features,Budget65,0,0,4,0;1;2;3;4;5;6;7;8;9;10;12;15,53,0.397974635169537,0.37247569323943,0.861261857945806,0.000464158883361278,20
K+0_J0,linear_features,Budget129,0,0,9,0;1;2;3;4;5;6;7;8;9;10;12;15,118,0.380485212800383,0.356360934565033,0.873006884315936,0.000464158883361278,20
K+0_J0,linear_features,Budget257,0,0,19,0;1;2;3;4;5;6;7;8;9;10;12;15,248,0.322511842944738,0.31179807468964,0.902781960619834,0.00464158883361278,20
K+0_J0,linear_features,Budget351,0,0,26,0;1;2;3;4;5;6;7;8;9;10;12;15,339,0.317914303707666,0.30534280477631,0.906765771571336,0.01,20
K+0_J0,linear_features,Budget513,0,0,39,0;1;2;3;4;5;6;7;8;9;10;12;15,508,0.313860536700393,0.29952114838571,0.910287081669705,0.0464158883361278,20
K+0_J0,linear_features,Budget1025,0,0,78,0;1;2;3;4;5;6;7;8;9;10;12;15,1015,0.30860775752296,0.294301635952722,0.913386547075551,21.5443469003188,20
K+0_J0,linear_features,Budget2049,0,0,157,0;1;2;3;4;5;6;7;8;9;10;12;15,2042,0.31626464848718,0.294315674289417,0.913378283867566,1000,20
K+0_J0,number_features,Budget65,0,0,4,0;1;2;3;4;5;6;7;8;9;10;12;15,53,0.363035041574129,0.346741203809226,0.879770537580929,1e-06,20
K+0_J0,number_features,Budget129,0,0,9,0;1;2;3;4;5;6;7;8;9;10;12;15,118,0.331835346057608,0.32093462195802,0.897000968428663,4.64158883361278e-05,20
K+0_J0,number_features,Budget257,0,0,19,0;1;2;3;4;5;6;7;8;9;10;12;15,248,0.318361279533668,0.309789920254012,0.904030205309013,0.0001,20
K+0_J0,number_features,Budget351,0,0,26,0;1;2;3;4;5;6;7;8;9;10;12;15,339,0.316658948366369,0.306530741299078,0.906038904638638,0.000464158883361278,20
K+0_J0,number_features,Budget513,0,0,39,0;1;2;3;4;5;6;7;8;9;10;12;15,508,0.310669601959255,0.299218227567652,0.910468452291273,0.0001,20
K+0_J0,number_features,Budget1025,0,0,78,0;1;2;3;4;5;6;7;8;9;10;12;15,1015,0.306572535189517,0.294219629246557,0.913434809766018,4.64158883361278,20
K+0_J0,number_features,Budget2049,0,0,157,0;1;2;3;4;5;6;7;8;9;10;12;15,2042,0.3138832375291,0.294370348523375,0.913346097910227,464.158883361278,20
K+0_J0.65,linear_features,Budget65,0,0.65,4,0;1;2;3;4;5;6;7;8;9;10;12;15,53,0.391917203773609,0.365341581838553,0.866525528579704,0.000464158883361278,20
K+0_J0.65,linear_features,Budget129,0,0.65,9,0;1;2;3;4;5;6;7;8;9;10;12;15,118,0.373547783686688,0.344661896279849,0.881208177252779,0.001,20
K+0_J0.65,linear_features,Budget257,0,0.65,19,0;1;2;3;4;5;6;7;8;9;10;12;15,248,0.313518116520159,0.287056848799309,0.91759836555741,1e-06,20
K+0_J0.65,linear_features,Budget351,0,0.65,26,0;1;2;3;4;5;6;7;8;9;10;12;15,339,0.297069772879591,0.27758255075323,0.922947927517331,0.0001,20
K+0_J0.65,linear_features,Budget513,0,0.65,39,0;1;2;3;4;5;6;7;8;9;10;12;15,508,0.276902519837277,0.258629416911282,0.93311082470813,0.0001,20
K+0_J0.65,linear_features,Budget1025,0,0.65,78,0;1;2;3;4;5;6;7;8;9;10;12;15,1015,0.272880093268148,0.253915714522427,0.935526809918565,2.15443469003188,20
K+0_J0.65,linear_features,Budget2049,0,0.65,157,0;1;2;3;4;5;6;7;8;9;10;12;15,2042,0.276743658207474,0.252709764003256,0.936137775177419,21.5443469003188,20
K+0_J0.65,number_features,Budget65,0,0.65,4,0;1;2;3;4;5;6;7;8;9;10;12;15,53,0.389691826494624,0.37243076506024,0.861295325236644,1e-06,20
K+0_J0.65,number_features,Budget129,0,0.65,9,0;1;2;3;4;5;6;7;8;9;10;12;15,118,0.375739690185608,0.354841359185768,0.874087609811197,0.01,20
K+0_J0.65,number_features,Budget257,0,0.65,19,0;1;2;3;4;5;6;7;8;9;10;12;15,248,0.349847026213832,0.326347992588411,0.893496987733514,0.00215443469003188,20
K+0_J0.65,number_features,Budget351,0,0.65,26,0;1;2;3;4;5;6;7;8;9;10;12;15,339,0.335451052749899,0.310058913341946,0.903863470257212,0.001,20
K+0_J0.65,number_features,Budget513,0,0.65,39,0;1;2;3;4;5;6;7;8;9;10;12;15,508,0.28884190380933,0.269993759254814,0.927103369963454,0.000215443469003188,20
K+0_J0.65,number_features,Budget1025,0,0.65,78,0;1;2;3;4;5;6;7;8;9;10;12;15,1015,0.265598576097409,0.250719570920102,0.93713969675764,2.15443469003189e-06,20
K+0_J0.65,number_features,Budget2049,0,0.65,157,0;1;2;3;4;5;6;7;8;9;10;12;15,2042,0.262574808784265,0.245729707144628,0.939616911026615,100,20
K+0_J0,linear_features,Budget65,0,0,4,0;1;2;3;4;5;6;7;8;9;10;12;15,53,0.375060303224037,0.364312205259012,0.867276617099315,0.000464158883361278,21
K+0_J0,linear_features,Budget129,0,0,9,0;1;2;3;4;5;6;7;8;9;10;12;15,118,0.355129183217468,0.34448047996926,0.881333198920148,0.000464158883361278,21
K+0_J0,linear_features,Budget257,0,0,19,0;1;2;3;4;5;6;7;8;9;10;12;15,248,0.319442802816377,0.309586395349012,0.904156263814806,0.00464158883361278,21
K+0_J0,linear_features,Budget351,0,0,26,0;1;2;3;4;5;6;7;8;9;10;12;15,339,0.315709015036758,0.310715973735434,0.903455583665641,0.01,21
K+0_J0,linear_features,Budget513,0,0,39,0;1;2;3;4;5;6;7;8;9;10;12;15,508,0.313286200293924,0.308385847061424,0.904898169332208,0.0464158883361278,21
K+0_J0,linear_features,Budget1025,0,0,78,0;1;2;3;4;5;6;7;8;9;10;12;15,1015,0.31086045310235,0.307117331672564,0.905678944586324,21.5443469003188,21
K+0_J0,linear_features,Budget2049,0,0,157,0;1;2;3;4;5;6;7;8;9;10;12;15,2042,0.314021921326263,0.311777245838931,0.902794948977091,1000,21
K+0_J0,number_features,Budget65,0,0,4,0;1;2;3;4;5;6;7;8;9;10;12;15,53,0.357983559729913,0.349097536530631,0.878130909988245,1e-06,21
K+0_J0,number_features,Budget129,0,0,9,0;1;2;3;4;5;6;7;8;9;10;12;15,118,0.332336333422607,0.323801502982683,0.895152586666155,4.64158883361278e-05,21
K+0_J0,number_features,Budget257,0,0,19,0;1;2;3;4;5;6;7;8;9;10;12;15,248,0.320975354221922,0.313665904523604,0.901613700339389,0.0001,21
K+0_J0,number_features,Budget351,0,0,26,0;1;2;3;4;5;6;7;8;9;10;12;15,339,0.32054194279034,0.311325580154273,0.903076383141605,0.000464158883361278,21
K+0_J0,number_features,Budget513,0,0,39,0;1;2;3;4;5;6;7;8;9;10;12;15,508,0.316390036706066,0.309057449092797,0.904483493160253,0.0001,21
K+0_J0,number_features,Budget1025,0,0,78,0;1;2;3;4;5;6;7;8;9;10;12;15,1015,0.313598736270709,0.307185026829597,0.9056373592917,4.64158883361278,21
K+0_J0,number_features,Budget2049,0,0,157,0;1;2;3;4;5;6;7;8;9;10;12;15,2042,0.314520289673337,0.311954180587524,0.902684589213967,464.158883361278,21
K+0_J0.65,linear_features,Budget65,0,0.65,4,0;1;2;3;4;5;6;7;8;9;10;12;15,53,0.384094536868541,0.381371102280588,0.854556082345289,0.000464158883361278,21
K+0_J0.65,linear_features,Budget129,0,0.65,9,0;1;2;3;4;5;6;7;8;9;10;12;15,118,0.338097404701434,0.336425433881206,0.886817927437842,0.001,21
K+0_J0.65,linear_features,Budget257,0,0.65,19,0;1;2;3;4;5;6;7;8;9;10;12;15,248,0.293593623550515,0.290488954089485,0.915616167551997,1e-06,21
K+0_J0.65,linear_features,Budget351,0,0.65,26,0;1;2;3;4;5;6;7;8;9;10;12;15,339,0.28087900914195,0.273732963745506,0.925070264559102,0.0001,21
K+0_J0.65,linear_features,Budget513,0,0.65,39,0;1;2;3;4;5;6;7;8;9;10;12;15,508,0.271315096675373,0.262245095739223,0.931227509760726,0.0001,21
K+0_J0.65,linear_features,Budget1025,0,0.65,78,0;1;2;3;4;5;6;7;8;9;10;12;15,1015,0.265475684320147,0.258122196388686,0.933372931731481,2.15443469003188,21
K+0_J0.65,linear_features,Budget2049,0,0.65,157,0;1;2;3;4;5;6;7;8;9;10;12;15,2042,0.271286589259594,0.261763090230509,0.931480084592974,21.5443469003188,21
K+0_J0.65,number_features,Budget65,0,0.65,4,0;1;2;3;4;5;6;7;8;9;10;12;15,53,0.435150897929834,0.427086937972996,0.81759674741285,1e-06,21
K+0_J0.65,number_features,Budget129,0,0.65,9,0;1;2;3;4;5;6;7;8;9;10;12;15,118,0.380473128615259,0.364338139125865,0.867257720378302,0.01,21
K+0_J0.65,number_features,Budget257,0,0.65,19,0;1;2;3;4;5;6;7;8;9;10;12;15,248,0.348861149283112,0.334800599174781,0.887908558792208,0.00215443469003188,21
K+0_J0.65,number_features,Budget351,0,0.65,26,0;1;2;3;4;5;6;7;8;9;10;12;15,339,0.337834379504729,0.325547294672494,0.89401895893142,0.001,21
K+0_J0.65,number_features,Budget513,0,0.65,39,0;1;2;3;4;5;6;7;8;9;10;12;15,508,0.314203836687135,0.304157926900174,0.907487955503789,0.000215443469003188,21
K+0_J0.65,number_features,Budget1025,0,0.65,78,0;1;2;3;4;5;6;7;8;9;10;12;15,1015,0.276074783660433,0.270655929737686,0.926745367697829,2.15443469003189e-06,21
K+0_J0.65,number_features,Budget2049,0,0.65,157,0;1;2;3;4;5;6;7;8;9;10;12;15,2042,0.275923050966499,0.266355966787623,0.929054498956631,100,21
K+0_J0,linear_features,Budget65,0,0,4,0;1;2;3;4;5;6;7;8;9;10;12;15,53,0.422690711733857,0.384324785917911,0.852294458929152,0.000464158883361278,22
K+0_J0,linear_features,Budget129,0,0,9,0;1;2;3;4;5;6;7;8;9;10;12;15,118,0.409954367912033,0.367220167982384,0.86514934822699,0.000464158883361278,22
K+0_J0,linear_features,Budget257,0,0,19,0;1;2;3;4;5;6;7;8;9;10;12;15,248,0.343842319724684,0.322345038015922,0.896093676466514,0.00464158883361278,22
K+0_J0,linear_features,Budget351,0,0,26,0;1;2;3;4;5;6;7;8;9;10;12;15,339,0.341922602338721,0.321559719551015,0.896599346762273,0.01,22
K+0_J0,linear_features,Budget513,0,0,39,0;1;2;3;4;5;6;7;8;9;10;12;15,508,0.339980601956046,0.320025471918593,0.897583697323282,0.0464158883361278,22
K+0_J0,linear_features,Budget1025,0,0,78,0;1;2;3;4;5;6;7;8;9;10;12;15,1015,0.326078628803881,0.31911357251854,0.898166527834455,21.5443469003188,22
K+0_J0,linear_features,Budget2049,0,0,157,0;1;2;3;4;5;6;7;8;9;10;12;15,2042,0.329917853972254,0.325521244639045,0.894035919288647,1000,22
K+0_J0,number_features,Budget65,0,0,4,0;1;2;3;4;5;6;7;8;9;10;12;15,53,0.433150547087521,0.379595097043223,0.855907562300746,1e-06,22
K+0_J0,number_features,Budget129,0,0,9,0;1;2;3;4;5;6;7;8;9;10;12;15,118,0.368070220615583,0.361009718108929,0.869671983430912,4.64158883361278e-05,22
K+0_J0,number_features,Budget257,0,0,19,0;1;2;3;4;5;6;7;8;9;10;12;15,248,0.354101933676443,0.329033333538513,0.891737065420534,0.0001,22
K+0_J0,number_features,Budget351,0,0,26,0;1;2;3;4;5;6;7;8;9;10;12;15,339,0.333734259016696,0.328534771926693,0.892064903635076,0.000464158883361278,22
K+0_J0,number_features,Budget513,0,0,39,0;1;2;3;4;5;6;7;8;9;10;12;15,508,0.37811412565254,0.319639806397258,0.897830394166323,0.0001,22
K+0_J0,number_features,Budget1025,0,0,78,0;1;2;3;4;5;6;7;8;9;10;12;15,1015,0.409456339204378,0.318631310248858,0.898474088129096,4.64158883361278,22
K+0_J0,number_features,Budget2049,0,0,157,0;1;2;3;4;5;6;7;8;9;10;12;15,2042,0.420499319050152,0.315745523814761,0.900304764190942,464.158883361278,22
K+0_J0.65,linear_features,Budget65,0,0.65,4,0;1;2;3;4;5;6;7;8;9;10;12;15,53,0.426634970507866,0.382316061952853,0.853834428772863,0.000464158883361278,22
K+0_J0.65,linear_features,Budget129,0,0.65,9,0;1;2;3;4;5;6;7;8;9;10;12;15,118,0.392803810889275,0.359599029514563,0.870688537972184,0.001,22
K+0_J0.65,linear_features,Budget257,0,0.65,19,0;1;2;3;4;5;6;7;8;9;10;12;15,248,0.353237214272851,0.309324425070578,0.904318400054756,1e-06,22
K+0_J0.65,linear_features,Budget351,0,0.65,26,0;1;2;3;4;5;6;7;8;9;10;12;15,339,0.330332504435579,0.284866283944431,0.918851200271691,0.0001,22
K+0_J0.65,linear_features,Budget513,0,0.65,39,0;1;2;3;4;5;6;7;8;9;10;12;15,508,0.315598685249807,0.268041989115587,0.92815349207096,0.0001,22
K+0_J0.65,linear_features,Budget1025,0,0.65,78,0;1;2;3;4;5;6;7;8;9;10;12;15,1015,0.304361843323527,0.263703228187168,0.930460607443667,2.15443469003188,22
K+0_J0.65,linear_features,Budget2049,0,0.65,157,0;1;2;3;4;5;6;7;8;9;10;12;15,2042,0.303524450424442,0.266530836813183,0.928961313027665,21.5443469003188,22
K+0_J0.65,number_features,Budget65,0,0.65,4,0;1;2;3;4;5;6;7;8;9;10;12;15,53,0.510731377271555,0.476871961137963,0.772593132680434,1e-06,22
K+0_J0.65,number_features,Budget129,0,0.65,9,0;1;2;3;4;5;6;7;8;9;10;12;15,118,0.423267547083575,0.382815781180193,0.853452077679399,0.01,22
K+0_J0.65,number_features,Budget257,0,0.65,19,0;1;2;3;4;5;6;7;8;9;10;12;15,248,0.388878572074797,0.352337683654584,0.875858156676922,0.00215443469003188,22
K+0_J0.65,number_features,Budget351,0,0.65,26,0;1;2;3;4;5;6;7;8;9;10;12;15,339,0.370816722631259,0.331090828036607,0.890378863590034,0.001,22
K+0_J0.65,number_features,Budget513,0,0.65,39,0;1;2;3;4;5;6;7;8;9;10;12;15,508,0.35837861617272,0.318870778731757,0.898321426471003,0.000215443469003188,22
K+0_J0.65,number_features,Budget1025,0,0.65,78,0;1;2;3;4;5;6;7;8;9;10;12;15,1015,0.317763931301063,0.275554330219266,0.924069811097412,2.15443469003189e-06,22
K+0_J0.65,number_features,Budget2049,0,0.65,157,0;1;2;3;4;5;6;7;8;9;10;12;15,2042,0.314812927277237,0.268026903951086,0.928161578758395,100,22
K+0_J0,linear_features,Budget65,0,0,4,0;1;2;3;4;5;6;7;8;9;10;12;15,53,0.36053321881794,0.384704199707585,0.852002678727346,0.000464158883361278,23
K+0_J0,linear_features,Budget129,0,0,9,0;1;2;3;4;5;6;7;8;9;10;12;15,118,0.332576544556305,0.356875813821074,0.872639653509546,0.000464158883361278,23
K+0_J0,linear_features,Budget257,0,0,19,0;1;2;3;4;5;6;7;8;9;10;12;15,248,0.305201400262928,0.323222376893601,0.895527295075251,0.00464158883361278,23
K+0_J0,linear_features,Budget351,0,0,26,0;1;2;3;4;5;6;7;8;9;10;12;15,339,0.304213164585457,0.322130533751692,0.89623191922485,0.01,23
K+0_J0,linear_features,Budget513,0,0,39,0;1;2;3;4;5;6;7;8;9;10;12;15,508,0.301084825962175,0.318163359117426,0.898772076915116,0.0464158883361278,23
K+0_J0,linear_features,Budget1025,0,0,78,0;1;2;3;4;5;6;7;8;9;10;12;15,1015,0.297803345540829,0.316914404958065,0.899565259930075,21.5443469003188,23
K+0_J0,linear_features,Budget2049,0,0,157,0;1;2;3;4;5;6;7;8;9;10;12;15,2042,0.305326016824201,0.325267882056102,0.894200804902738,1000,23
K+0_J0,number_features,Budget65,0,0,4,0;1;2;3;4;5;6;7;8;9;10;12;15,53,0.356420333210407,0.381716438653404,0.854292560461762,1e-06,23
K+0_J0,number_features,Budget129,0,0,9,0;1;2;3;4;5;6;7;8;9;10;12;15,118,0.314961299236514,0.334570890451521,0.888062319262476,4.64158883361278e-05,23
K+0_J0,number_features,Budget257,0,0,19,0;1;2;3;4;5;6;7;8;9;10;12;15,248,0.305195678541323,0.321127568522926,0.896877084734553,0.0001,23
K+0_J0,number_features,Budget351,0,0,26,0;1;2;3;4;5;6;7;8;9;10;12;15,339,0.304675698333094,0.319068653547737,0.898195194323234,0.000464158883361278,23
K+0_J0,number_features,Budget513,0,0,39,0;1;2;3;4;5;6;7;8;9;10;12;15,508,0.3008205134795,0.317951917162588,0.898906578372635,0.0001,23
K+0_J0,number_features,Budget1025,0,0,78,0;1;2;3;4;5;6;7;8;9;10;12;15,1015,0.301138375980121,0.319052164530176,0.898205716308609,4.64158883361278,23
K+0_J0,number_features,Budget2049,0,0,157,0;1;2;3;4;5;6;7;8;9;10;12;15,2042,0.306877547808357,0.440359596208604,0.806083426026996,464.158883361278,23
K+0_J0.65,linear_features,Budget65,0,0.65,4,0;1;2;3;4;5;6;7;8;9;10;12;15,53,0.357638466021283,0.385533413197377,0.851363987308381,0.000464158883361278,23
K+0_J0.65,linear_features,Budget129,0,0.65,9,0;1;2;3;4;5;6;7;8;9;10;12;15,118,0.324214791732947,0.350121627754686,0.877414845778409,0.001,23
K+0_J0.65,linear_features,Budget257,0,0.65,19,0;1;2;3;4;5;6;7;8;9;10;12;15,248,0.282232616222492,0.306310785448199,0.906173702718107,1e-06,23
K+0_J0.65,linear_features,Budget351,0,0.65,26,0;1;2;3;4;5;6;7;8;9;10;12;15,339,0.263180522737959,0.286650139245818,0.917831697670353,0.0001,23
K+0_J0.65,linear_features,Budget513,0,0.65,39,0;1;2;3;4;5;6;7;8;9;10;12;15,508,0.249343042707257,0.268133902899232,0.928104210116025,0.0001,23
K+0_J0.65,linear_features,Budget1025,0,0.65,78,0;1;2;3;4;5;6;7;8;9;10;12;15,1015,0.249186156421366,0.263966391993605,0.930321743897878,2.15443469003188,23
K+0_J0.65,linear_features,Budget2049,0,0.65,157,0;1;2;3;4;5;6;7;8;9;10;12;15,2042,0.252273090396757,0.262784087022461,0.930944523607772,21.5443469003188,23
K+0_J0.65,number_features,Budget65,0,0.65,4,0;1;2;3;4;5;6;7;8;9;10;12;15,53,0.368929294544835,0.389705197501488,0.848129859040326,1e-06,23
K+0_J0.65,number_features,Budget129,0,0.65,9,0;1;2;3;4;5;6;7;8;9;10;12;15,118,0.359677983065705,0.38024678496191,0.855412382526131,0.01,23
K+0_J0.65,number_features,Budget257,0,0.65,19,0;1;2;3;4;5;6;7;8;9;10;12;15,248,0.32280565394659,0.339744989605535,0.884573342037935,0.00215443469003188,23
K+0_J0.65,number_features,Budget351,0,0.65,26,0;1;2;3;4;5;6;7;8;9;10;12;15,339,0.30174179841948,0.317669647478245,0.899085995071047,0.001,23
K+0_J0.65,number_features,Budget513,0,0.65,39,0;1;2;3;4;5;6;7;8;9;10;12;15,508,0.269189978413969,0.287435974823003,0.91738056037755,0.000215443469003188,23
K+0_J0.65,number_features,Budget1025,0,0.65,78,0;1;2;3;4;5;6;7;8;9;10;12;15,1015,0.249837072295753,0.260614702064072,0.932079977068055,2.15443469003189e-06,23
K+0_J0.65,number_features,Budget2049,0,0.65,157,0;1;2;3;4;5;6;7;8;9;10;12;15,2042,0.246176132878253,0.259226731940036,0.932801501447688,100,23
K+0_J0,linear_features,Budget65,0,0,4,0;1;2;3;4;5;6;7;8;9;10;12;15,53,0.383165360539476,0.379016308122234,0.856346638177392,0.000464158883361278,24
K+0_J0,linear_features,Budget129,0,0,9,0;1;2;3;4;5;6;7;8;9;10;12;15,118,0.355196287284433,0.359774088113191,0.870562605522322,0.000464158883361278,24
K+0_J0,linear_features,Budget257,0,0,19,0;1;2;3;4;5;6;7;8;9;10;12;15,248,0.328728592886087,0.336766404522176,0.886588388785206,0.00464158883361278,24
K+0_J0,linear_features,Budget351,0,0,26,0;1;2;3;4;5;6;7;8;9;10;12;15,339,0.3296185559331,0.334764000762307,0.887933063793614,0.01,24
K+0_J0,linear_features,Budget513,0,0,39,0;1;2;3;4;5;6;7;8;9;10;12;15,508,0.320967742649102,0.328261504304026,0.892244384792058,0.0464158883361278,24
K+0_J0,linear_features,Budget1025,0,0,78,0;1;2;3;4;5;6;7;8;9;10;12;15,1015,0.319529030616742,0.322172321451447,0.896204995290585,21.5443469003188,24
K+0_J0,linear_features,Budget2049,0,0,157,0;1;2;3;4;5;6;7;8;9;10;12;15,2042,0.325191072214499,0.324583271401814,0.894645699926096,1000,24
K+0_J0,number_features,Budget65,0,0,4,0;1;2;3;4;5;6;7;8;9;10;12;15,53,0.496980742785944,0.491391844500777,0.758534055158124,1e-06,24
K+0_J0,number_features,Budget129,0,0,9,0;1;2;3;4;5;6;7;8;9;10;12;15,118,0.452547418393442,0.447009425643393,0.800182573385964,4.64158883361278e-05,24
K+0_J0,number_features,Budget257,0,0,19,0;1;2;3;4;5;6;7;8;9;10;12;15,248,0.349198291292583,0.356039609454376,0.873235796499576,0.0001,24
K+0_J0,number_features,Budget351,0,0,26,0;1;2;3;4;5;6;7;8;9;10;12;15,339,0.337228995594432,0.343020759360235,0.882336758647927,0.000464158883361278,24
K+0_J0,number_features,Budget513,0,0,39,0;1;2;3;4;5;6;7;8;9;10;12;15,508,0.326566969378619,0.333097783258871,0.889045866788026,0.0001,24
K+0_J0,number_features,Budget1025,0,0,78,0;1;2;3;4;5;6;7;8;9;10;12;15,1015,0.323224568447558,0.329197823244683,0.891628793170963,4.64158883361278,24
K+0_J0,number_features,Budget2049,0,0,157,0;1;2;3;4;5;6;7;8;9;10;12;15,2042,0.326565658156934,0.32750858286223,0.892738128151574,464.158883361278,24
K+0_J0.65,linear_features,Budget65,0,0.65,4,0;1;2;3;4;5;6;7;8;9;10;12;15,53,0.418008329026928,0.416840471696222,0.826244021156071,0.000464158883361278,24
K+0_J0.65,linear_features,Budget129,0,0.65,9,0;1;2;3;4;5;6;7;8;9;10;12;15,118,0.370091013893178,0.364312556638522,0.867276361075504,0.001,24
K+0_J0.65,linear_features,Budget257,0,0.65,19,0;1;2;3;4;5;6;7;8;9;10;12;15,248,0.325363688609894,0.316145113555012,0.900052267175288,1e-06,24
K+0_J0.65,linear_features,Budget351,0,0.65,26,0;1;2;3;4;5;6;7;8;9;10;12;15,339,0.312362612579258,0.302959534161471,0.908215520660665,0.0001,24
K+0_J0.65,linear_features,Budget513,0,0.65,39,0;1;2;3;4;5;6;7;8;9;10;12;15,508,0.292301868236942,0.288296900499885,0.916884897162159,0.0001,24
K+0_J0.65,linear_features,Budget1025,0,0.65,78,0;1;2;3;4;5;6;7;8;9;10;12;15,1015,0.277890648601194,0.274144615195029,0.924844729959569,2.15443469003188,24
K+0_J0.65,linear_features,Budget2049,0,0.65,157,0;1;2;3;4;5;6;7;8;9;10;12;15,2042,0.284199017129456,0.276111805014455,0.92376227113166,21.5443469003188,24
K+0_J0.65,number_features,Budget65,0,0.65,4,0;1;2;3;4;5;6;7;8;9;10;12;15,53,0.500953879636912,0.493859376322939,0.756102916417918,1e-06,24
K+0_J0.65,number_features,Budget129,0,0.65,9,0;1;2;3;4;5;6;7;8;9;10;12;15,118,0.439838559625558,0.422260538831498,0.821696037345733,0.01,24
K+0_J0.65,number_features,Budget257,0,0.65,19,0;1;2;3;4;5;6;7;8;9;10;12;15,248,0.356554683562147,0.356258249844739,0.873080059417564,0.00215443469003188,24
K+0_J0.65,number_features,Budget351,0,0.65,26,0;1;2;3;4;5;6;7;8;9;10;12;15,339,0.340764698143822,0.334697038904969,0.887977892148246,0.001,24
K+0_J0.65,number_features,Budget513,0,0.65,39,0;1;2;3;4;5;6;7;8;9;10;12;15,508,0.320681144272145,0.313166473136287,0.901926760103379,0.000215443469003188,24
K+0_J0.65,number_features,Budget1025,0,0.65,78,0;1;2;3;4;5;6;7;8;9;10;12;15,1015,0.290987821484153,0.293863032899824,0.913644517894917,2.15443469003189e-06,24
K+0_J0.65,number_features,Budget2049,0,0.65,157,0;1;2;3;4;5;6;7;8;9;10;12;15,2042,0.284032119552236,0.276600201953691,0.923492328279177,100,24
K+0_J0,linear_features,Budget65,0,0,4,0;1;2;3;4;5;6;7;8;9;10;12;15,53,0.413322570195182,0.38798202570122,0.849469947732778,0.000464158883361278,25
K+0_J0,linear_features,Budget129,0,0,9,0;1;2;3;4;5;6;7;8;9;10;12;15,118,0.383840093641766,0.377827860824845,0.857246107584521,0.000464158883361278,25
K+0_J0,linear_features,Budget257,0,0,19,0;1;2;3;4;5;6;7;8;9;10;12;15,248,0.333226513453401,0.331631135490602,0.890020789973214,0.00464158883361278,25
K+0_J0,linear_features,Budget351,0,0,26,0;1;2;3;4;5;6;7;8;9;10;12;15,339,0.329153660520662,0.332631036616813,0.889356593479224,0.01,25
K+0_J0,linear_features,Budget513,0,0,39,0;1;2;3;4;5;6;7;8;9;10;12;15,508,0.316223977699148,0.325081031990817,0.894322322639785,0.0464158883361278,25
K+0_J0,linear_features,Budget1025,0,0,78,0;1;2;3;4;5;6;7;8;9;10;12;15,1015,0.308414373793797,0.315730112272487,0.900314496204403,21.5443469003188,25
K+0_J0,linear_features,Budget2049,0,0,157,0;1;2;3;4;5;6;7;8;9;10;12;15,2042,0.314087862982368,0.318089196905215,0.898819262812195,1000,25
K+0_J0,number_features,Budget65,0,0,4,0;1;2;3;4;5;6;7;8;9;10;12;15,53,0.39941228446511,0.382778497088163,0.853480622166928,1e-06,25
K+0_J0,number_features,Budget129,0,0,9,0;1;2;3;4;5;6;7;8;9;10;12;15,118,0.367966636070235,0.363945341810279,0.867543788174599,4.64158883361278e-05,25
K+0_J0,number_features,Budget257,0,0,19,0;1;2;3;4;5;6;7;8;9;10;12;15,248,0.319418287282159,0.331228299445753,0.890287813646275,0.0001,25
K+0_J0,number_features,Budget351,0,0,26,0;1;2;3;4;5;6;7;8;9;10;12;15,339,0.313751335270553,0.327183975490846,0.892950646182005,0.000464158883361278,25
K+0_J0,number_features,Budget513,0,0,39,0;1;2;3;4;5;6;7;8;9;10;12;15,508,0.306351684911108,0.325307931320129,0.894174749820218,0.0001,25
K+0_J0,number_features,Budget1025,0,0,78,0;1;2;3;4;5;6;7;8;9;10;12;15,1015,0.303212259065735,0.322866445609976,0.895757258299181,4.64158883361278,25
K+0_J0,number_features,Budget2049,0,0,157,0;1;2;3;4;5;6;7;8;9;10;12;15,2042,0.305371027846946,0.326549214195845,0.893365610708076,464.158883361278,25
K+0_J0.65,linear_features,Budget65,0,0.65,4,0;1;2;3;4;5;6;7;8;9;10;12;15,53,0.455902578880386,0.431800986978166,0.813547907644681,0.000464158883361278,25
K+0_J0.65,linear_features,Budget129,0,0.65,9,0;1;2;3;4;5;6;7;8;9;10;12;15,118,0.398032417464495,0.370506253106278,0.862725116409146,0.001,25
K+0_J0.65,linear_features,Budget257,0,0.65,19,0;1;2;3;4;5;6;7;8;9;10;12;15,248,0.366073726183496,0.337467110823236,0.886115949112618,1e-06,25
K+0_J0.65,linear_features,Budget351,0,0.65,26,0;1;2;3;4;5;6;7;8;9;10;12;15,339,0.356894865822293,0.328108045074641,0.892345110757297,0.0001,25
K+0_J0.65,linear_features,Budget513,0,0.65,39,0;1;2;3;4;5;6;7;8;9;10;12;15,508,0.341405070016046,0.312144256793021,0.902565962951132,0.0001,25
K+0_J0.65,linear_features,Budget1025,0,0.65,78,0;1;2;3;4;5;6;7;8;9;10;12;15,1015,0.338745724959381,0.299863757430156,0.910081726979869,2.15443469003188,25
K+0_J0.65,linear_features,Budget2049,0,0.65,157,0;1;2;3;4;5;6;7;8;9;10;12;15,2042,0.319617391066495,0.295323153114144,0.91278423523472,21.5443469003188,25
K+0_J0.65,number_features,Budget65,0,0.65,4,0;1;2;3;4;5;6;7;8;9;10;12;15,53,0.522056406231298,0.511409542160677,0.738460280187006,1e-06,25
K+0_J0.65,number_features,Budget129,0,0.65,9,0;1;2;3;4;5;6;7;8;9;10;12;15,118,0.425296326647581,0.415742394313721,0.827158261570294,0.01,25
K+0_J0.65,number_features,Budget257,0,0.65,19,0;1;2;3;4;5;6;7;8;9;10;12;15,248,0.407124162529289,0.374603396228784,0.859672295533861,0.00215443469003188,25
K+0_J0.65,number_features,Budget351,0,0.65,26,0;1;2;3;4;5;6;7;8;9;10;12;15,339,0.39648067316888,0.357774261335883,0.871997577925564,0.001,25
K+0_J0.65,number_features,Budget513,0,0.65,39,0;1;2;3;4;5;6;7;8;9;10;12;15,508,0.381987918176307,0.347682161547214,0.879117114541857,0.000215443469003188,25
K+0_J0.65,number_features,Budget1025,0,0.65,78,0;1;2;3;4;5;6;7;8;9;10;12;15,1015,0.3436700566332,0.323597441613154,0.895284695781421,2.15443469003189e-06,25
K+0_J0.65,number_features,Budget2049,0,0.65,157,0;1;2;3;4;5;6;7;8;9;10;12;15,2042,0.323893896051996,0.312766586970841,0.902177062074611,100,25
K+0_J0,linear_features,Budget65,0,0,4,0;1;2;3;4;5;6;7;8;9;10;12;15,53,0.403975707371116,0.392713887543895,0.845775802530161,0.000464158883361278,26
K+0_J0,linear_features,Budget129,0,0,9,0;1;2;3;4;5;6;7;8;9;10;12;15,118,0.345527576644358,0.34233472289406,0.882806937501047,0.000464158883361278,26
K+0_J0,linear_features,Budget257,0,0,19,0;1;2;3;4;5;6;7;8;9;10;12;15,248,0.314795325348508,0.316040646806956,0.900118309565841,0.00464158883361278,26
K+0_J0,linear_features,Budget351,0,0,26,0;1;2;3;4;5;6;7;8;9;10;12;15,339,0.313160530819541,0.31323587736713,0.901883285130044,0.01,26
K+0_J0,linear_features,Budget513,0,0,39,0;1;2;3;4;5;6;7;8;9;10;12;15,508,0.307207866738181,0.309116956545837,0.904446707175839,0.0464158883361278,26
K+0_J0,linear_features,Budget1025,0,0,78,0;1;2;3;4;5;6;7;8;9;10;12;15,1015,0.302742209794988,0.304259384606823,0.907426226878677,21.5443469003188,26
K+0_J0,linear_features,Budget2049,0,0,157,0;1;2;3;4;5;6;7;8;9;10;12;15,2042,0.314548636180159,0.311549484905498,0.902936918455119,1000,26
K+0_J0,number_features,Budget65,0,0,4,0;1;2;3;4;5;6;7;8;9;10;12;15,53,0.382388402195213,0.382178252742162,0.853939783130948,1e-06,26
K+0_J0,number_features,Budget129,0,0,9,0;1;2;3;4;5;6;7;8;9;10;12;15,118,0.336261946768202,0.34185757074155,0.883133401326686,4.64158883361278e-05,26
K+0_J0,number_features,Budget257,0,0,19,0;1;2;3;4;5;6;7;8;9;10;12;15,248,0.318511162784437,0.32078260032785,0.897098523326903,0.0001,26
K+0_J0,number_features,Budget351,0,0,26,0;1;2;3;4;5;6;7;8;9;10;12;15,339,0.317187115071212,0.312175366195049,0.902546540740987,0.000464158883361278,26
K+0_J0,number_features,Budget513,0,0,39,0;1;2;3;4;5;6;7;8;9;10;12;15,508,0.310862441293019,0.308115040742353,0.905065121668338,0.0001,26
K+0_J0,number_features,Budget1025,0,0,78,0;1;2;3;4;5;6;7;8;9;10;12;15,1015,0.309461421177346,0.306959283842068,0.905775998063165,4.64158883361278,26
K+0_J0,number_features,Budget2049,0,0,157,0;1;2;3;4;5;6;7;8;9;10;12;15,2042,0.310739097535716,0.306821504341211,0.905860564473796,464.158883361278,26
K+0_J0.65,linear_features,Budget65,0,0.65,4,0;1;2;3;4;5;6;7;8;9;10;12;15,53,0.376954654916131,0.374251337112323,0.859935936669639,0.000464158883361278,26
K+0_J0.65,linear_features,Budget129,0,0.65,9,0;1;2;3;4;5;6;7;8;9;10;12;15,118,0.338188318862904,0.337382726495219,0.886172895862652,0.001,26
K+0_J0.65,linear_features,Budget257,0,0.65,19,0;1;2;3;4;5;6;7;8;9;10;12;15,248,0.283356983605571,0.287315419435411,0.917449849754654,1e-06,26
K+0_J0.65,linear_features,Budget351,0,0.65,26,0;1;2;3;4;5;6;7;8;9;10;12;15,339,0.272871208569559,0.272457698269176,0.925766802653862,0.0001,26
K+0_J0.65,linear_features,Budget513,0,0.65,39,0;1;2;3;4;5;6;7;8;9;10;12;15,508,0.261773256011607,0.261992321394672,0.931360023530231,0.0001,26
K+0_J0.65,linear_features,Budget1025,0,0.65,78,0;1;2;3;4;5;6;7;8;9;10;12;15,1015,0.259720802028059,0.260552464665028,0.932112413156979,2.15443469003188,26
K+0_J0.65,linear_features,Budget2049,0,0.65,157,0;1;2;3;4;5;6;7;8;9;10;12;15,2042,0.265486994909613,0.26284757922732,0.930911150094338,21.5443469003188,26
K+0_J0.65,number_features,Budget65,0,0.65,4,0;1;2;3;4;5;6;7;8;9;10;12;15,53,0.426923012514976,0.417437137132229,0.825746236542849,1e-06,26
K+0_J0.65,number_features,Budget129,0,0.65,9,0;1;2;3;4;5;6;7;8;9;10;12;15,118,0.379594574433669,0.377700761733815,0.857342134585696,0.01,26
K+0_J0.65,number_features,Budget257,0,0.65,19,0;1;2;3;4;5;6;7;8;9;10;12;15,248,0.342149083958354,0.340741825220455,0.883895008545433,0.00215443469003188,26
K+0_J0.65,number_features,Budget351,0,0.65,26,0;1;2;3;4;5;6;7;8;9;10;12;15,339,0.32698562189274,0.319651517033559,0.897822907658144,0.001,26
K+0_J0.65,number_features,Budget513,0,0.65,39,0;1;2;3;4;5;6;7;8;9;10;12;15,508,0.293912456760604,0.286762041547251,0.917767531527653,0.000215443469003188,26
K+0_J0.65,number_features,Budget1025,0,0.65,78,0;1;2;3;4;5;6;7;8;9;10;12;15,1015,0.275996531881513,0.268281394783095,0.928025093213237,2.15443469003189e-06,26
K+0_J0.65,number_features,Budget2049,0,0.65,157,0;1;2;3;4;5;6;7;8;9;10;12;15,2042,0.268893600593741,0.261825091269239,0.931447621581855,100,26
K+0_J0,linear_features,Budget65,0,0,4,0;1;2;3;4;5;6;7;8;9;10;12;15,53,0.3690907484838,0.408389368849616,0.833218123410612,0.000464158883361278,27
K+0_J0,linear_features,Budget129,0,0,9,0;1;2;3;4;5;6;7;8;9;10;12;15,118,0.325353747153097,0.346062804585341,0.880240535282528,0.000464158883361278,27
K+0_J0,linear_features,Budget257,0,0,19,0;1;2;3;4;5;6;7;8;9;10;12;15,248,0.314578220894377,0.321840334750342,0.896418798927788,0.00464158883361278,27
K+0_J0,linear_features,Budget351,0,0,26,0;1;2;3;4;5;6;7;8;9;10;12;15,339,0.314959557948876,0.320409660278965,0.897337649599918,0.01,27
K+0_J0,linear_features,Budget513,0,0,39,0;1;2;3;4;5;6;7;8;9;10;12;15,508,0.312096443083626,0.314891546450808,0.900843313973819,0.0464158883361278,27
K+0_J0,linear_features,Budget1025,0,0,78,0;1;2;3;4;5;6;7;8;9;10;12;15,1015,0.30811139896157,0.312441652153627,0.902380213999512,21.5443469003188,27
K+0_J0,linear_features,Budget2049,0,0,157,0;1;2;3;4;5;6;7;8;9;10;12;15,2042,0.309357193633527,0.312899973682287,0.902093606469624,1000,27
K+0_J0,number_features,Budget65,0,0,4,0;1;2;3;4;5;6;7;8;9;10;12;15,53,0.372438625436722,0.41307210834617,0.82937143330645,1e-06,27
K+0_J0,number_features,Budget129,0,0,9,0;1;2;3;4;5;6;7;8;9;10;12;15,118,0.325252851180555,0.355008929127232,0.873968660239936,4.64158883361278e-05,27
K+0_J0,number_features,Budget257,0,0,19,0;1;2;3;4;5;6;7;8;9;10;12;15,248,0.313518133660866,0.329526218546183,0.891412471290653,0.0001,27
K+0_J0,number_features,Budget351,0,0,26,0;1;2;3;4;5;6;7;8;9;10;12;15,339,0.313425980338037,0.320905574561275,0.897019612215498,0.000464158883361278,27
K+0_J0,number_features,Budget513,0,0,39,0;1;2;3;4;5;6;7;8;9;10;12;15,508,0.314329559468944,0.321412731152099,0.896693856253348,0.0001,27
K+0_J0,number_features,Budget1025,0,0,78,0;1;2;3;4;5;6;7;8;9;10;12;15,1015,0.311878163940721,0.320962550628121,0.896983041094291,4.64158883361278,27
K+0_J0,number_features,Budget2049,0,0,157,0;1;2;3;4;5;6;7;8;9;10;12;15,2042,0.311685597023363,0.321018870887256,0.896946884534272,464.158883361278,27
K+0_J0.65,linear_features,Budget65,0,0.65,4,0;1;2;3;4;5;6;7;8;9;10;12;15,53,0.358185982087685,0.405766943902153,0.835353187236307,0.000464158883361278,27
K+0_J0.65,linear_features,Budget129,0,0.65,9,0;1;2;3;4;5;6;7;8;9;10;12;15,118,0.34017265320173,0.383728561802452,0.852752390857022,0.001,27
K+0_J0.65,linear_features,Budget257,0,0.65,19,0;1;2;3;4;5;6;7;8;9;10;12;15,248,0.286179340347945,0.312427321855201,0.902389168558387,1e-06,27
K+0_J0.65,linear_features,Budget351,0,0.65,26,0;1;2;3;4;5;6;7;8;9;10;12;15,339,0.27266567568617,0.294453559892386,0.913297101066701,0.0001,27
K+0_J0.65,linear_features,Budget513,0,0.65,39,0;1;2;3;4;5;6;7;8;9;10;12;15,508,0.262699741959598,0.275690049986488,0.923994996338448,0.0001,27
K+0_J0.65,linear_features,Budget1025,0,0.65,78,0;1;2;3;4;5;6;7;8;9;10;12;15,1015,0.258763115489401,0.272578158375947,0.925701147576377,2.15443469003188,27
K+0_J0.65,linear_features,Budget2049,0,0.65,157,0;1;2;3;4;5;6;7;8;9;10;12;15,2042,0.262980492747408,0.273933727215784,0.924960313093669,21.5443469003188,27
K+0_J0.65,number_features,Budget65,0,0.65,4,0;1;2;3;4;5;6;7;8;9;10;12;15,53,0.418842450358812,0.450461816446057,0.797084151924119,1e-06,27
K+0_J0.65,number_features,Budget129,0,0.65,9,0;1;2;3;4;5;6;7;8;9;10;12;15,118,0.369317962429489,0.409094405782853,0.832641767157175,0.01,27
K+0_J0.65,number_features,Budget257,0,0.65,19,0;1;2;3;4;5;6;7;8;9;10;12;15,248,0.348043422800903,0.383597600502376,0.85285288088882,0.00215443469003188,27
K+0_J0.65,number_features,Budget351,0,0.65,26,0;1;2;3;4;5;6;7;8;9;10;12;15,339,0.325521119843575,0.351458855801241,0.876476672678882,0.001,27
K+0_J0.65,number_features,Budget513,0,0.65,39,0;1;2;3;4;5;6;7;8;9;10;12;15,508,0.311183895408017,0.325393519337219,0.894119057573339,0.000215443469003188,27
K+0_J0.65,number_features,Budget1025,0,0.65,78,0;1;2;3;4;5;6;7;8;9;10;12;15,1015,0.275000015545475,0.27730905844257,0.923099686105696,2.15443469003189e-06,27
K+0_J0.65,number_features,Budget2049,0,0.65,157,0;1;2;3;4;5;6;7;8;9;10;12;15,2042,0.265978913483875,0.271437371544238,0.926321753329155,100,27
K+0_J0,linear_features,Budget65,0,0,4,0;1;2;3;4;5;6;7;8;9;10;12;15,53,0.369486742577578,0.386241658389594,0.850817381324456,0.000464158883361278,28
K+0_J0,linear_features,Budget129,0,0,9,0;1;2;3;4;5;6;7;8;9;10;12;15,118,0.356484573395648,0.369769134382716,0.863270787257857,0.000464158883361278,28
K+0_J0,linear_features,Budget257,0,0,19,0;1;2;3;4;5;6;7;8;9;10;12;15,248,0.336818340866779,0.347037756482268,0.879564795575754,0.00464158883361278,28
K+0_J0,linear_features,Budget351,0,0,26,0;1;2;3;4;5;6;7;8;9;10;12;15,339,0.329360877838513,0.344191863170943,0.881531961326915,0.01,28
K+0_J0,linear_features,Budget513,0,0,39,0;1;2;3;4;5;6;7;8;9;10;12;15,508,0.315279301531893,0.333479935804141,0.888791132416066,0.0464158883361278,28
K+0_J0,linear_features,Budget1025,0,0,78,0;1;2;3;4;5;6;7;8;9;10;12;15,1015,0.312436972889758,0.331947277884419,0.889811004705124,21.5443469003188,28
K+0_J0,linear_features,Budget2049,0,0,157,0;1;2;3;4;5;6;7;8;9;10;12;15,2042,0.324076491538424,0.332951087146632,0.889143573567876,1000,28
K+0_J0,number_features,Budget65,0,0,4,0;1;2;3;4;5;6;7;8;9;10;12;15,53,0.394021713075488,0.400424100077294,0.839660540077289,1e-06,28
K+0_J0,number_features,Budget129,0,0,9,0;1;2;3;4;5;6;7;8;9;10;12;15,118,0.350717123696302,0.362336171123502,0.86871249909556,4.64158883361278e-05,28
K+0_J0,number_features,Budget257,0,0,19,0;1;2;3;4;5;6;7;8;9;10;12;15,248,0.341257657765115,0.349216140157394,0.878048087453571,0.0001,28
K+0_J0,number_features,Budget351,0,0,26,0;1;2;3;4;5;6;7;8;9;10;12;15,339,0.334280339996654,0.340558054894541,0.884020211246447,0.000464158883361278,28
K+0_J0,number_features,Budget513,0,0,39,0;1;2;3;4;5;6;7;8;9;10;12;15,508,0.318796828557224,0.329551363480661,0.891395898828037,0.0001,28
K+0_J0,number_features,Budget1025,0,0,78,0;1;2;3;4;5;6;7;8;9;10;12;15,1015,0.309449392486492,0.325793464474472,0.893858618505721,4.64158883361278,28
K+0_J0,number_features,Budget2049,0,0,157,0;1;2;3;4;5;6;7;8;9;10;12;15,2042,0.317052854604591,0.328183789419922,0.89229540036198,464.158883361278,28
K+0_J0.65,linear_features,Budget65,0,0.65,4,0;1;2;3;4;5;6;7;8;9;10;12;15,53,0.3979069873233,0.394549483680225,0.844330704927668,0.000464158883361278,28
K+0_J0.65,linear_features,Budget129,0,0.65,9,0;1;2;3;4;5;6;7;8;9;10;12;15,118,0.354402197532327,0.364310346949611,0.867277971105454,0.001,28
K+0_J0.65,linear_features,Budget257,0,0.65,19,0;1;2;3;4;5;6;7;8;9;10;12;15,248,0.319773642527399,0.329622907958559,0.891348738548943,1e-06,28
K+0_J0.65,linear_features,Budget351,0,0.65,26,0;1;2;3;4;5;6;7;8;9;10;12;15,339,0.300399515098056,0.312084230724771,0.902603432932928,0.0001,28
K+0_J0.65,linear_features,Budget513,0,0.65,39,0;1;2;3;4;5;6;7;8;9;10;12;15,508,0.281508043035301,0.288147051956415,0.916971276448827,0.0001,28
K+0_J0.65,linear_features,Budget1025,0,0.65,78,0;1;2;3;4;5;6;7;8;9;10;12;15,1015,0.27251865177288,0.279290042685575,0.92199707205669,2.15443469003188,28
K+0_J0.65,linear_features,Budget2049,0,0.65,157,0;1;2;3;4;5;6;7;8;9;10;12;15,2042,0.268780471391352,0.279040766986902,0.922136250359361,21.5443469003188,28
K+0_J0.65,number_features,Budget65,0,0.65,4,0;1;2;3;4;5;6;7;8;9;10;12;15,53,0.619488975541759,0.590431470343758,0.651390678827708,1e-06,28
K+0_J0.65,number_features,Budget129,0,0.65,9,0;1;2;3;4;5;6;7;8;9;10;12;15,118,0.370315732237554,0.38378214773333,0.852711263081193,0.01,28
K+0_J0.65,number_features,Budget257,0,0.65,19,0;1;2;3;4;5;6;7;8;9;10;12;15,248,0.335260587689225,0.344843956604127,0.881082645593611,0.00215443469003188,28
K+0_J0.65,number_features,Budget351,0,0.65,26,0;1;2;3;4;5;6;7;8;9;10;12;15,339,0.324203402129794,0.333933960535382,0.888488110001154,0.001,28
K+0_J0.65,number_features,Budget513,0,0.65,39,0;1;2;3;4;5;6;7;8;9;10;12;15,508,0.302575536449127,0.307879012967776,0.905210513373988,0.000215443469003188,28
K+0_J0.65,number_features,Budget1025,0,0.65,78,0;1;2;3;4;5;6;7;8;9;10;12;15,1015,0.269378628865717,0.275358558181425,0.924177664436247,2.15443469003189e-06,28
K+0_J0.65,number_features,Budget2049,0,0.65,157,0;1;2;3;4;5;6;7;8;9;10;12;15,2042,0.266030014257868,0.27590890614173,0.923874275511674,100,28
K+0_J0,linear_features,Budget65,0,0,4,0;1;2;3;4;5;6;7;8;9;10;12;15,53,0.403122019341158,0.411842273292879,0.830385941928954,0.000464158883361278,29
K+0_J0,linear_features,Budget129,0,0,9,0;1;2;3;4;5;6;7;8;9;10;12;15,118,0.383098773382103,0.376793205674935,0.858026880157206,0.000464158883361278,29
K+0_J0,linear_features,Budget257,0,0,19,0;1;2;3;4;5;6;7;8;9;10;12;15,248,0.335535802472143,0.324455358909398,0.894728720074974,0.00464158883361278,29
K+0_J0,linear_features,Budget351,0,0,26,0;1;2;3;4;5;6;7;8;9;10;12;15,339,0.332154996189839,0.320984380908517,0.896969027212776,0.01,29
K+0_J0,linear_features,Budget513,0,0,39,0;1;2;3;4;5;6;7;8;9;10;12;15,508,0.331732249956566,0.311338583335469,0.903068286526663,0.0464158883361278,29
K+0_J0,linear_features,Budget1025,0,0,78,0;1;2;3;4;5;6;7;8;9;10;12;15,1015,0.329551085988115,0.309786117760897,0.904032561242631,21.5443469003188,29
K+0_J0,linear_features,Budget2049,0,0,157,0;1;2;3;4;5;6;7;8;9;10;12;15,2042,0.332718808182103,0.315230224790687,0.900629905378413,1000,29
K+0_J0,number_features,Budget65,0,0,4,0;1;2;3;4;5;6;7;8;9;10;12;15,53,0.39876350855008,0.402464567759117,0.838022271698467,1e-06,29
K+0_J0,number_features,Budget129,0,0,9,0;1;2;3;4;5;6;7;8;9;10;12;15,118,0.361752251620002,0.348596261558594,0.878480646427372,4.64158883361278e-05,29
K+0_J0,number_features,Budget257,0,0,19,0;1;2;3;4;5;6;7;8;9;10;12;15,248,0.338132506375966,0.326005841588062,0.893720191250459,0.0001,29
K+0_J0,number_features,Budget351,0,0,26,0;1;2;3;4;5;6;7;8;9;10;12;15,339,0.335174867561497,0.320050086973034,0.897567941828553,0.000464158883361278,29
K+0_J0,number_features,Budget513,0,0,39,0;1;2;3;4;5;6;7;8;9;10;12;15,508,0.333622027602335,0.318339986173777,0.89865965320288,0.0001,29
K+0_J0,number_features,Budget1025,0,0,78,0;1;2;3;4;5;6;7;8;9;10;12;15,1015,0.331519142440928,0.315678973910288,0.900346785430948,4.64158883361278,29
K+0_J0,number_features,Budget2049,0,0,157,0;1;2;3;4;5;6;7;8;9;10;12;15,2042,0.332410203281611,0.311088365921061,0.903224028588564,464.158883361278,29
K+0_J0.65,linear_features,Budget65,0,0.65,4,0;1;2;3;4;5;6;7;8;9;10;12;15,53,0.399042960989524,0.399041372247959,0.840765983234466,0.000464158883361278,29
K+0_J0.65,linear_features,Budget129,0,0.65,9,0;1;2;3;4;5;6;7;8;9;10;12;15,118,0.373119583724359,0.379923420729132,0.855658194381475,0.001,29
K+0_J0.65,linear_features,Budget257,0,0.65,19,0;1;2;3;4;5;6;7;8;9;10;12;15,248,0.317375771068434,0.31918831964939,0.898118816599399,1e-06,29
K+0_J0.65,linear_features,Budget351,0,0.65,26,0;1;2;3;4;5;6;7;8;9;10;12;15,339,0.286776916427498,0.299223505024528,0.910465294040836,0.0001,29
K+0_J0.65,linear_features,Budget513,0,0.65,39,0;1;2;3;4;5;6;7;8;9;10;12;15,508,0.276886128709145,0.289008625440898,0.916474014420763,0.0001,29
K+0_J0.65,linear_features,Budget1025,0,0.65,78,0;1;2;3;4;5;6;7;8;9;10;12;15,1015,0.272611874718222,0.283695709701848,0.919516744296765,2.15443469003188,29
K+0_J0.65,linear_features,Budget2049,0,0.65,157,0;1;2;3;4;5;6;7;8;9;10;12;15,2042,0.274264737859354,0.281335754835829,0.920850193050954,21.5443469003188,29
K+0_J0.65,number_features,Budget65,0,0.65,4,0;1;2;3;4;5;6;7;8;9;10;12;15,53,0.437598494320796,0.449447144584673,0.797997264224684,1e-06,29
K+0_J0.65,number_features,Budget129,0,0.65,9,0;1;2;3;4;5;6;7;8;9;10;12;15,118,0.38750383968165,0.40131161161058,0.838948990386519,0.01,29
K+0_J0.65,number_features,Budget257,0,0.65,19,0;1;2;3;4;5;6;7;8;9;10;12;15,248,0.363527358432883,0.367251688973594,0.865126196946042,0.00215443469003188,29
K+0_J0.65,number_features,Budget351,0,0.65,26,0;1;2;3;4;5;6;7;8;9;10;12;15,339,0.35063216479937,0.357938949964702,0.871879708098167,0.001,29
K+0_J0.65,number_features,Budget513,0,0.65,39,0;1;2;3;4;5;6;7;8;9;10;12;15,508,0.320564497607673,0.330309708737914,0.890895496313474,0.000215443469003188,29
K+0_J0.65,number_features,Budget1025,0,0.65,78,0;1;2;3;4;5;6;7;8;9;10;12;15,1015,0.283550274051378,0.282847704526391,0.919997176044151,2.15443469003189e-06,29
K+0_J0.65,number_features,Budget2049,0,0.65,157,0;1;2;3;4;5;6;7;8;9;10;12;15,2042,0.277285853773009,0.277471740772116,0.923009433072892,100,29
K+0_J0,linear_features,Budget65,0,0,4,0;1;2;3;4;5;6;7;8;9;10;12;15,53,0.371714155894748,0.374169699965398,0.859997035627804,0.000464158883361278,30
K+0_J0,linear_features,Budget129,0,0,9,0;1;2;3;4;5;6;7;8;9;10;12;15,118,0.344891350448313,0.348071362351512,0.878846326710763,0.000464158883361278,30
K+0_J0,linear_features,Budget257,0,0,19,0;1;2;3;4;5;6;7;8;9;10;12;15,248,0.296540311577507,0.301381113473178,0.909169424441667,0.00464158883361278,30
K+0_J0,linear_features,Budget351,0,0,26,0;1;2;3;4;5;6;7;8;9;10;12;15,339,0.296295342625161,0.299049714714293,0.9105692681293,0.01,30
K+0_J0,linear_features,Budget513,0,0,39,0;1;2;3;4;5;6;7;8;9;10;12;15,508,0.292768457949128,0.29767108219771,0.911391926823244,0.0464158883361278,30
K+0_J0,linear_features,Budget1025,0,0,78,0;1;2;3;4;5;6;7;8;9;10;12;15,1015,0.289833949303507,0.296375849574825,0.912161355788801,21.5443469003188,30
K+0_J0,linear_features,Budget2049,0,0,157,0;1;2;3;4;5;6;7;8;9;10;12;15,2042,0.298034854055097,0.301102559796982,0.909337248483705,1000,30
K+0_J0,number_features,Budget65,0,0,4,0;1;2;3;4;5;6;7;8;9;10;12;15,53,0.354029308334664,0.359840327805351,0.870514938484938,1e-06,30
K+0_J0,number_features,Budget129,0,0,9,0;1;2;3;4;5;6;7;8;9;10;12;15,118,0.318238651111115,0.328663588960715,0.891980245291462,4.64158883361278e-05,30
K+0_J0,number_features,Budget257,0,0,19,0;1;2;3;4;5;6;7;8;9;10;12;15,248,0.307556349870008,0.314344851121988,0.901187314573095,0.0001,30
K+0_J0,number_features,Budget351,0,0,26,0;1;2;3;4;5;6;7;8;9;10;12;15,339,0.300375522776946,0.306174282831437,0.906257308532655,0.000464158883361278,30
K+0_J0,number_features,Budget513,0,0,39,0;1;2;3;4;5;6;7;8;9;10;12;15,508,0.295071398569482,0.302641987680951,0.908407827292523,0.0001,30
K+0_J0,number_features,Budget1025,0,0,78,0;1;2;3;4;5;6;7;8;9;10;12;15,1015,0.295040924690981,0.298840576103778,0.910694310073962,4.64158883361278,30
K+0_J0,number_features,Budget2049,0,0,157,0;1;2;3;4;5;6;7;8;9;10;12;15,2042,0.296737365498078,0.302478313168117,0.90850687006297,464.158883361278,30
K+0_J0.65,linear_features,Budget65,0,0.65,4,0;1;2;3;4;5;6;7;8;9;10;12;15,53,0.368311595375075,0.369803311825643,0.863245510562786,0.000464158883361278,30
K+0_J0.65,linear_features,Budget129,0,0.65,9,0;1;2;3;4;5;6;7;8;9;10;12;15,118,0.330624968456996,0.331357938437773,0.890201916634269,0.001,30
K+0_J0.65,linear_features,Budget257,0,0.65,19,0;1;2;3;4;5;6;7;8;9;10;12;15,248,0.267354330433524,0.27097744125878,0.926571226328845,1e-06,30
K+0_J0.65,linear_features,Budget351,0,0.65,26,0;1;2;3;4;5;6;7;8;9;10;12;15,339,0.255059932793617,0.258646099748739,0.933102195084766,0.0001,30
K+0_J0.65,linear_features,Budget513,0,0.65,39,0;1;2;3;4;5;6;7;8;9;10;12;15,508,0.24976179096565,0.249669593986137,0.937665093838797,0.0001,30
K+0_J0.65,linear_features,Budget1025,0,0.65,78,0;1;2;3;4;5;6;7;8;9;10;12;15,1015,0.244349107188344,0.243866337877528,0.940529209250203,2.15443469003188,30
K+0_J0.65,linear_features,Budget2049,0,0.65,157,0;1;2;3;4;5;6;7;8;9;10;12;15,2042,0.249148643152352,0.247084311924987,0.938949342800556,21.5443469003188,30
K+0_J0.65,number_features,Budget65,0,0.65,4,0;1;2;3;4;5;6;7;8;9;10;12;15,53,0.374647380586934,0.378044287540213,0.857082516658213,1e-06,30
K+0_J0.65,number_features,Budget129,0,0.65,9,0;1;2;3;4;5;6;7;8;9;10;12;15,118,0.35259334781593,0.358207099795511,0.871687673656089,0.01,30
K+0_J0.65,number_features,Budget257,0,0.65,19,0;1;2;3;4;5;6;7;8;9;10;12;15,248,0.329114905518996,0.333392251957467,0.888849606334729,0.00215443469003188,30
K+0_J0.65,number_features,Budget351,0,0.65,26,0;1;2;3;4;5;6;7;8;9;10;12;15,339,0.306580366475133,0.312930094015817,0.902074756259252,0.001,30
K+0_J0.65,number_features,Budget513,0,0.65,39,0;1;2;3;4;5;6;7;8;9;10;12;15,508,0.272770099456614,0.275401098599162,0.924154234890375,0.000215443469003188,30
K+0_J0.65,number_features,Budget1025,0,0.65,78,0;1;2;3;4;5;6;7;8;9;10;12;15,1015,0.2472124886529,0.247219811395716,0.938882364853467,2.15443469003189e-06,30
K+0_J0.65,number_features,Budget2049,0,0.65,157,0;1;2;3;4;5;6;7;8;9;10;12;15,2042,0.247201471800637,0.243857045655041,0.940533741284395,100,30
