seedIndex,conditionIndex,condition,perturbation,level,replicate,protocol,ridgeLambda,validationNRMSE
1,1,J=0,clean,0,1,zero_shot,0.001,0.295989966979599
1,1,J=0,detector_snr_db,40,1,zero_shot,0.001,1.64604185793811
1,1,J=0,detector_snr_db,40,1,pca_readout_recalibrated,0.001,0.33340039380175
1,1,J=0,detector_snr_db,40,2,zero_shot,0.001,1.62454865434775
1,1,J=0,detector_snr_db,40,2,pca_readout_recalibrated,0.001,0.33838503174554
1,1,J=0,detector_snr_db,40,3,zero_shot,0.001,1.61139440805707
1,1,J=0,detector_snr_db,40,3,pca_readout_recalibrated,0.001,0.333178976238663
1,1,J=0,detector_snr_db,30,1,zero_shot,0.001,5.05703920622959
1,1,J=0,detector_snr_db,30,1,pca_readout_recalibrated,0.001,0.372686318415071
1,1,J=0,detector_snr_db,30,2,zero_shot,0.001,5.1841735710018
1,1,J=0,detector_snr_db,30,2,pca_readout_recalibrated,0.001,0.372336314773502
1,1,J=0,detector_snr_db,30,3,zero_shot,0.001,5.0695757993958
1,1,J=0,detector_snr_db,30,3,pca_readout_recalibrated,0.001,0.370287893903724
1,1,J=0,detector_snr_db,20,1,zero_shot,0.001,15.8397534083466
1,1,J=0,detector_snr_db,20,1,pca_readout_recalibrated,0.001,0.39124076553672
1,1,J=0,detector_snr_db,20,2,zero_shot,0.001,16.1228174365916
1,1,J=0,detector_snr_db,20,2,pca_readout_recalibrated,0.001,0.387125804837429
1,1,J=0,detector_snr_db,20,3,zero_shot,0.001,16.0680129842172
1,1,J=0,detector_snr_db,20,3,pca_readout_recalibrated,0.001,0.388554408501326
1,1,J=0,shot_noise_photons,100000,1,zero_shot,0.001,0.458802284502718
1,1,J=0,shot_noise_photons,100000,1,pca_readout_recalibrated,0.001,0.307920733322514
1,1,J=0,shot_noise_photons,100000,2,zero_shot,0.001,0.458661538561404
1,1,J=0,shot_noise_photons,100000,2,pca_readout_recalibrated,0.001,0.307172945224163
1,1,J=0,shot_noise_photons,100000,3,zero_shot,0.001,0.465110400807059
1,1,J=0,shot_noise_photons,100000,3,pca_readout_recalibrated,0.001,0.30565889855188
1,1,J=0,shot_noise_photons,10000,1,zero_shot,0.001,1.16557371477687
1,1,J=0,shot_noise_photons,10000,1,pca_readout_recalibrated,0.001,0.323966040292772
1,1,J=0,shot_noise_photons,10000,2,zero_shot,0.001,1.14392759246552
1,1,J=0,shot_noise_photons,10000,2,pca_readout_recalibrated,0.001,0.323920314921079
1,1,J=0,shot_noise_photons,10000,3,zero_shot,0.001,1.16246845385184
1,1,J=0,shot_noise_photons,10000,3,pca_readout_recalibrated,0.001,0.323701742574919
1,1,J=0,shot_noise_photons,1000,1,zero_shot,0.001,3.59866382565483
1,1,J=0,shot_noise_photons,1000,1,pca_readout_recalibrated,0.001,0.359032148517094
1,1,J=0,shot_noise_photons,1000,2,zero_shot,0.001,3.5548140574799
1,1,J=0,shot_noise_photons,1000,2,pca_readout_recalibrated,0.001,0.359102666131072
1,1,J=0,shot_noise_photons,1000,3,zero_shot,0.001,3.56424762251609
1,1,J=0,shot_noise_photons,1000,3,pca_readout_recalibrated,0.001,0.364450675007737
1,1,J=0,quantization_bits,12,1,zero_shot,0.001,0.325179053992285
1,1,J=0,quantization_bits,12,1,pca_readout_recalibrated,0.001,0.324615363548953
1,1,J=0,quantization_bits,12,2,zero_shot,0.001,0.325179053992285
1,1,J=0,quantization_bits,12,2,pca_readout_recalibrated,0.001,0.324615363548953
1,1,J=0,quantization_bits,12,3,zero_shot,0.001,0.325179053992285
1,1,J=0,quantization_bits,12,3,pca_readout_recalibrated,0.001,0.324615363548953
1,1,J=0,quantization_bits,8,1,zero_shot,0.001,0.335456757562382
1,1,J=0,quantization_bits,8,1,pca_readout_recalibrated,0.001,0.317911049416294
1,1,J=0,quantization_bits,8,2,zero_shot,0.001,0.335456757562382
1,1,J=0,quantization_bits,8,2,pca_readout_recalibrated,0.001,0.317911049416294
1,1,J=0,quantization_bits,8,3,zero_shot,0.001,0.335456757562382
1,1,J=0,quantization_bits,8,3,pca_readout_recalibrated,0.001,0.317911049416294
1,1,J=0,quantization_bits,6,1,zero_shot,0.001,0.467321189733889
1,1,J=0,quantization_bits,6,1,pca_readout_recalibrated,0.001,0.314409794157819
1,1,J=0,quantization_bits,6,2,zero_shot,0.001,0.467321189733889
1,1,J=0,quantization_bits,6,2,pca_readout_recalibrated,0.001,0.314409794157819
1,1,J=0,quantization_bits,6,3,zero_shot,0.001,0.467321189733889
1,1,J=0,quantization_bits,6,3,pca_readout_recalibrated,0.001,0.314409794157819
1,1,J=0,correlated_noise_fraction,0,1,zero_shot,0.001,4.98261831653474
1,1,J=0,correlated_noise_fraction,0,1,pca_readout_recalibrated,0.001,0.369777376974732
1,1,J=0,correlated_noise_fraction,0,2,zero_shot,0.001,5.04238633883407
1,1,J=0,correlated_noise_fraction,0,2,pca_readout_recalibrated,0.001,0.371390961561413
1,1,J=0,correlated_noise_fraction,0,3,zero_shot,0.001,5.12549517090789
1,1,J=0,correlated_noise_fraction,0,3,pca_readout_recalibrated,0.001,0.36952571271988
1,1,J=0,correlated_noise_fraction,0.5,1,zero_shot,0.001,6.02375462800332
1,1,J=0,correlated_noise_fraction,0.5,1,pca_readout_recalibrated,0.001,0.351770383206163
1,1,J=0,correlated_noise_fraction,0.5,2,zero_shot,0.001,5.80865559644281
1,1,J=0,correlated_noise_fraction,0.5,2,pca_readout_recalibrated,0.001,0.361882278921333
1,1,J=0,correlated_noise_fraction,0.5,3,zero_shot,0.001,6.0528465516355
1,1,J=0,correlated_noise_fraction,0.5,3,pca_readout_recalibrated,0.001,0.359452030548056
1,1,J=0,correlated_noise_fraction,0.9,1,zero_shot,0.001,6.61822429379245
1,1,J=0,correlated_noise_fraction,0.9,1,pca_readout_recalibrated,0.001,0.330610563680309
1,1,J=0,correlated_noise_fraction,0.9,2,zero_shot,0.001,6.57822520488013
1,1,J=0,correlated_noise_fraction,0.9,2,pca_readout_recalibrated,0.001,0.329356705916849
1,1,J=0,correlated_noise_fraction,0.9,3,zero_shot,0.001,6.51437631949462
1,1,J=0,correlated_noise_fraction,0.9,3,pca_readout_recalibrated,0.001,0.325203043527445
1,1,J=0,retained_channel_fraction,0.75,1,zero_shot,0.001,2.4926139025929
1,1,J=0,retained_channel_fraction,0.75,1,pca_readout_recalibrated,0.001,0.294997486433537
1,1,J=0,retained_channel_fraction,0.75,2,zero_shot,0.001,2.02924814886521
1,1,J=0,retained_channel_fraction,0.75,2,pca_readout_recalibrated,0.001,0.294829980897113
1,1,J=0,retained_channel_fraction,0.75,3,zero_shot,0.001,2.82859514386037
1,1,J=0,retained_channel_fraction,0.75,3,pca_readout_recalibrated,0.001,0.294968334264358
1,1,J=0,retained_channel_fraction,0.5,1,zero_shot,0.001,2.01437939740789
1,1,J=0,retained_channel_fraction,0.5,1,pca_readout_recalibrated,0.001,0.296515566786973
1,1,J=0,retained_channel_fraction,0.5,2,zero_shot,0.001,1.70819870800448
1,1,J=0,retained_channel_fraction,0.5,2,pca_readout_recalibrated,0.001,0.294802300870099
1,1,J=0,retained_channel_fraction,0.5,3,zero_shot,0.001,3.56666101864135
1,1,J=0,retained_channel_fraction,0.5,3,pca_readout_recalibrated,0.001,0.29601916513603
1,1,J=0,retained_channel_fraction,0.25,1,zero_shot,0.001,2.21976197523582
1,1,J=0,retained_channel_fraction,0.25,1,pca_readout_recalibrated,0.001,0.293055210470135
1,1,J=0,retained_channel_fraction,0.25,2,zero_shot,0.001,2.68300240858666
1,1,J=0,retained_channel_fraction,0.25,2,pca_readout_recalibrated,0.001,0.296888903692305
1,1,J=0,retained_channel_fraction,0.25,3,zero_shot,0.001,3.12204883444478
1,1,J=0,retained_channel_fraction,0.25,3,pca_readout_recalibrated,0.001,0.294923880773711
1,1,J=0,gain_mismatch_sigma,0.01,1,zero_shot,0.001,1.84862130671202
1,1,J=0,gain_mismatch_sigma,0.01,1,pca_readout_recalibrated,0.001,0.295989966979452
1,1,J=0,gain_mismatch_sigma,0.01,2,zero_shot,0.001,0.849368745231802
1,1,J=0,gain_mismatch_sigma,0.01,2,pca_readout_recalibrated,0.001,0.295989966978059
1,1,J=0,gain_mismatch_sigma,0.01,3,zero_shot,0.001,0.337322894720897
1,1,J=0,gain_mismatch_sigma,0.01,3,pca_readout_recalibrated,0.001,0.295989966977977
1,1,J=0,gain_mismatch_sigma,0.05,1,zero_shot,0.001,1.04721213841105
1,1,J=0,gain_mismatch_sigma,0.05,1,pca_readout_recalibrated,0.001,0.295989966977675
1,1,J=0,gain_mismatch_sigma,0.05,2,zero_shot,0.001,2.78671592097182
1,1,J=0,gain_mismatch_sigma,0.05,2,pca_readout_recalibrated,0.001,0.295989966978618
1,1,J=0,gain_mismatch_sigma,0.05,3,zero_shot,0.001,4.92972600418795
1,1,J=0,gain_mismatch_sigma,0.05,3,pca_readout_recalibrated,0.001,0.295989966974969
1,1,J=0,gain_mismatch_sigma,0.1,1,zero_shot,0.001,6.5948860607522
1,1,J=0,gain_mismatch_sigma,0.1,1,pca_readout_recalibrated,0.001,0.295989966977136
1,1,J=0,gain_mismatch_sigma,0.1,2,zero_shot,0.001,11.0919528588591
1,1,J=0,gain_mismatch_sigma,0.1,2,pca_readout_recalibrated,0.001,0.295989966978335
1,1,J=0,gain_mismatch_sigma,0.1,3,zero_shot,0.001,2.13679545824829
1,1,J=0,gain_mismatch_sigma,0.1,3,pca_readout_recalibrated,0.001,0.295989966978118
1,1,J=0,sampling_jitter_fraction,0.01,1,zero_shot,0.001,0.296046777027927
1,1,J=0,sampling_jitter_fraction,0.01,1,pca_readout_recalibrated,0.001,0.295952801929131
1,1,J=0,sampling_jitter_fraction,0.01,2,zero_shot,0.001,0.296046777027927
1,1,J=0,sampling_jitter_fraction,0.01,2,pca_readout_recalibrated,0.001,0.295952801929131
1,1,J=0,sampling_jitter_fraction,0.01,3,zero_shot,0.001,0.296046777027927
1,1,J=0,sampling_jitter_fraction,0.01,3,pca_readout_recalibrated,0.001,0.295952801929131
1,1,J=0,sampling_jitter_fraction,0.05,1,zero_shot,0.001,0.298494306175868
1,1,J=0,sampling_jitter_fraction,0.05,1,pca_readout_recalibrated,0.001,0.295807124855609
1,1,J=0,sampling_jitter_fraction,0.05,2,zero_shot,0.001,0.298494306175868
1,1,J=0,sampling_jitter_fraction,0.05,2,pca_readout_recalibrated,0.001,0.295807124855609
1,1,J=0,sampling_jitter_fraction,0.05,3,zero_shot,0.001,0.298494306175868
1,1,J=0,sampling_jitter_fraction,0.05,3,pca_readout_recalibrated,0.001,0.295807124855609
1,1,J=0,sampling_jitter_fraction,0.1,1,zero_shot,0.001,0.306413440147171
1,1,J=0,sampling_jitter_fraction,0.1,1,pca_readout_recalibrated,0.001,0.295631475818239
1,1,J=0,sampling_jitter_fraction,0.1,2,zero_shot,0.001,0.306413440147171
1,1,J=0,sampling_jitter_fraction,0.1,2,pca_readout_recalibrated,0.001,0.295631475818239
1,1,J=0,sampling_jitter_fraction,0.1,3,zero_shot,0.001,0.306413440147171
1,1,J=0,sampling_jitter_fraction,0.1,3,pca_readout_recalibrated,0.001,0.295631475818239
1,1,J=0,failed_modes,1,1,zero_shot,0.001,2.73096608914481
1,1,J=0,failed_modes,1,1,pca_readout_recalibrated,0.001,0.293256595050087
1,1,J=0,failed_modes,1,2,zero_shot,0.001,1.31244778106929
1,1,J=0,failed_modes,1,2,pca_readout_recalibrated,0.001,0.294765337057685
1,1,J=0,failed_modes,1,3,zero_shot,0.001,0.887137340984275
1,1,J=0,failed_modes,1,3,pca_readout_recalibrated,0.001,0.295640175164726
1,1,J=0,failed_modes,2,1,zero_shot,0.001,2.60849376070358
1,1,J=0,failed_modes,2,1,pca_readout_recalibrated,0.001,0.298252206136198
1,1,J=0,failed_modes,2,2,zero_shot,0.001,2.30558361545137
1,1,J=0,failed_modes,2,2,pca_readout_recalibrated,0.001,0.296885888766571
1,1,J=0,failed_modes,2,3,zero_shot,0.001,2.68313778151335
1,1,J=0,failed_modes,2,3,pca_readout_recalibrated,0.001,0.293966935941493
1,1,J=0,failed_modes,3,1,zero_shot,0.001,1.80037462339265
1,1,J=0,failed_modes,3,1,pca_readout_recalibrated,0.001,0.29900465505905
1,1,J=0,failed_modes,3,2,zero_shot,0.001,1.0218240247207
1,1,J=0,failed_modes,3,2,pca_readout_recalibrated,0.001,0.29461767066372
1,1,J=0,failed_modes,3,3,zero_shot,0.001,2.52479086240116
1,1,J=0,failed_modes,3,3,pca_readout_recalibrated,0.001,0.294259239904907
1,4,J=0.65,clean,0,1,zero_shot,0.00215443469003188,0.264972189023996
1,4,J=0.65,detector_snr_db,40,1,zero_shot,0.00215443469003188,4.01789694250106
1,4,J=0.65,detector_snr_db,40,1,pca_readout_recalibrated,0.00215443469003188,0.3488286513747
1,4,J=0.65,detector_snr_db,40,2,zero_shot,0.00215443469003188,4.11140978028651
1,4,J=0.65,detector_snr_db,40,2,pca_readout_recalibrated,0.00215443469003188,0.346022854825839
1,4,J=0.65,detector_snr_db,40,3,zero_shot,0.00215443469003188,4.25651232805517
1,4,J=0.65,detector_snr_db,40,3,pca_readout_recalibrated,0.00215443469003188,0.350754565204425
1,4,J=0.65,detector_snr_db,30,1,zero_shot,0.00215443469003188,12.8216266220593
1,4,J=0.65,detector_snr_db,30,1,pca_readout_recalibrated,0.00215443469003188,0.375623354091697
1,4,J=0.65,detector_snr_db,30,2,zero_shot,0.00215443469003188,12.7438950713627
1,4,J=0.65,detector_snr_db,30,2,pca_readout_recalibrated,0.00215443469003188,0.377698817991801
1,4,J=0.65,detector_snr_db,30,3,zero_shot,0.00215443469003188,12.9967070748657
1,4,J=0.65,detector_snr_db,30,3,pca_readout_recalibrated,0.00215443469003188,0.380813689537279
1,4,J=0.65,detector_snr_db,20,1,zero_shot,0.00215443469003188,41.1147814538878
1,4,J=0.65,detector_snr_db,20,1,pca_readout_recalibrated,0.00215443469003188,0.408472159156334
1,4,J=0.65,detector_snr_db,20,2,zero_shot,0.00215443469003188,40.5047245036149
1,4,J=0.65,detector_snr_db,20,2,pca_readout_recalibrated,0.00215443469003188,0.410012813914545
1,4,J=0.65,detector_snr_db,20,3,zero_shot,0.00215443469003188,40.9198170542123
1,4,J=0.65,detector_snr_db,20,3,pca_readout_recalibrated,0.00215443469003188,0.40753908591229
1,4,J=0.65,shot_noise_photons,100000,1,zero_shot,0.00215443469003188,0.963095250329345
1,4,J=0.65,shot_noise_photons,100000,1,pca_readout_recalibrated,0.00215443469003188,0.300922867625506
1,4,J=0.65,shot_noise_photons,100000,2,zero_shot,0.00215443469003188,0.947149036254418
1,4,J=0.65,shot_noise_photons,100000,2,pca_readout_recalibrated,0.00215443469003188,0.303770505346261
1,4,J=0.65,shot_noise_photons,100000,3,zero_shot,0.00215443469003188,0.949544065872594
1,4,J=0.65,shot_noise_photons,100000,3,pca_readout_recalibrated,0.00215443469003188,0.303160011798791
1,4,J=0.65,shot_noise_photons,10000,1,zero_shot,0.00215443469003188,2.96983140752964
1,4,J=0.65,shot_noise_photons,10000,1,pca_readout_recalibrated,0.00215443469003188,0.33483722838509
1,4,J=0.65,shot_noise_photons,10000,2,zero_shot,0.00215443469003188,2.8627578173946
1,4,J=0.65,shot_noise_photons,10000,2,pca_readout_recalibrated,0.00215443469003188,0.337594393192927
1,4,J=0.65,shot_noise_photons,10000,3,zero_shot,0.00215443469003188,2.91350861542172
1,4,J=0.65,shot_noise_photons,10000,3,pca_readout_recalibrated,0.00215443469003188,0.333202152957992
1,4,J=0.65,shot_noise_photons,1000,1,zero_shot,0.00215443469003188,9.1039257746272
1,4,J=0.65,shot_noise_photons,1000,1,pca_readout_recalibrated,0.00215443469003188,0.367245218337289
1,4,J=0.65,shot_noise_photons,1000,2,zero_shot,0.00215443469003188,9.26753104570602
1,4,J=0.65,shot_noise_photons,1000,2,pca_readout_recalibrated,0.00215443469003188,0.371086388530728
1,4,J=0.65,shot_noise_photons,1000,3,zero_shot,0.00215443469003188,9.19116699767405
1,4,J=0.65,shot_noise_photons,1000,3,pca_readout_recalibrated,0.00215443469003188,0.370928423196447
1,4,J=0.65,quantization_bits,12,1,zero_shot,0.00215443469003188,0.391590525208408
1,4,J=0.65,quantization_bits,12,1,pca_readout_recalibrated,0.00215443469003188,0.377173597571468
1,4,J=0.65,quantization_bits,12,2,zero_shot,0.00215443469003188,0.391590525208408
1,4,J=0.65,quantization_bits,12,2,pca_readout_recalibrated,0.00215443469003188,0.377173597571468
1,4,J=0.65,quantization_bits,12,3,zero_shot,0.00215443469003188,0.391590525208408
1,4,J=0.65,quantization_bits,12,3,pca_readout_recalibrated,0.00215443469003188,0.377173597571468
1,4,J=0.65,quantization_bits,8,1,zero_shot,0.00215443469003188,0.427677205141788
1,4,J=0.65,quantization_bits,8,1,pca_readout_recalibrated,0.00215443469003188,0.285241183999452
1,4,J=0.65,quantization_bits,8,2,zero_shot,0.00215443469003188,0.427677205141788
1,4,J=0.65,quantization_bits,8,2,pca_readout_recalibrated,0.00215443469003188,0.285241183999452
1,4,J=0.65,quantization_bits,8,3,zero_shot,0.00215443469003188,0.427677205141788
1,4,J=0.65,quantization_bits,8,3,pca_readout_recalibrated,0.00215443469003188,0.285241183999452
1,4,J=0.65,quantization_bits,6,1,zero_shot,0.00215443469003188,0.849537452078496
1,4,J=0.65,quantization_bits,6,1,pca_readout_recalibrated,0.00215443469003188,0.310718605777708
1,4,J=0.65,quantization_bits,6,2,zero_shot,0.00215443469003188,0.849537452078496
1,4,J=0.65,quantization_bits,6,2,pca_readout_recalibrated,0.00215443469003188,0.310718605777708
1,4,J=0.65,quantization_bits,6,3,zero_shot,0.00215443469003188,0.849537452078496
1,4,J=0.65,quantization_bits,6,3,pca_readout_recalibrated,0.00215443469003188,0.310718605777708
1,4,J=0.65,correlated_noise_fraction,0,1,zero_shot,0.00215443469003188,13.1120309956813
1,4,J=0.65,correlated_noise_fraction,0,1,pca_readout_recalibrated,0.00215443469003188,0.378613069111973
1,4,J=0.65,correlated_noise_fraction,0,2,zero_shot,0.00215443469003188,12.7831468058038
1,4,J=0.65,correlated_noise_fraction,0,2,pca_readout_recalibrated,0.00215443469003188,0.377702593580081
1,4,J=0.65,correlated_noise_fraction,0,3,zero_shot,0.00215443469003188,12.8353690115576
1,4,J=0.65,correlated_noise_fraction,0,3,pca_readout_recalibrated,0.00215443469003188,0.380991722104277
1,4,J=0.65,correlated_noise_fraction,0.5,1,zero_shot,0.00215443469003188,26.8215339896197
1,4,J=0.65,correlated_noise_fraction,0.5,1,pca_readout_recalibrated,0.00215443469003188,0.370234067525565
1,4,J=0.65,correlated_noise_fraction,0.5,2,zero_shot,0.00215443469003188,26.6591916379959
1,4,J=0.65,correlated_noise_fraction,0.5,2,pca_readout_recalibrated,0.00215443469003188,0.371030556292761
1,4,J=0.65,correlated_noise_fraction,0.5,3,zero_shot,0.00215443469003188,26.6624548301612
1,4,J=0.65,correlated_noise_fraction,0.5,3,pca_readout_recalibrated,0.00215443469003188,0.37207542334042
1,4,J=0.65,correlated_noise_fraction,0.9,1,zero_shot,0.00215443469003188,34.4609243874433
1,4,J=0.65,correlated_noise_fraction,0.9,1,pca_readout_recalibrated,0.00215443469003188,0.348656536963915
1,4,J=0.65,correlated_noise_fraction,0.9,2,zero_shot,0.00215443469003188,34.3348198378986
1,4,J=0.65,correlated_noise_fraction,0.9,2,pca_readout_recalibrated,0.00215443469003188,0.344295391617966
1,4,J=0.65,correlated_noise_fraction,0.9,3,zero_shot,0.00215443469003188,33.5848180188154
1,4,J=0.65,correlated_noise_fraction,0.9,3,pca_readout_recalibrated,0.00215443469003188,0.349843377144042
1,4,J=0.65,retained_channel_fraction,0.75,1,zero_shot,0.00215443469003188,6.49789298433792
1,4,J=0.65,retained_channel_fraction,0.75,1,pca_readout_recalibrated,0.00215443469003188,0.264639493435641
1,4,J=0.65,retained_channel_fraction,0.75,2,zero_shot,0.00215443469003188,8.15156918948583
1,4,J=0.65,retained_channel_fraction,0.75,2,pca_readout_recalibrated,0.00215443469003188,0.268135208250435
1,4,J=0.65,retained_channel_fraction,0.75,3,zero_shot,0.00215443469003188,6.83401415908823
1,4,J=0.65,retained_channel_fraction,0.75,3,pca_readout_recalibrated,0.00215443469003188,0.266578726924056
1,4,J=0.65,retained_channel_fraction,0.5,1,zero_shot,0.00215443469003188,6.23171778510535
1,4,J=0.65,retained_channel_fraction,0.5,1,pca_readout_recalibrated,0.00215443469003188,0.271167959708282
1,4,J=0.65,retained_channel_fraction,0.5,2,zero_shot,0.00215443469003188,7.30508134001596
1,4,J=0.65,retained_channel_fraction,0.5,2,pca_readout_recalibrated,0.00215443469003188,0.266391908985727
1,4,J=0.65,retained_channel_fraction,0.5,3,zero_shot,0.00215443469003188,11.7546156497509
1,4,J=0.65,retained_channel_fraction,0.5,3,pca_readout_recalibrated,0.00215443469003188,0.26897366437233
1,4,J=0.65,retained_channel_fraction,0.25,1,zero_shot,0.00215443469003188,6.68760645763069
1,4,J=0.65,retained_channel_fraction,0.25,1,pca_readout_recalibrated,0.00215443469003188,0.264028568947174
1,4,J=0.65,retained_channel_fraction,0.25,2,zero_shot,0.00215443469003188,8.60172635873236
1,4,J=0.65,retained_channel_fraction,0.25,2,pca_readout_recalibrated,0.00215443469003188,0.273960356056759
1,4,J=0.65,retained_channel_fraction,0.25,3,zero_shot,0.00215443469003188,9.01490517080757
1,4,J=0.65,retained_channel_fraction,0.25,3,pca_readout_recalibrated,0.00215443469003188,0.268524798113979
1,4,J=0.65,gain_mismatch_sigma,0.01,1,zero_shot,0.00215443469003188,4.39362238808582
1,4,J=0.65,gain_mismatch_sigma,0.01,1,pca_readout_recalibrated,0.00215443469003188,0.264972189021546
1,4,J=0.65,gain_mismatch_sigma,0.01,2,zero_shot,0.00215443469003188,1.64188501929773
1,4,J=0.65,gain_mismatch_sigma,0.01,2,pca_readout_recalibrated,0.00215443469003188,0.264972189021585
1,4,J=0.65,gain_mismatch_sigma,0.01,3,zero_shot,0.00215443469003188,2.98440873091413
1,4,J=0.65,gain_mismatch_sigma,0.01,3,pca_readout_recalibrated,0.00215443469003188,0.264972189022808
1,4,J=0.65,gain_mismatch_sigma,0.05,1,zero_shot,0.00215443469003188,18.000286635817
1,4,J=0.65,gain_mismatch_sigma,0.05,1,pca_readout_recalibrated,0.00215443469003188,0.26497218901945
1,4,J=0.65,gain_mismatch_sigma,0.05,2,zero_shot,0.00215443469003188,2.89030257162066
1,4,J=0.65,gain_mismatch_sigma,0.05,2,pca_readout_recalibrated,0.00215443469003188,0.264972189021099
1,4,J=0.65,gain_mismatch_sigma,0.05,3,zero_shot,0.00215443469003188,4.92845776254714
1,4,J=0.65,gain_mismatch_sigma,0.05,3,pca_readout_recalibrated,0.00215443469003188,0.264972189020745
1,4,J=0.65,gain_mismatch_sigma,0.1,1,zero_shot,0.00215443469003188,9.49534377600124
1,4,J=0.65,gain_mismatch_sigma,0.1,1,pca_readout_recalibrated,0.00215443469003188,0.26497218902142
1,4,J=0.65,gain_mismatch_sigma,0.1,2,zero_shot,0.00215443469003188,16.5626763967036
1,4,J=0.65,gain_mismatch_sigma,0.1,2,pca_readout_recalibrated,0.00215443469003188,0.2649721890205
1,4,J=0.65,gain_mismatch_sigma,0.1,3,zero_shot,0.00215443469003188,17.8952072122156
1,4,J=0.65,gain_mismatch_sigma,0.1,3,pca_readout_recalibrated,0.00215443469003188,0.264972189020541
1,4,J=0.65,sampling_jitter_fraction,0.01,1,zero_shot,0.00215443469003188,0.265102043770532
1,4,J=0.65,sampling_jitter_fraction,0.01,1,pca_readout_recalibrated,0.00215443469003188,0.264931632606857
1,4,J=0.65,sampling_jitter_fraction,0.01,2,zero_shot,0.00215443469003188,0.265102043770532
1,4,J=0.65,sampling_jitter_fraction,0.01,2,pca_readout_recalibrated,0.00215443469003188,0.264931632606857
1,4,J=0.65,sampling_jitter_fraction,0.01,3,zero_shot,0.00215443469003188,0.265102043770532
1,4,J=0.65,sampling_jitter_fraction,0.01,3,pca_readout_recalibrated,0.00215443469003188,0.264931632606857
1,4,J=0.65,sampling_jitter_fraction,0.05,1,zero_shot,0.00215443469003188,0.26813880819628
1,4,J=0.65,sampling_jitter_fraction,0.05,1,pca_readout_recalibrated,0.00215443469003188,0.264788443726329
1,4,J=0.65,sampling_jitter_fraction,0.05,2,zero_shot,0.00215443469003188,0.26813880819628
1,4,J=0.65,sampling_jitter_fraction,0.05,2,pca_readout_recalibrated,0.00215443469003188,0.264788443726329
1,4,J=0.65,sampling_jitter_fraction,0.05,3,zero_shot,0.00215443469003188,0.26813880819628
1,4,J=0.65,sampling_jitter_fraction,0.05,3,pca_readout_recalibrated,0.00215443469003188,0.264788443726329
1,4,J=0.65,sampling_jitter_fraction,0.1,1,zero_shot,0.00215443469003188,0.277392448596295
1,4,J=0.65,sampling_jitter_fraction,0.1,1,pca_readout_recalibrated,0.00215443469003188,0.264650275998419
1,4,J=0.65,sampling_jitter_fraction,0.1,2,zero_shot,0.00215443469003188,0.277392448596295
1,4,J=0.65,sampling_jitter_fraction,0.1,2,pca_readout_recalibrated,0.00215443469003188,0.264650275998419
1,4,J=0.65,sampling_jitter_fraction,0.1,3,zero_shot,0.00215443469003188,0.277392448596295
1,4,J=0.65,sampling_jitter_fraction,0.1,3,pca_readout_recalibrated,0.00215443469003188,0.264650275998419
1,4,J=0.65,failed_modes,1,1,zero_shot,0.00215443469003188,7.66516617561285
1,4,J=0.65,failed_modes,1,1,pca_readout_recalibrated,0.00215443469003188,0.267308911966081
1,4,J=0.65,failed_modes,1,2,zero_shot,0.00215443469003188,4.60379381647962
1,4,J=0.65,failed_modes,1,2,pca_readout_recalibrated,0.00215443469003188,0.269551026688201
1,4,J=0.65,failed_modes,1,3,zero_shot,0.00215443469003188,11.668113968888
1,4,J=0.65,failed_modes,1,3,pca_readout_recalibrated,0.00215443469003188,0.276342856173961
1,4,J=0.65,failed_modes,2,1,zero_shot,0.00215443469003188,7.29361734804695
1,4,J=0.65,failed_modes,2,1,pca_readout_recalibrated,0.00215443469003188,0.263972056742726
1,4,J=0.65,failed_modes,2,2,zero_shot,0.00215443469003188,10.5576988841576
1,4,J=0.65,failed_modes,2,2,pca_readout_recalibrated,0.00215443469003188,0.266401251223715
1,4,J=0.65,failed_modes,2,3,zero_shot,0.00215443469003188,7.29361734804695
1,4,J=0.65,failed_modes,2,3,pca_readout_recalibrated,0.00215443469003188,0.263972056742726
1,4,J=0.65,failed_modes,3,1,zero_shot,0.00215443469003188,7.87112704434673
1,4,J=0.65,failed_modes,3,1,pca_readout_recalibrated,0.00215443469003188,0.264958828408131
1,4,J=0.65,failed_modes,3,2,zero_shot,0.00215443469003188,9.26219989582071
1,4,J=0.65,failed_modes,3,2,pca_readout_recalibrated,0.00215443469003188,0.266826304663175
1,4,J=0.65,failed_modes,3,3,zero_shot,0.00215443469003188,13.2770106814448
1,4,J=0.65,failed_modes,3,3,pca_readout_recalibrated,0.00215443469003188,0.28182785472837
2,1,J=0,clean,0,1,zero_shot,0.0001,0.311295273705184
2,1,J=0,detector_snr_db,40,1,zero_shot,0.0001,8.15361349744897
2,1,J=0,detector_snr_db,40,1,pca_readout_recalibrated,0.0001,0.378997351689365
2,1,J=0,detector_snr_db,40,2,zero_shot,0.0001,8.26996181423084
2,1,J=0,detector_snr_db,40,2,pca_readout_recalibrated,0.0001,0.373613827499546
2,1,J=0,detector_snr_db,40,3,zero_shot,0.0001,8.10320255375481
2,1,J=0,detector_snr_db,40,3,pca_readout_recalibrated,0.0001,0.375755131879843
2,1,J=0,detector_snr_db,30,1,zero_shot,0.0001,26.2570806920984
2,1,J=0,detector_snr_db,30,1,pca_readout_recalibrated,0.0001,0.387134776041522
2,1,J=0,detector_snr_db,30,2,zero_shot,0.0001,24.9747824105196
2,1,J=0,detector_snr_db,30,2,pca_readout_recalibrated,0.0001,0.389109977623324
2,1,J=0,detector_snr_db,30,3,zero_shot,0.0001,25.7210195529984
2,1,J=0,detector_snr_db,30,3,pca_readout_recalibrated,0.0001,0.388394113637803
2,1,J=0,detector_snr_db,20,1,zero_shot,0.0001,80.7275995540868
2,1,J=0,detector_snr_db,20,1,pca_readout_recalibrated,0.0001,0.399217779879198
2,1,J=0,detector_snr_db,20,2,zero_shot,0.0001,78.938669846397
2,1,J=0,detector_snr_db,20,2,pca_readout_recalibrated,0.0001,0.404031802353543
2,1,J=0,detector_snr_db,20,3,zero_shot,0.0001,80.2845335937426
2,1,J=0,detector_snr_db,20,3,pca_readout_recalibrated,0.0001,0.397656668420746
2,1,J=0,shot_noise_photons,100000,1,zero_shot,0.0001,1.8563394948985
2,1,J=0,shot_noise_photons,100000,1,pca_readout_recalibrated,0.0001,0.337802657136435
2,1,J=0,shot_noise_photons,100000,2,zero_shot,0.0001,1.82786292187691
2,1,J=0,shot_noise_photons,100000,2,pca_readout_recalibrated,0.0001,0.339051524786172
2,1,J=0,shot_noise_photons,100000,3,zero_shot,0.0001,1.85073981647817
2,1,J=0,shot_noise_photons,100000,3,pca_readout_recalibrated,0.0001,0.34206660416939
2,1,J=0,shot_noise_photons,10000,1,zero_shot,0.0001,5.81008476484303
2,1,J=0,shot_noise_photons,10000,1,pca_readout_recalibrated,0.0001,0.367451972183434
2,1,J=0,shot_noise_photons,10000,2,zero_shot,0.0001,5.71586758503939
2,1,J=0,shot_noise_photons,10000,2,pca_readout_recalibrated,0.0001,0.370214917059944
2,1,J=0,shot_noise_photons,10000,3,zero_shot,0.0001,5.79878929166437
2,1,J=0,shot_noise_photons,10000,3,pca_readout_recalibrated,0.0001,0.366344792416092
2,1,J=0,shot_noise_photons,1000,1,zero_shot,0.0001,18.0496241870418
2,1,J=0,shot_noise_photons,1000,1,pca_readout_recalibrated,0.0001,0.388440435555037
2,1,J=0,shot_noise_photons,1000,2,zero_shot,0.0001,18.4401503017852
2,1,J=0,shot_noise_photons,1000,2,pca_readout_recalibrated,0.0001,0.385987159470887
2,1,J=0,shot_noise_photons,1000,3,zero_shot,0.0001,18.6540119425126
2,1,J=0,shot_noise_photons,1000,3,pca_readout_recalibrated,0.0001,0.381781932853832
2,1,J=0,quantization_bits,12,1,zero_shot,0.0001,0.548956157186251
2,1,J=0,quantization_bits,12,1,pca_readout_recalibrated,0.0001,0.479304467408954
2,1,J=0,quantization_bits,12,2,zero_shot,0.0001,0.548956157186251
2,1,J=0,quantization_bits,12,2,pca_readout_recalibrated,0.0001,0.479304467408954
2,1,J=0,quantization_bits,12,3,zero_shot,0.0001,0.548956157186251
2,1,J=0,quantization_bits,12,3,pca_readout_recalibrated,0.0001,0.479304467408954
2,1,J=0,quantization_bits,8,1,zero_shot,0.0001,0.59054660009237
2,1,J=0,quantization_bits,8,1,pca_readout_recalibrated,0.0001,0.322553582512192
2,1,J=0,quantization_bits,8,2,zero_shot,0.0001,0.59054660009237
2,1,J=0,quantization_bits,8,2,pca_readout_recalibrated,0.0001,0.322553582512192
2,1,J=0,quantization_bits,8,3,zero_shot,0.0001,0.59054660009237
2,1,J=0,quantization_bits,8,3,pca_readout_recalibrated,0.0001,0.322553582512192
2,1,J=0,quantization_bits,6,1,zero_shot,0.0001,1.08256817775928
2,1,J=0,quantization_bits,6,1,pca_readout_recalibrated,0.0001,0.33722889887555
2,1,J=0,quantization_bits,6,2,zero_shot,0.0001,1.08256817775928
2,1,J=0,quantization_bits,6,2,pca_readout_recalibrated,0.0001,0.33722889887555
2,1,J=0,quantization_bits,6,3,zero_shot,0.0001,1.08256817775928
2,1,J=0,quantization_bits,6,3,pca_readout_recalibrated,0.0001,0.33722889887555
2,1,J=0,correlated_noise_fraction,0,1,zero_shot,0.0001,26.1488926663653
2,1,J=0,correlated_noise_fraction,0,1,pca_readout_recalibrated,0.0001,0.391047181576505
2,1,J=0,correlated_noise_fraction,0,2,zero_shot,0.0001,25.8698700804678
2,1,J=0,correlated_noise_fraction,0,2,pca_readout_recalibrated,0.0001,0.386820227909451
2,1,J=0,correlated_noise_fraction,0,3,zero_shot,0.0001,26.0125711699471
2,1,J=0,correlated_noise_fraction,0,3,pca_readout_recalibrated,0.0001,0.387174953023339
2,1,J=0,correlated_noise_fraction,0.5,1,zero_shot,0.0001,42.2109451278929
2,1,J=0,correlated_noise_fraction,0.5,1,pca_readout_recalibrated,0.0001,0.385717823776751
2,1,J=0,correlated_noise_fraction,0.5,2,zero_shot,0.0001,41.3958942569685
2,1,J=0,correlated_noise_fraction,0.5,2,pca_readout_recalibrated,0.0001,0.384623315669477
2,1,J=0,correlated_noise_fraction,0.5,3,zero_shot,0.0001,42.8444717389767
2,1,J=0,correlated_noise_fraction,0.5,3,pca_readout_recalibrated,0.0001,0.384745777706399
2,1,J=0,correlated_noise_fraction,0.9,1,zero_shot,0.0001,51.8002743373719
2,1,J=0,correlated_noise_fraction,0.9,1,pca_readout_recalibrated,0.0001,0.366524437257099
2,1,J=0,correlated_noise_fraction,0.9,2,zero_shot,0.0001,52.7840025643967
2,1,J=0,correlated_noise_fraction,0.9,2,pca_readout_recalibrated,0.0001,0.369333068140506
2,1,J=0,correlated_noise_fraction,0.9,3,zero_shot,0.0001,51.5224026270588
2,1,J=0,correlated_noise_fraction,0.9,3,pca_readout_recalibrated,0.0001,0.36958358778899
2,1,J=0,retained_channel_fraction,0.75,1,zero_shot,0.0001,4.22453219563736
2,1,J=0,retained_channel_fraction,0.75,1,pca_readout_recalibrated,0.0001,0.311120449234865
2,1,J=0,retained_channel_fraction,0.75,2,zero_shot,0.0001,4.67470476034034
2,1,J=0,retained_channel_fraction,0.75,2,pca_readout_recalibrated,0.0001,0.312849621610382
2,1,J=0,retained_channel_fraction,0.75,3,zero_shot,0.0001,4.59563630872132
2,1,J=0,retained_channel_fraction,0.75,3,pca_readout_recalibrated,0.0001,0.312452316343807
2,1,J=0,retained_channel_fraction,0.5,1,zero_shot,0.0001,5.5635922863476
2,1,J=0,retained_channel_fraction,0.5,1,pca_readout_recalibrated,0.0001,0.310669805025153
2,1,J=0,retained_channel_fraction,0.5,2,zero_shot,0.0001,4.66434428439416
2,1,J=0,retained_channel_fraction,0.5,2,pca_readout_recalibrated,0.0001,0.312987436823159
2,1,J=0,retained_channel_fraction,0.5,3,zero_shot,0.0001,5.86180742008438
2,1,J=0,retained_channel_fraction,0.5,3,pca_readout_recalibrated,0.0001,0.312060050205711
2,1,J=0,retained_channel_fraction,0.25,1,zero_shot,0.0001,7.26475799639419
2,1,J=0,retained_channel_fraction,0.25,1,pca_readout_recalibrated,0.0001,0.312743692227892
2,1,J=0,retained_channel_fraction,0.25,2,zero_shot,0.0001,5.06228171533349
2,1,J=0,retained_channel_fraction,0.25,2,pca_readout_recalibrated,0.0001,0.312377043920886
2,1,J=0,retained_channel_fraction,0.25,3,zero_shot,0.0001,3.6644433952832
2,1,J=0,retained_channel_fraction,0.25,3,pca_readout_recalibrated,0.0001,0.310059521786844
2,1,J=0,gain_mismatch_sigma,0.01,1,zero_shot,0.0001,1.70522877948167
2,1,J=0,gain_mismatch_sigma,0.01,1,pca_readout_recalibrated,0.0001,0.3112952737078
2,1,J=0,gain_mismatch_sigma,0.01,2,zero_shot,0.0001,1.50309470556787
2,1,J=0,gain_mismatch_sigma,0.01,2,pca_readout_recalibrated,0.0001,0.311295273703795
2,1,J=0,gain_mismatch_sigma,0.01,3,zero_shot,0.0001,3.05386698286644
2,1,J=0,gain_mismatch_sigma,0.01,3,pca_readout_recalibrated,0.0001,0.311295273696285
2,1,J=0,gain_mismatch_sigma,0.05,1,zero_shot,0.0001,18.4552677568111
2,1,J=0,gain_mismatch_sigma,0.05,1,pca_readout_recalibrated,0.0001,0.31129527369568
2,1,J=0,gain_mismatch_sigma,0.05,2,zero_shot,0.0001,1.68353617929442
2,1,J=0,gain_mismatch_sigma,0.05,2,pca_readout_recalibrated,0.0001,0.311295273698093
2,1,J=0,gain_mismatch_sigma,0.05,3,zero_shot,0.0001,12.8123504074072
2,1,J=0,gain_mismatch_sigma,0.05,3,pca_readout_recalibrated,0.0001,0.311295273704451
2,1,J=0,gain_mismatch_sigma,0.1,1,zero_shot,0.0001,11.4826069405621
2,1,J=0,gain_mismatch_sigma,0.1,1,pca_readout_recalibrated,0.0001,0.311295273705614
2,1,J=0,gain_mismatch_sigma,0.1,2,zero_shot,0.0001,78.4791474565381
2,1,J=0,gain_mismatch_sigma,0.1,2,pca_readout_recalibrated,0.0001,0.311295273697722
2,1,J=0,gain_mismatch_sigma,0.1,3,zero_shot,0.0001,18.8763235047763
2,1,J=0,gain_mismatch_sigma,0.1,3,pca_readout_recalibrated,0.0001,0.311295273694285
2,1,J=0,sampling_jitter_fraction,0.01,1,zero_shot,0.0001,0.311239787415994
2,1,J=0,sampling_jitter_fraction,0.01,1,pca_readout_recalibrated,0.0001,0.311277495870886
2,1,J=0,sampling_jitter_fraction,0.01,2,zero_shot,0.0001,0.311239787415994
2,1,J=0,sampling_jitter_fraction,0.01,2,pca_readout_recalibrated,0.0001,0.311277495870886
2,1,J=0,sampling_jitter_fraction,0.01,3,zero_shot,0.0001,0.311239787415994
2,1,J=0,sampling_jitter_fraction,0.01,3,pca_readout_recalibrated,0.0001,0.311277495870886
2,1,J=0,sampling_jitter_fraction,0.05,1,zero_shot,0.0001,0.313203038622599
2,1,J=0,sampling_jitter_fraction,0.05,1,pca_readout_recalibrated,0.0001,0.31120659233526
2,1,J=0,sampling_jitter_fraction,0.05,2,zero_shot,0.0001,0.313203038622599
2,1,J=0,sampling_jitter_fraction,0.05,2,pca_readout_recalibrated,0.0001,0.31120659233526
2,1,J=0,sampling_jitter_fraction,0.05,3,zero_shot,0.0001,0.313203038622599
2,1,J=0,sampling_jitter_fraction,0.05,3,pca_readout_recalibrated,0.0001,0.31120659233526
2,1,J=0,sampling_jitter_fraction,0.1,1,zero_shot,0.0001,0.320464984525909
2,1,J=0,sampling_jitter_fraction,0.1,1,pca_readout_recalibrated,0.0001,0.311118078184354
2,1,J=0,sampling_jitter_fraction,0.1,2,zero_shot,0.0001,0.320464984525909
2,1,J=0,sampling_jitter_fraction,0.1,2,pca_readout_recalibrated,0.0001,0.311118078184354
2,1,J=0,sampling_jitter_fraction,0.1,3,zero_shot,0.0001,0.320464984525909
2,1,J=0,sampling_jitter_fraction,0.1,3,pca_readout_recalibrated,0.0001,0.311118078184354
2,1,J=0,failed_modes,1,1,zero_shot,0.0001,2.44468452758206
2,1,J=0,failed_modes,1,1,pca_readout_recalibrated,0.0001,0.312246172442656
2,1,J=0,failed_modes,1,2,zero_shot,0.0001,3.20612727814022
2,1,J=0,failed_modes,1,2,pca_readout_recalibrated,0.0001,0.318582226286298
2,1,J=0,failed_modes,1,3,zero_shot,0.0001,2.99369499011597
2,1,J=0,failed_modes,1,3,pca_readout_recalibrated,0.0001,0.314718919846095
2,1,J=0,failed_modes,2,1,zero_shot,0.0001,4.29271989322813
2,1,J=0,failed_modes,2,1,pca_readout_recalibrated,0.0001,0.314400803148707
2,1,J=0,failed_modes,2,2,zero_shot,0.0001,1.90986109632913
2,1,J=0,failed_modes,2,2,pca_readout_recalibrated,0.0001,0.311738256643192
2,1,J=0,failed_modes,2,3,zero_shot,0.0001,2.38834564722114
2,1,J=0,failed_modes,2,3,pca_readout_recalibrated,0.0001,0.318885631393111
2,1,J=0,failed_modes,3,1,zero_shot,0.0001,2.84175517921049
2,1,J=0,failed_modes,3,1,pca_readout_recalibrated,0.0001,0.31275489441831
2,1,J=0,failed_modes,3,2,zero_shot,0.0001,4.21463225658719
2,1,J=0,failed_modes,3,2,pca_readout_recalibrated,0.0001,0.322833667231948
2,1,J=0,failed_modes,3,3,zero_shot,0.0001,5.47368076344124
2,1,J=0,failed_modes,3,3,pca_readout_recalibrated,0.0001,0.310385209368097
2,4,J=0.65,clean,0,1,zero_shot,4.64158883361278e-05,0.283714934761905
2,4,J=0.65,detector_snr_db,40,1,zero_shot,4.64158883361278e-05,12.433638748225
2,4,J=0.65,detector_snr_db,40,1,pca_readout_recalibrated,4.64158883361278e-05,0.384821695143987
2,4,J=0.65,detector_snr_db,40,2,zero_shot,4.64158883361278e-05,12.2208126130456
2,4,J=0.65,detector_snr_db,40,2,pca_readout_recalibrated,4.64158883361278e-05,0.383505264792625
2,4,J=0.65,detector_snr_db,40,3,zero_shot,4.64158883361278e-05,12.2651725894254
2,4,J=0.65,detector_snr_db,40,3,pca_readout_recalibrated,4.64158883361278e-05,0.386925582599835
2,4,J=0.65,detector_snr_db,30,1,zero_shot,4.64158883361278e-05,39.1274325515398
2,4,J=0.65,detector_snr_db,30,1,pca_readout_recalibrated,4.64158883361278e-05,0.400529554110342
2,4,J=0.65,detector_snr_db,30,2,zero_shot,4.64158883361278e-05,40.0877810586241
2,4,J=0.65,detector_snr_db,30,2,pca_readout_recalibrated,4.64158883361278e-05,0.397392760631348
2,4,J=0.65,detector_snr_db,30,3,zero_shot,4.64158883361278e-05,38.523490720662
2,4,J=0.65,detector_snr_db,30,3,pca_readout_recalibrated,4.64158883361278e-05,0.400189591931961
2,4,J=0.65,detector_snr_db,20,1,zero_shot,4.64158883361278e-05,123.447942097928
2,4,J=0.65,detector_snr_db,20,1,pca_readout_recalibrated,4.64158883361278e-05,0.431972455108815
2,4,J=0.65,detector_snr_db,20,2,zero_shot,4.64158883361278e-05,125.170977436025
2,4,J=0.65,detector_snr_db,20,2,pca_readout_recalibrated,4.64158883361278e-05,0.430786041037042
2,4,J=0.65,detector_snr_db,20,3,zero_shot,4.64158883361278e-05,124.259641163033
2,4,J=0.65,detector_snr_db,20,3,pca_readout_recalibrated,4.64158883361278e-05,0.426767456038397
2,4,J=0.65,shot_noise_photons,100000,1,zero_shot,4.64158883361278e-05,2.77759390212258
2,4,J=0.65,shot_noise_photons,100000,1,pca_readout_recalibrated,4.64158883361278e-05,0.349702977780678
2,4,J=0.65,shot_noise_photons,100000,2,zero_shot,4.64158883361278e-05,2.76547760787087
2,4,J=0.65,shot_noise_photons,100000,2,pca_readout_recalibrated,4.64158883361278e-05,0.349669106598297
2,4,J=0.65,shot_noise_photons,100000,3,zero_shot,4.64158883361278e-05,2.80877746437923
2,4,J=0.65,shot_noise_photons,100000,3,pca_readout_recalibrated,4.64158883361278e-05,0.352740783713367
2,4,J=0.65,shot_noise_photons,10000,1,zero_shot,4.64158883361278e-05,8.81898344408174
2,4,J=0.65,shot_noise_photons,10000,1,pca_readout_recalibrated,4.64158883361278e-05,0.374853552338341
2,4,J=0.65,shot_noise_photons,10000,2,zero_shot,4.64158883361278e-05,8.79896344087024
2,4,J=0.65,shot_noise_photons,10000,2,pca_readout_recalibrated,4.64158883361278e-05,0.37971948624945
2,4,J=0.65,shot_noise_photons,10000,3,zero_shot,4.64158883361278e-05,8.88590322160369
2,4,J=0.65,shot_noise_photons,10000,3,pca_readout_recalibrated,4.64158883361278e-05,0.382034846045812
2,4,J=0.65,shot_noise_photons,1000,1,zero_shot,4.64158883361278e-05,27.2841315783542
2,4,J=0.65,shot_noise_photons,1000,1,pca_readout_recalibrated,4.64158883361278e-05,0.393474333346248
2,4,J=0.65,shot_noise_photons,1000,2,zero_shot,4.64158883361278e-05,27.3895874808056
2,4,J=0.65,shot_noise_photons,1000,2,pca_readout_recalibrated,4.64158883361278e-05,0.392417557960272
2,4,J=0.65,shot_noise_photons,1000,3,zero_shot,4.64158883361278e-05,26.9868356146629
2,4,J=0.65,shot_noise_photons,1000,3,pca_readout_recalibrated,4.64158883361278e-05,0.396972125863771
2,4,J=0.65,quantization_bits,12,1,zero_shot,4.64158883361278e-05,0.572668920933624
2,4,J=0.65,quantization_bits,12,1,pca_readout_recalibrated,4.64158883361278e-05,0.488798395616967
2,4,J=0.65,quantization_bits,12,2,zero_shot,4.64158883361278e-05,0.572668920933624
2,4,J=0.65,quantization_bits,12,2,pca_readout_recalibrated,4.64158883361278e-05,0.488798395616967
2,4,J=0.65,quantization_bits,12,3,zero_shot,4.64158883361278e-05,0.572668920933624
2,4,J=0.65,quantization_bits,12,3,pca_readout_recalibrated,4.64158883361278e-05,0.488798395616967
2,4,J=0.65,quantization_bits,8,1,zero_shot,4.64158883361278e-05,0.682724367844206
2,4,J=0.65,quantization_bits,8,1,pca_readout_recalibrated,4.64158883361278e-05,0.32801259325009
2,4,J=0.65,quantization_bits,8,2,zero_shot,4.64158883361278e-05,0.682724367844206
2,4,J=0.65,quantization_bits,8,2,pca_readout_recalibrated,4.64158883361278e-05,0.32801259325009
2,4,J=0.65,quantization_bits,8,3,zero_shot,4.64158883361278e-05,0.682724367844206
2,4,J=0.65,quantization_bits,8,3,pca_readout_recalibrated,4.64158883361278e-05,0.32801259325009
2,4,J=0.65,quantization_bits,6,1,zero_shot,4.64158883361278e-05,1.53874766938125
2,4,J=0.65,quantization_bits,6,1,pca_readout_recalibrated,4.64158883361278e-05,0.338927563322735
2,4,J=0.65,quantization_bits,6,2,zero_shot,4.64158883361278e-05,1.53874766938125
2,4,J=0.65,quantization_bits,6,2,pca_readout_recalibrated,4.64158883361278e-05,0.338927563322735
2,4,J=0.65,quantization_bits,6,3,zero_shot,4.64158883361278e-05,1.53874766938125
2,4,J=0.65,quantization_bits,6,3,pca_readout_recalibrated,4.64158883361278e-05,0.338927563322735
2,4,J=0.65,correlated_noise_fraction,0,1,zero_shot,4.64158883361278e-05,38.0629675873158
2,4,J=0.65,correlated_noise_fraction,0,1,pca_readout_recalibrated,4.64158883361278e-05,0.398061309383564
2,4,J=0.65,correlated_noise_fraction,0,2,zero_shot,4.64158883361278e-05,39.9501250321402
2,4,J=0.65,correlated_noise_fraction,0,2,pca_readout_recalibrated,4.64158883361278e-05,0.39559243238892
2,4,J=0.65,correlated_noise_fraction,0,3,zero_shot,4.64158883361278e-05,38.3065969188634
2,4,J=0.65,correlated_noise_fraction,0,3,pca_readout_recalibrated,4.64158883361278e-05,0.399968970776978
2,4,J=0.65,correlated_noise_fraction,0.5,1,zero_shot,4.64158883361278e-05,51.8846685931422
2,4,J=0.65,correlated_noise_fraction,0.5,1,pca_readout_recalibrated,4.64158883361278e-05,0.391093566974393
2,4,J=0.65,correlated_noise_fraction,0.5,2,zero_shot,4.64158883361278e-05,52.7851240840607
2,4,J=0.65,correlated_noise_fraction,0.5,2,pca_readout_recalibrated,4.64158883361278e-05,0.393129508432894
2,4,J=0.65,correlated_noise_fraction,0.5,3,zero_shot,4.64158883361278e-05,51.9833763074979
2,4,J=0.65,correlated_noise_fraction,0.5,3,pca_readout_recalibrated,4.64158883361278e-05,0.394151699774091
2,4,J=0.65,correlated_noise_fraction,0.9,1,zero_shot,4.64158883361278e-05,59.6369586076463
2,4,J=0.65,correlated_noise_fraction,0.9,1,pca_readout_recalibrated,4.64158883361278e-05,0.38051149267444
2,4,J=0.65,correlated_noise_fraction,0.9,2,zero_shot,4.64158883361278e-05,60.4524661895058
2,4,J=0.65,correlated_noise_fraction,0.9,2,pca_readout_recalibrated,4.64158883361278e-05,0.380349667817252
2,4,J=0.65,correlated_noise_fraction,0.9,3,zero_shot,4.64158883361278e-05,59.8849147275541
2,4,J=0.65,correlated_noise_fraction,0.9,3,pca_readout_recalibrated,4.64158883361278e-05,0.381049438002927
2,4,J=0.65,retained_channel_fraction,0.75,1,zero_shot,4.64158883361278e-05,7.77910131592989
2,4,J=0.65,retained_channel_fraction,0.75,1,pca_readout_recalibrated,4.64158883361278e-05,0.280327456855228
2,4,J=0.65,retained_channel_fraction,0.75,2,zero_shot,4.64158883361278e-05,6.46219547524139
2,4,J=0.65,retained_channel_fraction,0.75,2,pca_readout_recalibrated,4.64158883361278e-05,0.279916698431569
2,4,J=0.65,retained_channel_fraction,0.75,3,zero_shot,4.64158883361278e-05,12.4763391238032
2,4,J=0.65,retained_channel_fraction,0.75,3,pca_readout_recalibrated,4.64158883361278e-05,0.279348329560975
2,4,J=0.65,retained_channel_fraction,0.5,1,zero_shot,4.64158883361278e-05,6.29246742069656
2,4,J=0.65,retained_channel_fraction,0.5,1,pca_readout_recalibrated,4.64158883361278e-05,0.285257487732822
2,4,J=0.65,retained_channel_fraction,0.5,2,zero_shot,4.64158883361278e-05,14.0963570770958
2,4,J=0.65,retained_channel_fraction,0.5,2,pca_readout_recalibrated,4.64158883361278e-05,0.282391909776348
2,4,J=0.65,retained_channel_fraction,0.5,3,zero_shot,4.64158883361278e-05,9.62093948472513
2,4,J=0.65,retained_channel_fraction,0.5,3,pca_readout_recalibrated,4.64158883361278e-05,0.289241053323265
2,4,J=0.65,retained_channel_fraction,0.25,1,zero_shot,4.64158883361278e-05,9.58830658334055
2,4,J=0.65,retained_channel_fraction,0.25,1,pca_readout_recalibrated,4.64158883361278e-05,0.287337821544973
2,4,J=0.65,retained_channel_fraction,0.25,2,zero_shot,4.64158883361278e-05,10.3508235006692
2,4,J=0.65,retained_channel_fraction,0.25,2,pca_readout_recalibrated,4.64158883361278e-05,0.279144664498929
2,4,J=0.65,retained_channel_fraction,0.25,3,zero_shot,4.64158883361278e-05,8.35641798931252
2,4,J=0.65,retained_channel_fraction,0.25,3,pca_readout_recalibrated,4.64158883361278e-05,0.287759012556495
2,4,J=0.65,gain_mismatch_sigma,0.01,1,zero_shot,4.64158883361278e-05,3.75414987065283
2,4,J=0.65,gain_mismatch_sigma,0.01,1,pca_readout_recalibrated,4.64158883361278e-05,0.283714934745247
2,4,J=0.65,gain_mismatch_sigma,0.01,2,zero_shot,4.64158883361278e-05,5.00185284212276
2,4,J=0.65,gain_mismatch_sigma,0.01,2,pca_readout_recalibrated,4.64158883361278e-05,0.283714934742005
2,4,J=0.65,gain_mismatch_sigma,0.01,3,zero_shot,4.64158883361278e-05,6.56855469344165
2,4,J=0.65,gain_mismatch_sigma,0.01,3,pca_readout_recalibrated,4.64158883361278e-05,0.283714934752553
2,4,J=0.65,gain_mismatch_sigma,0.05,1,zero_shot,4.64158883361278e-05,35.0980576269729
2,4,J=0.65,gain_mismatch_sigma,0.05,1,pca_readout_recalibrated,4.64158883361278e-05,0.283714934767786
2,4,J=0.65,gain_mismatch_sigma,0.05,2,zero_shot,4.64158883361278e-05,15.6323853883131
2,4,J=0.65,gain_mismatch_sigma,0.05,2,pca_readout_recalibrated,4.64158883361278e-05,0.283714934755211
2,4,J=0.65,gain_mismatch_sigma,0.05,3,zero_shot,4.64158883361278e-05,12.8141077441522
2,4,J=0.65,gain_mismatch_sigma,0.05,3,pca_readout_recalibrated,4.64158883361278e-05,0.283714934742505
2,4,J=0.65,gain_mismatch_sigma,0.1,1,zero_shot,4.64158883361278e-05,46.6760950359921
2,4,J=0.65,gain_mismatch_sigma,0.1,1,pca_readout_recalibrated,4.64158883361278e-05,0.283714934764967
2,4,J=0.65,gain_mismatch_sigma,0.1,2,zero_shot,4.64158883361278e-05,88.1372983496128
2,4,J=0.65,gain_mismatch_sigma,0.1,2,pca_readout_recalibrated,4.64158883361278e-05,0.283714934741241
2,4,J=0.65,gain_mismatch_sigma,0.1,3,zero_shot,4.64158883361278e-05,83.5872761230122
2,4,J=0.65,gain_mismatch_sigma,0.1,3,pca_readout_recalibrated,4.64158883361278e-05,0.283714934734293
2,4,J=0.65,sampling_jitter_fraction,0.01,1,zero_shot,4.64158883361278e-05,0.283523644030378
2,4,J=0.65,sampling_jitter_fraction,0.01,1,pca_readout_recalibrated,4.64158883361278e-05,0.283500813024664
2,4,J=0.65,sampling_jitter_fraction,0.01,2,zero_shot,4.64158883361278e-05,0.283523644030378
2,4,J=0.65,sampling_jitter_fraction,0.01,2,pca_readout_recalibrated,4.64158883361278e-05,0.283500813024664
2,4,J=0.65,sampling_jitter_fraction,0.01,3,zero_shot,4.64158883361278e-05,0.283523644030378
2,4,J=0.65,sampling_jitter_fraction,0.01,3,pca_readout_recalibrated,4.64158883361278e-05,0.283500813024664
2,4,J=0.65,sampling_jitter_fraction,0.05,1,zero_shot,4.64158883361278e-05,0.285237263989259
2,4,J=0.65,sampling_jitter_fraction,0.05,1,pca_readout_recalibrated,4.64158883361278e-05,0.282861300253664
2,4,J=0.65,sampling_jitter_fraction,0.05,2,zero_shot,4.64158883361278e-05,0.285237263989259
2,4,J=0.65,sampling_jitter_fraction,0.05,2,pca_readout_recalibrated,4.64158883361278e-05,0.282861300253664
2,4,J=0.65,sampling_jitter_fraction,0.05,3,zero_shot,4.64158883361278e-05,0.285237263989259
2,4,J=0.65,sampling_jitter_fraction,0.05,3,pca_readout_recalibrated,4.64158883361278e-05,0.282861300253664
2,4,J=0.65,sampling_jitter_fraction,0.1,1,zero_shot,4.64158883361278e-05,0.292827772360466
2,4,J=0.65,sampling_jitter_fraction,0.1,1,pca_readout_recalibrated,4.64158883361278e-05,0.282314666838312
2,4,J=0.65,sampling_jitter_fraction,0.1,2,zero_shot,4.64158883361278e-05,0.292827772360466
2,4,J=0.65,sampling_jitter_fraction,0.1,2,pca_readout_recalibrated,4.64158883361278e-05,0.282314666838312
2,4,J=0.65,sampling_jitter_fraction,0.1,3,zero_shot,4.64158883361278e-05,0.292827772360466
2,4,J=0.65,sampling_jitter_fraction,0.1,3,pca_readout_recalibrated,4.64158883361278e-05,0.282314666838312
2,4,J=0.65,failed_modes,1,1,zero_shot,4.64158883361278e-05,16.8727844703778
2,4,J=0.65,failed_modes,1,1,pca_readout_recalibrated,4.64158883361278e-05,0.278528973762218
2,4,J=0.65,failed_modes,1,2,zero_shot,4.64158883361278e-05,16.8727844703778
2,4,J=0.65,failed_modes,1,2,pca_readout_recalibrated,4.64158883361278e-05,0.278528973762218
2,4,J=0.65,failed_modes,1,3,zero_shot,4.64158883361278e-05,16.8727844703778
2,4,J=0.65,failed_modes,1,3,pca_readout_recalibrated,4.64158883361278e-05,0.278528973762218
2,4,J=0.65,failed_modes,2,1,zero_shot,4.64158883361278e-05,16.7434065905648
2,4,J=0.65,failed_modes,2,1,pca_readout_recalibrated,4.64158883361278e-05,0.286157351616917
2,4,J=0.65,failed_modes,2,2,zero_shot,4.64158883361278e-05,9.60016334646989
2,4,J=0.65,failed_modes,2,2,pca_readout_recalibrated,4.64158883361278e-05,0.278818634359925
2,4,J=0.65,failed_modes,2,3,zero_shot,4.64158883361278e-05,14.1137352119748
2,4,J=0.65,failed_modes,2,3,pca_readout_recalibrated,4.64158883361278e-05,0.28145130591576
2,4,J=0.65,failed_modes,3,1,zero_shot,4.64158883361278e-05,21.9446835172363
2,4,J=0.65,failed_modes,3,1,pca_readout_recalibrated,4.64158883361278e-05,0.276606800222098
2,4,J=0.65,failed_modes,3,2,zero_shot,4.64158883361278e-05,16.424666773641
2,4,J=0.65,failed_modes,3,2,pca_readout_recalibrated,4.64158883361278e-05,0.284011873413732
2,4,J=0.65,failed_modes,3,3,zero_shot,4.64158883361278e-05,22.8584265398995
2,4,J=0.65,failed_modes,3,3,pca_readout_recalibrated,4.64158883361278e-05,0.284409369821541
3,1,J=0,clean,0,1,zero_shot,0.0464158883361278,0.295109704273731
3,1,J=0,detector_snr_db,40,1,zero_shot,0.0464158883361278,0.629339463584045
3,1,J=0,detector_snr_db,40,1,pca_readout_recalibrated,0.0464158883361278,0.322497872261521
3,1,J=0,detector_snr_db,40,2,zero_shot,0.0464158883361278,0.633845965072658
3,1,J=0,detector_snr_db,40,2,pca_readout_recalibrated,0.0464158883361278,0.32417440953757
3,1,J=0,detector_snr_db,40,3,zero_shot,0.0464158883361278,0.633320493383138
3,1,J=0,detector_snr_db,40,3,pca_readout_recalibrated,0.0464158883361278,0.322551452238317
3,1,J=0,detector_snr_db,30,1,zero_shot,0.0464158883361278,1.77965918006613
3,1,J=0,detector_snr_db,30,1,pca_readout_recalibrated,0.0464158883361278,0.343128486919036
3,1,J=0,detector_snr_db,30,2,zero_shot,0.0464158883361278,1.75129485776357
3,1,J=0,detector_snr_db,30,2,pca_readout_recalibrated,0.0464158883361278,0.342681133637326
3,1,J=0,detector_snr_db,30,3,zero_shot,0.0464158883361278,1.78743926621201
3,1,J=0,detector_snr_db,30,3,pca_readout_recalibrated,0.0464158883361278,0.346353771203124
3,1,J=0,detector_snr_db,20,1,zero_shot,0.0464158883361278,5.58558450300118
3,1,J=0,detector_snr_db,20,1,pca_readout_recalibrated,0.0464158883361278,0.382986874265355
3,1,J=0,detector_snr_db,20,2,zero_shot,0.0464158883361278,5.55882574873537
3,1,J=0,detector_snr_db,20,2,pca_readout_recalibrated,0.0464158883361278,0.381567320843882
3,1,J=0,detector_snr_db,20,3,zero_shot,0.0464158883361278,5.59728782596063
3,1,J=0,detector_snr_db,20,3,pca_readout_recalibrated,0.0464158883361278,0.380837589002965
3,1,J=0,shot_noise_photons,100000,1,zero_shot,0.0464158883361278,0.319271524844687
3,1,J=0,shot_noise_photons,100000,1,pca_readout_recalibrated,0.0464158883361278,0.300359622886872
3,1,J=0,shot_noise_photons,100000,2,zero_shot,0.0464158883361278,0.320228919258324
3,1,J=0,shot_noise_photons,100000,2,pca_readout_recalibrated,0.0464158883361278,0.300523898447359
3,1,J=0,shot_noise_photons,100000,3,zero_shot,0.0464158883361278,0.321943177738753
3,1,J=0,shot_noise_photons,100000,3,pca_readout_recalibrated,0.0464158883361278,0.300469906391093
3,1,J=0,shot_noise_photons,10000,1,zero_shot,0.0464158883361278,0.490227487821745
3,1,J=0,shot_noise_photons,10000,1,pca_readout_recalibrated,0.0464158883361278,0.314134837513023
3,1,J=0,shot_noise_photons,10000,2,zero_shot,0.0464158883361278,0.497199947146612
3,1,J=0,shot_noise_photons,10000,2,pca_readout_recalibrated,0.0464158883361278,0.316992384397123
3,1,J=0,shot_noise_photons,10000,3,zero_shot,0.0464158883361278,0.495136221059596
3,1,J=0,shot_noise_photons,10000,3,pca_readout_recalibrated,0.0464158883361278,0.314142583270261
3,1,J=0,shot_noise_photons,1000,1,zero_shot,0.0464158883361278,1.25011415891494
3,1,J=0,shot_noise_photons,1000,1,pca_readout_recalibrated,0.0464158883361278,0.337667230634257
3,1,J=0,shot_noise_photons,1000,2,zero_shot,0.0464158883361278,1.27919891736773
3,1,J=0,shot_noise_photons,1000,2,pca_readout_recalibrated,0.0464158883361278,0.334621743080339
3,1,J=0,shot_noise_photons,1000,3,zero_shot,0.0464158883361278,1.27431619073524
3,1,J=0,shot_noise_photons,1000,3,pca_readout_recalibrated,0.0464158883361278,0.337148767595393
3,1,J=0,quantization_bits,12,1,zero_shot,0.0464158883361278,0.297033501866687
3,1,J=0,quantization_bits,12,1,pca_readout_recalibrated,0.0464158883361278,0.296934661409629
3,1,J=0,quantization_bits,12,2,zero_shot,0.0464158883361278,0.297033501866687
3,1,J=0,quantization_bits,12,2,pca_readout_recalibrated,0.0464158883361278,0.296934661409629
3,1,J=0,quantization_bits,12,3,zero_shot,0.0464158883361278,0.297033501866687
3,1,J=0,quantization_bits,12,3,pca_readout_recalibrated,0.0464158883361278,0.296934661409629
3,1,J=0,quantization_bits,8,1,zero_shot,0.0464158883361278,0.299089810756586
3,1,J=0,quantization_bits,8,1,pca_readout_recalibrated,0.0464158883361278,0.297903373712112
3,1,J=0,quantization_bits,8,2,zero_shot,0.0464158883361278,0.299089810756586
3,1,J=0,quantization_bits,8,2,pca_readout_recalibrated,0.0464158883361278,0.297903373712112
3,1,J=0,quantization_bits,8,3,zero_shot,0.0464158883361278,0.299089810756586
3,1,J=0,quantization_bits,8,3,pca_readout_recalibrated,0.0464158883361278,0.297903373712112
3,1,J=0,quantization_bits,6,1,zero_shot,0.0464158883361278,0.324460261448164
3,1,J=0,quantization_bits,6,1,pca_readout_recalibrated,0.0464158883361278,0.302447851928333
3,1,J=0,quantization_bits,6,2,zero_shot,0.0464158883361278,0.324460261448164
3,1,J=0,quantization_bits,6,2,pca_readout_recalibrated,0.0464158883361278,0.302447851928333
3,1,J=0,quantization_bits,6,3,zero_shot,0.0464158883361278,0.324460261448164
3,1,J=0,quantization_bits,6,3,pca_readout_recalibrated,0.0464158883361278,0.302447851928333
3,1,J=0,correlated_noise_fraction,0,1,zero_shot,0.0464158883361278,1.77717576630293
3,1,J=0,correlated_noise_fraction,0,1,pca_readout_recalibrated,0.0464158883361278,0.349587625170366
3,1,J=0,correlated_noise_fraction,0,2,zero_shot,0.0464158883361278,1.77567134067426
3,1,J=0,correlated_noise_fraction,0,2,pca_readout_recalibrated,0.0464158883361278,0.344535140726493
3,1,J=0,correlated_noise_fraction,0,3,zero_shot,0.0464158883361278,1.78197625479404
3,1,J=0,correlated_noise_fraction,0,3,pca_readout_recalibrated,0.0464158883361278,0.346225163010585
3,1,J=0,correlated_noise_fraction,0.5,1,zero_shot,0.0464158883361278,3.20800714605496
3,1,J=0,correlated_noise_fraction,0.5,1,pca_readout_recalibrated,0.0464158883361278,0.333537232674902
3,1,J=0,correlated_noise_fraction,0.5,2,zero_shot,0.0464158883361278,3.21210913787333
3,1,J=0,correlated_noise_fraction,0.5,2,pca_readout_recalibrated,0.0464158883361278,0.336679294397211
3,1,J=0,correlated_noise_fraction,0.5,3,zero_shot,0.0464158883361278,3.13639705728452
3,1,J=0,correlated_noise_fraction,0.5,3,pca_readout_recalibrated,0.0464158883361278,0.337198481171435
3,1,J=0,correlated_noise_fraction,0.9,1,zero_shot,0.0464158883361278,3.95364097311047
3,1,J=0,correlated_noise_fraction,0.9,1,pca_readout_recalibrated,0.0464158883361278,0.31598254485824
3,1,J=0,correlated_noise_fraction,0.9,2,zero_shot,0.0464158883361278,3.97465283850816
3,1,J=0,correlated_noise_fraction,0.9,2,pca_readout_recalibrated,0.0464158883361278,0.313365208867421
3,1,J=0,correlated_noise_fraction,0.9,3,zero_shot,0.0464158883361278,3.96075109533058
3,1,J=0,correlated_noise_fraction,0.9,3,pca_readout_recalibrated,0.0464158883361278,0.313050946874387
3,1,J=0,retained_channel_fraction,0.75,1,zero_shot,0.0464158883361278,1.2525506453996
3,1,J=0,retained_channel_fraction,0.75,1,pca_readout_recalibrated,0.0464158883361278,0.295673814706155
3,1,J=0,retained_channel_fraction,0.75,2,zero_shot,0.0464158883361278,0.910445157043232
3,1,J=0,retained_channel_fraction,0.75,2,pca_readout_recalibrated,0.0464158883361278,0.295833832308283
3,1,J=0,retained_channel_fraction,0.75,3,zero_shot,0.0464158883361278,0.920134195278089
3,1,J=0,retained_channel_fraction,0.75,3,pca_readout_recalibrated,0.0464158883361278,0.295554044367452
3,1,J=0,retained_channel_fraction,0.5,1,zero_shot,0.0464158883361278,1.49178202726789
3,1,J=0,retained_channel_fraction,0.5,1,pca_readout_recalibrated,0.0464158883361278,0.295039336453398
3,1,J=0,retained_channel_fraction,0.5,2,zero_shot,0.0464158883361278,1.39311074862003
3,1,J=0,retained_channel_fraction,0.5,2,pca_readout_recalibrated,0.0464158883361278,0.295540290027171
3,1,J=0,retained_channel_fraction,0.5,3,zero_shot,0.0464158883361278,1.0461703942927
3,1,J=0,retained_channel_fraction,0.5,3,pca_readout_recalibrated,0.0464158883361278,0.296486869287062
3,1,J=0,retained_channel_fraction,0.25,1,zero_shot,0.0464158883361278,1.69788381614394
3,1,J=0,retained_channel_fraction,0.25,1,pca_readout_recalibrated,0.0464158883361278,0.297060747484028
3,1,J=0,retained_channel_fraction,0.25,2,zero_shot,0.0464158883361278,1.08343019358908
3,1,J=0,retained_channel_fraction,0.25,2,pca_readout_recalibrated,0.0464158883361278,0.294920824913258
3,1,J=0,retained_channel_fraction,0.25,3,zero_shot,0.0464158883361278,1.19532887272083
3,1,J=0,retained_channel_fraction,0.25,3,pca_readout_recalibrated,0.0464158883361278,0.298752941590599
3,1,J=0,gain_mismatch_sigma,0.01,1,zero_shot,0.0464158883361278,0.383217994342991
3,1,J=0,gain_mismatch_sigma,0.01,1,pca_readout_recalibrated,0.0464158883361278,0.295109704273659
3,1,J=0,gain_mismatch_sigma,0.01,2,zero_shot,0.0464158883361278,0.575787086221459
3,1,J=0,gain_mismatch_sigma,0.01,2,pca_readout_recalibrated,0.0464158883361278,0.295109704273618
3,1,J=0,gain_mismatch_sigma,0.01,3,zero_shot,0.0464158883361278,0.826706865749925
3,1,J=0,gain_mismatch_sigma,0.01,3,pca_readout_recalibrated,0.0464158883361278,0.295109704273795
3,1,J=0,gain_mismatch_sigma,0.05,1,zero_shot,0.0464158883361278,2.23819788661946
3,1,J=0,gain_mismatch_sigma,0.05,1,pca_readout_recalibrated,0.0464158883361278,0.295109704273603
3,1,J=0,gain_mismatch_sigma,0.05,2,zero_shot,0.0464158883361278,5.92306077568486
3,1,J=0,gain_mismatch_sigma,0.05,2,pca_readout_recalibrated,0.0464158883361278,0.295109704273798
3,1,J=0,gain_mismatch_sigma,0.05,3,zero_shot,0.0464158883361278,0.699296717370632
3,1,J=0,gain_mismatch_sigma,0.05,3,pca_readout_recalibrated,0.0464158883361278,0.295109704273694
3,1,J=0,gain_mismatch_sigma,0.1,1,zero_shot,0.0464158883361278,1.80384774246047
3,1,J=0,gain_mismatch_sigma,0.1,1,pca_readout_recalibrated,0.0464158883361278,0.29510970427375
3,1,J=0,gain_mismatch_sigma,0.1,2,zero_shot,0.0464158883361278,2.6903921809059
3,1,J=0,gain_mismatch_sigma,0.1,2,pca_readout_recalibrated,0.0464158883361278,0.295109704273647
3,1,J=0,gain_mismatch_sigma,0.1,3,zero_shot,0.0464158883361278,2.82724081259347
3,1,J=0,gain_mismatch_sigma,0.1,3,pca_readout_recalibrated,0.0464158883361278,0.295109704273729
3,1,J=0,sampling_jitter_fraction,0.01,1,zero_shot,0.0464158883361278,0.295243019758477
3,1,J=0,sampling_jitter_fraction,0.01,1,pca_readout_recalibrated,0.0464158883361278,0.295098221590642
3,1,J=0,sampling_jitter_fraction,0.01,2,zero_shot,0.0464158883361278,0.295243019758477
3,1,J=0,sampling_jitter_fraction,0.01,2,pca_readout_recalibrated,0.0464158883361278,0.295098221590642
3,1,J=0,sampling_jitter_fraction,0.01,3,zero_shot,0.0464158883361278,0.295243019758477
3,1,J=0,sampling_jitter_fraction,0.01,3,pca_readout_recalibrated,0.0464158883361278,0.295098221590642
3,1,J=0,sampling_jitter_fraction,0.05,1,zero_shot,0.0464158883361278,0.297898666000486
3,1,J=0,sampling_jitter_fraction,0.05,1,pca_readout_recalibrated,0.0464158883361278,0.295055088328701
3,1,J=0,sampling_jitter_fraction,0.05,2,zero_shot,0.0464158883361278,0.297898666000486
3,1,J=0,sampling_jitter_fraction,0.05,2,pca_readout_recalibrated,0.0464158883361278,0.295055088328701
3,1,J=0,sampling_jitter_fraction,0.05,3,zero_shot,0.0464158883361278,0.297898666000486
3,1,J=0,sampling_jitter_fraction,0.05,3,pca_readout_recalibrated,0.0464158883361278,0.295055088328701
3,1,J=0,sampling_jitter_fraction,0.1,1,zero_shot,0.0464158883361278,0.305856825131246
3,1,J=0,sampling_jitter_fraction,0.1,1,pca_readout_recalibrated,0.0464158883361278,0.295008024744996
3,1,J=0,sampling_jitter_fraction,0.1,2,zero_shot,0.0464158883361278,0.305856825131246
3,1,J=0,sampling_jitter_fraction,0.1,2,pca_readout_recalibrated,0.0464158883361278,0.295008024744996
3,1,J=0,sampling_jitter_fraction,0.1,3,zero_shot,0.0464158883361278,0.305856825131246
3,1,J=0,sampling_jitter_fraction,0.1,3,pca_readout_recalibrated,0.0464158883361278,0.295008024744996
3,1,J=0,failed_modes,1,1,zero_shot,0.0464158883361278,0.744221718723982
3,1,J=0,failed_modes,1,1,pca_readout_recalibrated,0.0464158883361278,0.294955915843765
3,1,J=0,failed_modes,1,2,zero_shot,0.0464158883361278,0.442809987563914
3,1,J=0,failed_modes,1,2,pca_readout_recalibrated,0.0464158883361278,0.294957093890398
3,1,J=0,failed_modes,1,3,zero_shot,0.0464158883361278,0.607543930467009
3,1,J=0,failed_modes,1,3,pca_readout_recalibrated,0.0464158883361278,0.294638213027606
3,1,J=0,failed_modes,2,1,zero_shot,0.0464158883361278,0.923564122936609
3,1,J=0,failed_modes,2,1,pca_readout_recalibrated,0.0464158883361278,0.295450700302998
3,1,J=0,failed_modes,2,2,zero_shot,0.0464158883361278,1.17165995755088
3,1,J=0,failed_modes,2,2,pca_readout_recalibrated,0.0464158883361278,0.303034989018981
3,1,J=0,failed_modes,2,3,zero_shot,0.0464158883361278,1.01082962581128
3,1,J=0,failed_modes,2,3,pca_readout_recalibrated,0.0464158883361278,0.29551514365465
3,1,J=0,failed_modes,3,1,zero_shot,0.0464158883361278,1.2401803515311
3,1,J=0,failed_modes,3,1,pca_readout_recalibrated,0.0464158883361278,0.295330757847788
3,1,J=0,failed_modes,3,2,zero_shot,0.0464158883361278,0.525293685302377
3,1,J=0,failed_modes,3,2,pca_readout_recalibrated,0.0464158883361278,0.295483477731902
3,1,J=0,failed_modes,3,3,zero_shot,0.0464158883361278,1.42992946376817
3,1,J=0,failed_modes,3,3,pca_readout_recalibrated,0.0464158883361278,0.296811608371279
3,4,J=0.65,clean,0,1,zero_shot,0.001,0.266601117453996
3,4,J=0.65,detector_snr_db,40,1,zero_shot,0.001,0.976007740036483
3,4,J=0.65,detector_snr_db,40,1,pca_readout_recalibrated,0.001,0.335432288322992
3,4,J=0.65,detector_snr_db,40,2,zero_shot,0.001,0.974672231814131
3,4,J=0.65,detector_snr_db,40,2,pca_readout_recalibrated,0.001,0.330437877894698
3,4,J=0.65,detector_snr_db,40,3,zero_shot,0.001,0.950248047091568
3,4,J=0.65,detector_snr_db,40,3,pca_readout_recalibrated,0.001,0.336147779779092
3,4,J=0.65,detector_snr_db,30,1,zero_shot,0.001,2.96322630739406
3,4,J=0.65,detector_snr_db,30,1,pca_readout_recalibrated,0.001,0.369946814483652
3,4,J=0.65,detector_snr_db,30,2,zero_shot,0.001,2.91779292302903
3,4,J=0.65,detector_snr_db,30,2,pca_readout_recalibrated,0.001,0.366645417096168
3,4,J=0.65,detector_snr_db,30,3,zero_shot,0.001,2.96576478246012
3,4,J=0.65,detector_snr_db,30,3,pca_readout_recalibrated,0.001,0.371126211277923
3,4,J=0.65,detector_snr_db,20,1,zero_shot,0.001,9.5040182916151
3,4,J=0.65,detector_snr_db,20,1,pca_readout_recalibrated,0.001,0.396893222999499
3,4,J=0.65,detector_snr_db,20,2,zero_shot,0.001,9.2496793593642
3,4,J=0.65,detector_snr_db,20,2,pca_readout_recalibrated,0.001,0.390291950073578
3,4,J=0.65,detector_snr_db,20,3,zero_shot,0.001,9.49321020326847
3,4,J=0.65,detector_snr_db,20,3,pca_readout_recalibrated,0.001,0.391657468656209
3,4,J=0.65,shot_noise_photons,100000,1,zero_shot,0.001,0.338047811969975
3,4,J=0.65,shot_noise_photons,100000,1,pca_readout_recalibrated,0.001,0.285145435819719
3,4,J=0.65,shot_noise_photons,100000,2,zero_shot,0.001,0.340311061864636
3,4,J=0.65,shot_noise_photons,100000,2,pca_readout_recalibrated,0.001,0.285820436445479
3,4,J=0.65,shot_noise_photons,100000,3,zero_shot,0.001,0.338757996684731
3,4,J=0.65,shot_noise_photons,100000,3,pca_readout_recalibrated,0.001,0.285509923499456
3,4,J=0.65,shot_noise_photons,10000,1,zero_shot,0.001,0.722609310500737
3,4,J=0.65,shot_noise_photons,10000,1,pca_readout_recalibrated,0.001,0.318417289840364
3,4,J=0.65,shot_noise_photons,10000,2,zero_shot,0.001,0.70370842199522
3,4,J=0.65,shot_noise_photons,10000,2,pca_readout_recalibrated,0.001,0.31762771670604
3,4,J=0.65,shot_noise_photons,10000,3,zero_shot,0.001,0.699892330390723
3,4,J=0.65,shot_noise_photons,10000,3,pca_readout_recalibrated,0.001,0.322563948657914
3,4,J=0.65,shot_noise_photons,1000,1,zero_shot,0.001,2.11363195354829
3,4,J=0.65,shot_noise_photons,1000,1,pca_readout_recalibrated,0.001,0.366953786531136
3,4,J=0.65,shot_noise_photons,1000,2,zero_shot,0.001,2.08660923805783
3,4,J=0.65,shot_noise_photons,1000,2,pca_readout_recalibrated,0.001,0.362143682743552
3,4,J=0.65,shot_noise_photons,1000,3,zero_shot,0.001,2.13112133040812
3,4,J=0.65,shot_noise_photons,1000,3,pca_readout_recalibrated,0.001,0.36353035324578
3,4,J=0.65,quantization_bits,12,1,zero_shot,0.001,0.271072048419132
3,4,J=0.65,quantization_bits,12,1,pca_readout_recalibrated,0.001,0.27095428212436
3,4,J=0.65,quantization_bits,12,2,zero_shot,0.001,0.271072048419132
3,4,J=0.65,quantization_bits,12,2,pca_readout_recalibrated,0.001,0.27095428212436
3,4,J=0.65,quantization_bits,12,3,zero_shot,0.001,0.271072048419132
3,4,J=0.65,quantization_bits,12,3,pca_readout_recalibrated,0.001,0.27095428212436
3,4,J=0.65,quantization_bits,8,1,zero_shot,0.001,0.276173263051292
3,4,J=0.65,quantization_bits,8,1,pca_readout_recalibrated,0.001,0.273343331994166
3,4,J=0.65,quantization_bits,8,2,zero_shot,0.001,0.276173263051292
3,4,J=0.65,quantization_bits,8,2,pca_readout_recalibrated,0.001,0.273343331994166
3,4,J=0.65,quantization_bits,8,3,zero_shot,0.001,0.276173263051292
3,4,J=0.65,quantization_bits,8,3,pca_readout_recalibrated,0.001,0.273343331994166
3,4,J=0.65,quantization_bits,6,1,zero_shot,0.001,0.352708392209663
3,4,J=0.65,quantization_bits,6,1,pca_readout_recalibrated,0.001,0.293899274823607
3,4,J=0.65,quantization_bits,6,2,zero_shot,0.001,0.352708392209663
3,4,J=0.65,quantization_bits,6,2,pca_readout_recalibrated,0.001,0.293899274823607
3,4,J=0.65,quantization_bits,6,3,zero_shot,0.001,0.352708392209663
3,4,J=0.65,quantization_bits,6,3,pca_readout_recalibrated,0.001,0.293899274823607
3,4,J=0.65,correlated_noise_fraction,0,1,zero_shot,0.001,2.96544073826876
3,4,J=0.65,correlated_noise_fraction,0,1,pca_readout_recalibrated,0.001,0.370922090149659
3,4,J=0.65,correlated_noise_fraction,0,2,zero_shot,0.001,2.90461910649313
3,4,J=0.65,correlated_noise_fraction,0,2,pca_readout_recalibrated,0.001,0.37395447539996
3,4,J=0.65,correlated_noise_fraction,0,3,zero_shot,0.001,2.92269089625931
3,4,J=0.65,correlated_noise_fraction,0,3,pca_readout_recalibrated,0.001,0.369890017363416
3,4,J=0.65,correlated_noise_fraction,0.5,1,zero_shot,0.001,5.14523978935134
3,4,J=0.65,correlated_noise_fraction,0.5,1,pca_readout_recalibrated,0.001,0.358568067084167
3,4,J=0.65,correlated_noise_fraction,0.5,2,zero_shot,0.001,5.09775323005901
3,4,J=0.65,correlated_noise_fraction,0.5,2,pca_readout_recalibrated,0.001,0.361430045652965
3,4,J=0.65,correlated_noise_fraction,0.5,3,zero_shot,0.001,5.094066543491
3,4,J=0.65,correlated_noise_fraction,0.5,3,pca_readout_recalibrated,0.001,0.360122750432737
3,4,J=0.65,correlated_noise_fraction,0.9,1,zero_shot,0.001,6.20627348802165
3,4,J=0.65,correlated_noise_fraction,0.9,1,pca_readout_recalibrated,0.001,0.332253865647853
3,4,J=0.65,correlated_noise_fraction,0.9,2,zero_shot,0.001,6.3309907851553
3,4,J=0.65,correlated_noise_fraction,0.9,2,pca_readout_recalibrated,0.001,0.331782997567234
3,4,J=0.65,correlated_noise_fraction,0.9,3,zero_shot,0.001,6.21794768472855
3,4,J=0.65,correlated_noise_fraction,0.9,3,pca_readout_recalibrated,0.001,0.339405605321627
3,4,J=0.65,retained_channel_fraction,0.75,1,zero_shot,0.001,2.77737051432532
3,4,J=0.65,retained_channel_fraction,0.75,1,pca_readout_recalibrated,0.001,0.271104337289386
3,4,J=0.65,retained_channel_fraction,0.75,2,zero_shot,0.001,2.6555472341694
3,4,J=0.65,retained_channel_fraction,0.75,2,pca_readout_recalibrated,0.001,0.26730846510462
3,4,J=0.65,retained_channel_fraction,0.75,3,zero_shot,0.001,3.67296952101548
3,4,J=0.65,retained_channel_fraction,0.75,3,pca_readout_recalibrated,0.001,0.265241860308119
3,4,J=0.65,retained_channel_fraction,0.5,1,zero_shot,0.001,3.62067920676356
3,4,J=0.65,retained_channel_fraction,0.5,1,pca_readout_recalibrated,0.001,0.269289197020758
3,4,J=0.65,retained_channel_fraction,0.5,2,zero_shot,0.001,2.90756043775032
3,4,J=0.65,retained_channel_fraction,0.5,2,pca_readout_recalibrated,0.001,0.266634176416626
3,4,J=0.65,retained_channel_fraction,0.5,3,zero_shot,0.001,3.08412704032215
3,4,J=0.65,retained_channel_fraction,0.5,3,pca_readout_recalibrated,0.001,0.268435242603041
3,4,J=0.65,retained_channel_fraction,0.25,1,zero_shot,0.001,2.62613447511338
3,4,J=0.65,retained_channel_fraction,0.25,1,pca_readout_recalibrated,0.001,0.271904341751364
3,4,J=0.65,retained_channel_fraction,0.25,2,zero_shot,0.001,3.17488105687966
3,4,J=0.65,retained_channel_fraction,0.25,2,pca_readout_recalibrated,0.001,0.283299145901032
3,4,J=0.65,retained_channel_fraction,0.25,3,zero_shot,0.001,2.67069673640247
3,4,J=0.65,retained_channel_fraction,0.25,3,pca_readout_recalibrated,0.001,0.26725458121842
3,4,J=0.65,gain_mismatch_sigma,0.01,1,zero_shot,0.001,1.49523717175628
3,4,J=0.65,gain_mismatch_sigma,0.01,1,pca_readout_recalibrated,0.001,0.266601117454125
3,4,J=0.65,gain_mismatch_sigma,0.01,2,zero_shot,0.001,0.740996829109971
3,4,J=0.65,gain_mismatch_sigma,0.01,2,pca_readout_recalibrated,0.001,0.266601117454249
3,4,J=0.65,gain_mismatch_sigma,0.01,3,zero_shot,0.001,0.635120722477323
3,4,J=0.65,gain_mismatch_sigma,0.01,3,pca_readout_recalibrated,0.001,0.266601117454991
3,4,J=0.65,gain_mismatch_sigma,0.05,1,zero_shot,0.001,1.04852019593496
3,4,J=0.65,gain_mismatch_sigma,0.05,1,pca_readout_recalibrated,0.001,0.266601117454046
3,4,J=0.65,gain_mismatch_sigma,0.05,2,zero_shot,0.001,3.40754276471716
3,4,J=0.65,gain_mismatch_sigma,0.05,2,pca_readout_recalibrated,0.001,0.266601117453586
3,4,J=0.65,gain_mismatch_sigma,0.05,3,zero_shot,0.001,3.22299613649513
3,4,J=0.65,gain_mismatch_sigma,0.05,3,pca_readout_recalibrated,0.001,0.266601117454337
3,4,J=0.65,gain_mismatch_sigma,0.1,1,zero_shot,0.001,13.2728146785218
3,4,J=0.65,gain_mismatch_sigma,0.1,1,pca_readout_recalibrated,0.001,0.266601117454068
3,4,J=0.65,gain_mismatch_sigma,0.1,2,zero_shot,0.001,0.637345968567571
3,4,J=0.65,gain_mismatch_sigma,0.1,2,pca_readout_recalibrated,0.001,0.266601117453766
3,4,J=0.65,gain_mismatch_sigma,0.1,3,zero_shot,0.001,5.52092067570946
3,4,J=0.65,gain_mismatch_sigma,0.1,3,pca_readout_recalibrated,0.001,0.266601117455224
3,4,J=0.65,sampling_jitter_fraction,0.01,1,zero_shot,0.001,0.266665141199269
3,4,J=0.65,sampling_jitter_fraction,0.01,1,pca_readout_recalibrated,0.001,0.266560310120442
3,4,J=0.65,sampling_jitter_fraction,0.01,2,zero_shot,0.001,0.266665141199269
3,4,J=0.65,sampling_jitter_fraction,0.01,2,pca_readout_recalibrated,0.001,0.266560310120442
3,4,J=0.65,sampling_jitter_fraction,0.01,3,zero_shot,0.001,0.266665141199269
3,4,J=0.65,sampling_jitter_fraction,0.01,3,pca_readout_recalibrated,0.001,0.266560310120442
3,4,J=0.65,sampling_jitter_fraction,0.05,1,zero_shot,0.001,0.269344497409803
3,4,J=0.65,sampling_jitter_fraction,0.05,1,pca_readout_recalibrated,0.001,0.266405153357814
3,4,J=0.65,sampling_jitter_fraction,0.05,2,zero_shot,0.001,0.269344497409803
3,4,J=0.65,sampling_jitter_fraction,0.05,2,pca_readout_recalibrated,0.001,0.266405153357814
3,4,J=0.65,sampling_jitter_fraction,0.05,3,zero_shot,0.001,0.269344497409803
3,4,J=0.65,sampling_jitter_fraction,0.05,3,pca_readout_recalibrated,0.001,0.266405153357814
3,4,J=0.65,sampling_jitter_fraction,0.1,1,zero_shot,0.001,0.277967166399882
3,4,J=0.65,sampling_jitter_fraction,0.1,1,pca_readout_recalibrated,0.001,0.266229763352828
3,4,J=0.65,sampling_jitter_fraction,0.1,2,zero_shot,0.001,0.277967166399882
3,4,J=0.65,sampling_jitter_fraction,0.1,2,pca_readout_recalibrated,0.001,0.266229763352828
3,4,J=0.65,sampling_jitter_fraction,0.1,3,zero_shot,0.001,0.277967166399882
3,4,J=0.65,sampling_jitter_fraction,0.1,3,pca_readout_recalibrated,0.001,0.266229763352828
3,4,J=0.65,failed_modes,1,1,zero_shot,0.001,4.47884748492361
3,4,J=0.65,failed_modes,1,1,pca_readout_recalibrated,0.001,0.27040246972356
3,4,J=0.65,failed_modes,1,2,zero_shot,0.001,4.05797406021113
3,4,J=0.65,failed_modes,1,2,pca_readout_recalibrated,0.001,0.266820495585335
3,4,J=0.65,failed_modes,1,3,zero_shot,0.001,4.47884748492361
3,4,J=0.65,failed_modes,1,3,pca_readout_recalibrated,0.001,0.27040246972356
3,4,J=0.65,failed_modes,2,1,zero_shot,0.001,5.64373931587826
3,4,J=0.65,failed_modes,2,1,pca_readout_recalibrated,0.001,0.267483599363213
3,4,J=0.65,failed_modes,2,2,zero_shot,0.001,6.4376310829722
3,4,J=0.65,failed_modes,2,2,pca_readout_recalibrated,0.001,0.266181988191938
3,4,J=0.65,failed_modes,2,3,zero_shot,0.001,4.72143870321639
3,4,J=0.65,failed_modes,2,3,pca_readout_recalibrated,0.001,0.267579803914565
3,4,J=0.65,failed_modes,3,1,zero_shot,0.001,7.99758469903019
3,4,J=0.65,failed_modes,3,1,pca_readout_recalibrated,0.001,0.270623300653846
3,4,J=0.65,failed_modes,3,2,zero_shot,0.001,5.72670544159578
3,4,J=0.65,failed_modes,3,2,pca_readout_recalibrated,0.001,0.272721506161294
3,4,J=0.65,failed_modes,3,3,zero_shot,0.001,5.20057688651763
3,4,J=0.65,failed_modes,3,3,pca_readout_recalibrated,0.001,0.268778950494965
4,1,J=0,clean,0,1,zero_shot,0.000464158883361278,0.293106526783012
4,1,J=0,detector_snr_db,40,1,zero_shot,0.000464158883361278,1.40276298301282
4,1,J=0,detector_snr_db,40,1,pca_readout_recalibrated,0.000464158883361278,0.321545413473605
4,1,J=0,detector_snr_db,40,2,zero_shot,0.000464158883361278,1.41932584816357
4,1,J=0,detector_snr_db,40,2,pca_readout_recalibrated,0.000464158883361278,0.330169258752717
4,1,J=0,detector_snr_db,40,3,zero_shot,0.000464158883361278,1.39922495033058
4,1,J=0,detector_snr_db,40,3,pca_readout_recalibrated,0.000464158883361278,0.322766750516723
4,1,J=0,detector_snr_db,30,1,zero_shot,0.000464158883361278,4.29458112318392
4,1,J=0,detector_snr_db,30,1,pca_readout_recalibrated,0.000464158883361278,0.35717593911467
4,1,J=0,detector_snr_db,30,2,zero_shot,0.000464158883361278,4.37434697595589
4,1,J=0,detector_snr_db,30,2,pca_readout_recalibrated,0.000464158883361278,0.358800933788647
4,1,J=0,detector_snr_db,30,3,zero_shot,0.000464158883361278,4.33080903016548
4,1,J=0,detector_snr_db,30,3,pca_readout_recalibrated,0.000464158883361278,0.360149808056059
4,1,J=0,detector_snr_db,20,1,zero_shot,0.000464158883361278,13.831026596951
4,1,J=0,detector_snr_db,20,1,pca_readout_recalibrated,0.000464158883361278,0.383478733658577
4,1,J=0,detector_snr_db,20,2,zero_shot,0.000464158883361278,13.5676302878734
4,1,J=0,detector_snr_db,20,2,pca_readout_recalibrated,0.000464158883361278,0.392925052814417
4,1,J=0,detector_snr_db,20,3,zero_shot,0.000464158883361278,13.8600773791727
4,1,J=0,detector_snr_db,20,3,pca_readout_recalibrated,0.000464158883361278,0.383781715883214
4,1,J=0,shot_noise_photons,100000,1,zero_shot,0.000464158883361278,0.42663870708493
4,1,J=0,shot_noise_photons,100000,1,pca_readout_recalibrated,0.000464158883361278,0.304323657762582
4,1,J=0,shot_noise_photons,100000,2,zero_shot,0.000464158883361278,0.421688523730147
4,1,J=0,shot_noise_photons,100000,2,pca_readout_recalibrated,0.000464158883361278,0.302261859949723
4,1,J=0,shot_noise_photons,100000,3,zero_shot,0.000464158883361278,0.426359662850803
4,1,J=0,shot_noise_photons,100000,3,pca_readout_recalibrated,0.000464158883361278,0.300464489627636
4,1,J=0,shot_noise_photons,10000,1,zero_shot,0.000464158883361278,1.01703418005571
4,1,J=0,shot_noise_photons,10000,1,pca_readout_recalibrated,0.000464158883361278,0.316407353230909
4,1,J=0,shot_noise_photons,10000,2,zero_shot,0.000464158883361278,0.991884790726438
4,1,J=0,shot_noise_photons,10000,2,pca_readout_recalibrated,0.000464158883361278,0.32030850913437
4,1,J=0,shot_noise_photons,10000,3,zero_shot,0.000464158883361278,1.02773774444158
4,1,J=0,shot_noise_photons,10000,3,pca_readout_recalibrated,0.000464158883361278,0.317515143122364
4,1,J=0,shot_noise_photons,1000,1,zero_shot,0.000464158883361278,3.08432169537785
4,1,J=0,shot_noise_photons,1000,1,pca_readout_recalibrated,0.000464158883361278,0.35015902803875
4,1,J=0,shot_noise_photons,1000,2,zero_shot,0.000464158883361278,3.11764118399678
4,1,J=0,shot_noise_photons,1000,2,pca_readout_recalibrated,0.000464158883361278,0.347307870675303
4,1,J=0,shot_noise_photons,1000,3,zero_shot,0.000464158883361278,3.03292157657034
4,1,J=0,shot_noise_photons,1000,3,pca_readout_recalibrated,0.000464158883361278,0.345607923953867
4,1,J=0,quantization_bits,12,1,zero_shot,0.000464158883361278,0.318408793153971
4,1,J=0,quantization_bits,12,1,pca_readout_recalibrated,0.000464158883361278,0.318643731276339
4,1,J=0,quantization_bits,12,2,zero_shot,0.000464158883361278,0.318408793153971
4,1,J=0,quantization_bits,12,2,pca_readout_recalibrated,0.000464158883361278,0.318643731276339
4,1,J=0,quantization_bits,12,3,zero_shot,0.000464158883361278,0.318408793153971
4,1,J=0,quantization_bits,12,3,pca_readout_recalibrated,0.000464158883361278,0.318643731276339
4,1,J=0,quantization_bits,8,1,zero_shot,0.000464158883361278,0.325584950905464
4,1,J=0,quantization_bits,8,1,pca_readout_recalibrated,0.000464158883361278,0.301507654928059
4,1,J=0,quantization_bits,8,2,zero_shot,0.000464158883361278,0.325584950905464
4,1,J=0,quantization_bits,8,2,pca_readout_recalibrated,0.000464158883361278,0.301507654928059
4,1,J=0,quantization_bits,8,3,zero_shot,0.000464158883361278,0.325584950905464
4,1,J=0,quantization_bits,8,3,pca_readout_recalibrated,0.000464158883361278,0.301507654928059
4,1,J=0,quantization_bits,6,1,zero_shot,0.000464158883361278,0.444886942839778
4,1,J=0,quantization_bits,6,1,pca_readout_recalibrated,0.000464158883361278,0.30449330789553
4,1,J=0,quantization_bits,6,2,zero_shot,0.000464158883361278,0.444886942839778
4,1,J=0,quantization_bits,6,2,pca_readout_recalibrated,0.000464158883361278,0.30449330789553
4,1,J=0,quantization_bits,6,3,zero_shot,0.000464158883361278,0.444886942839778
4,1,J=0,quantization_bits,6,3,pca_readout_recalibrated,0.000464158883361278,0.30449330789553
4,1,J=0,correlated_noise_fraction,0,1,zero_shot,0.000464158883361278,4.33059664274736
4,1,J=0,correlated_noise_fraction,0,1,pca_readout_recalibrated,0.000464158883361278,0.361705544791368
4,1,J=0,correlated_noise_fraction,0,2,zero_shot,0.000464158883361278,4.35097044226987
4,1,J=0,correlated_noise_fraction,0,2,pca_readout_recalibrated,0.000464158883361278,0.362046659502732
4,1,J=0,correlated_noise_fraction,0,3,zero_shot,0.000464158883361278,4.33794347485271
4,1,J=0,correlated_noise_fraction,0,3,pca_readout_recalibrated,0.000464158883361278,0.366528555099155
4,1,J=0,correlated_noise_fraction,0.5,1,zero_shot,0.000464158883361278,13.9738959669779
4,1,J=0,correlated_noise_fraction,0.5,1,pca_readout_recalibrated,0.000464158883361278,0.347495987016659
4,1,J=0,correlated_noise_fraction,0.5,2,zero_shot,0.000464158883361278,14.1756423482922
4,1,J=0,correlated_noise_fraction,0.5,2,pca_readout_recalibrated,0.000464158883361278,0.344386900821141
4,1,J=0,correlated_noise_fraction,0.5,3,zero_shot,0.000464158883361278,14.5929498342867
4,1,J=0,correlated_noise_fraction,0.5,3,pca_readout_recalibrated,0.000464158883361278,0.347480620048166
4,1,J=0,correlated_noise_fraction,0.9,1,zero_shot,0.000464158883361278,18.4218569984555
4,1,J=0,correlated_noise_fraction,0.9,1,pca_readout_recalibrated,0.000464158883361278,0.3226301478051
4,1,J=0,correlated_noise_fraction,0.9,2,zero_shot,0.000464158883361278,17.5264921464966
4,1,J=0,correlated_noise_fraction,0.9,2,pca_readout_recalibrated,0.000464158883361278,0.325565685384012
4,1,J=0,correlated_noise_fraction,0.9,3,zero_shot,0.000464158883361278,18.0906931144717
4,1,J=0,correlated_noise_fraction,0.9,3,pca_readout_recalibrated,0.000464158883361278,0.323708889507997
4,1,J=0,retained_channel_fraction,0.75,1,zero_shot,0.000464158883361278,2.97810791943306
4,1,J=0,retained_channel_fraction,0.75,1,pca_readout_recalibrated,0.000464158883361278,0.293943105759679
4,1,J=0,retained_channel_fraction,0.75,2,zero_shot,0.000464158883361278,1.50372571143001
4,1,J=0,retained_channel_fraction,0.75,2,pca_readout_recalibrated,0.000464158883361278,0.294348135896911
4,1,J=0,retained_channel_fraction,0.75,3,zero_shot,0.000464158883361278,2.69057480573762
4,1,J=0,retained_channel_fraction,0.75,3,pca_readout_recalibrated,0.000464158883361278,0.294919260874267
4,1,J=0,retained_channel_fraction,0.5,1,zero_shot,0.000464158883361278,1.80105002814864
4,1,J=0,retained_channel_fraction,0.5,1,pca_readout_recalibrated,0.000464158883361278,0.295106727767833
4,1,J=0,retained_channel_fraction,0.5,2,zero_shot,0.000464158883361278,1.85693351966082
4,1,J=0,retained_channel_fraction,0.5,2,pca_readout_recalibrated,0.000464158883361278,0.293100411314405
4,1,J=0,retained_channel_fraction,0.5,3,zero_shot,0.000464158883361278,4.84667664176412
4,1,J=0,retained_channel_fraction,0.5,3,pca_readout_recalibrated,0.000464158883361278,0.295688558243431
4,1,J=0,retained_channel_fraction,0.25,1,zero_shot,0.000464158883361278,2.46488675451234
4,1,J=0,retained_channel_fraction,0.25,1,pca_readout_recalibrated,0.000464158883361278,0.29459070221121
4,1,J=0,retained_channel_fraction,0.25,2,zero_shot,0.000464158883361278,2.2094978223451
4,1,J=0,retained_channel_fraction,0.25,2,pca_readout_recalibrated,0.000464158883361278,0.297620143178687
4,1,J=0,retained_channel_fraction,0.25,3,zero_shot,0.000464158883361278,1.63978932630408
4,1,J=0,retained_channel_fraction,0.25,3,pca_readout_recalibrated,0.000464158883361278,0.294566572063467
4,1,J=0,gain_mismatch_sigma,0.01,1,zero_shot,0.000464158883361278,0.359848676629907
4,1,J=0,gain_mismatch_sigma,0.01,1,pca_readout_recalibrated,0.000464158883361278,0.293106526783585
4,1,J=0,gain_mismatch_sigma,0.01,2,zero_shot,0.000464158883361278,0.883732705568171
4,1,J=0,gain_mismatch_sigma,0.01,2,pca_readout_recalibrated,0.000464158883361278,0.293106526782847
4,1,J=0,gain_mismatch_sigma,0.01,3,zero_shot,0.000464158883361278,0.414718915446627
4,1,J=0,gain_mismatch_sigma,0.01,3,pca_readout_recalibrated,0.000464158883361278,0.293106526782652
4,1,J=0,gain_mismatch_sigma,0.05,1,zero_shot,0.000464158883361278,3.68912291975634
4,1,J=0,gain_mismatch_sigma,0.05,1,pca_readout_recalibrated,0.000464158883361278,0.293106526783007
4,1,J=0,gain_mismatch_sigma,0.05,2,zero_shot,0.000464158883361278,5.90416619093542
4,1,J=0,gain_mismatch_sigma,0.05,2,pca_readout_recalibrated,0.000464158883361278,0.293106526783216
4,1,J=0,gain_mismatch_sigma,0.05,3,zero_shot,0.000464158883361278,0.568839599568917
4,1,J=0,gain_mismatch_sigma,0.05,3,pca_readout_recalibrated,0.000464158883361278,0.293106526782003
4,1,J=0,gain_mismatch_sigma,0.1,1,zero_shot,0.000464158883361278,18.0372643278298
4,1,J=0,gain_mismatch_sigma,0.1,1,pca_readout_recalibrated,0.000464158883361278,0.293106526783379
4,1,J=0,gain_mismatch_sigma,0.1,2,zero_shot,0.000464158883361278,1.58195222806918
4,1,J=0,gain_mismatch_sigma,0.1,2,pca_readout_recalibrated,0.000464158883361278,0.293106526782709
4,1,J=0,gain_mismatch_sigma,0.1,3,zero_shot,0.000464158883361278,9.64103202980898
4,1,J=0,gain_mismatch_sigma,0.1,3,pca_readout_recalibrated,0.000464158883361278,0.293106526783605
4,1,J=0,sampling_jitter_fraction,0.01,1,zero_shot,0.000464158883361278,0.293120391213786
4,1,J=0,sampling_jitter_fraction,0.01,1,pca_readout_recalibrated,0.000464158883361278,0.293080444849184
4,1,J=0,sampling_jitter_fraction,0.01,2,zero_shot,0.000464158883361278,0.293120391213786
4,1,J=0,sampling_jitter_fraction,0.01,2,pca_readout_recalibrated,0.000464158883361278,0.293080444849184
4,1,J=0,sampling_jitter_fraction,0.01,3,zero_shot,0.000464158883361278,0.293120391213786
4,1,J=0,sampling_jitter_fraction,0.01,3,pca_readout_recalibrated,0.000464158883361278,0.293080444849184
4,1,J=0,sampling_jitter_fraction,0.05,1,zero_shot,0.000464158883361278,0.295568775873726
4,1,J=0,sampling_jitter_fraction,0.05,1,pca_readout_recalibrated,0.000464158883361278,0.292978093181159
4,1,J=0,sampling_jitter_fraction,0.05,2,zero_shot,0.000464158883361278,0.295568775873726
4,1,J=0,sampling_jitter_fraction,0.05,2,pca_readout_recalibrated,0.000464158883361278,0.292978093181159
4,1,J=0,sampling_jitter_fraction,0.05,3,zero_shot,0.000464158883361278,0.295568775873726
4,1,J=0,sampling_jitter_fraction,0.05,3,pca_readout_recalibrated,0.000464158883361278,0.292978093181159
4,1,J=0,sampling_jitter_fraction,0.1,1,zero_shot,0.000464158883361278,0.303862523668821
4,1,J=0,sampling_jitter_fraction,0.1,1,pca_readout_recalibrated,0.000464158883361278,0.292856970265866
4,1,J=0,sampling_jitter_fraction,0.1,2,zero_shot,0.000464158883361278,0.303862523668821
4,1,J=0,sampling_jitter_fraction,0.1,2,pca_readout_recalibrated,0.000464158883361278,0.292856970265866
4,1,J=0,sampling_jitter_fraction,0.1,3,zero_shot,0.000464158883361278,0.303862523668821
4,1,J=0,sampling_jitter_fraction,0.1,3,pca_readout_recalibrated,0.000464158883361278,0.292856970265866
4,1,J=0,failed_modes,1,1,zero_shot,0.000464158883361278,2.11761947369912
4,1,J=0,failed_modes,1,1,pca_readout_recalibrated,0.000464158883361278,0.295868092228509
4,1,J=0,failed_modes,1,2,zero_shot,0.000464158883361278,1.27931646193591
4,1,J=0,failed_modes,1,2,pca_readout_recalibrated,0.000464158883361278,0.29365457503623
4,1,J=0,failed_modes,1,3,zero_shot,0.000464158883361278,1.75535509125655
4,1,J=0,failed_modes,1,3,pca_readout_recalibrated,0.000464158883361278,0.294261878951359
4,1,J=0,failed_modes,2,1,zero_shot,0.000464158883361278,0.850319130506633
4,1,J=0,failed_modes,2,1,pca_readout_recalibrated,0.000464158883361278,0.293760582483697
4,1,J=0,failed_modes,2,2,zero_shot,0.000464158883361278,2.22433720818591
4,1,J=0,failed_modes,2,2,pca_readout_recalibrated,0.000464158883361278,0.295591508350205
4,1,J=0,failed_modes,2,3,zero_shot,0.000464158883361278,1.49948975453633
4,1,J=0,failed_modes,2,3,pca_readout_recalibrated,0.000464158883361278,0.293757221115608
4,1,J=0,failed_modes,3,1,zero_shot,0.000464158883361278,2.51829187569373
4,1,J=0,failed_modes,3,1,pca_readout_recalibrated,0.000464158883361278,0.294090024588088
4,1,J=0,failed_modes,3,2,zero_shot,0.000464158883361278,1.7945672708195
4,1,J=0,failed_modes,3,2,pca_readout_recalibrated,0.000464158883361278,0.29510040638801
4,1,J=0,failed_modes,3,3,zero_shot,0.000464158883361278,2.65620756335631
4,1,J=0,failed_modes,3,3,pca_readout_recalibrated,0.000464158883361278,0.313546070336492
4,4,J=0.65,clean,0,1,zero_shot,0.0464158883361278,0.254463633239553
4,4,J=0.65,detector_snr_db,40,1,zero_shot,0.0464158883361278,1.10433940376517
4,4,J=0.65,detector_snr_db,40,1,pca_readout_recalibrated,0.0464158883361278,0.327346497049793
4,4,J=0.65,detector_snr_db,40,2,zero_shot,0.0464158883361278,1.07924309523682
4,4,J=0.65,detector_snr_db,40,2,pca_readout_recalibrated,0.0464158883361278,0.324458499513055
4,4,J=0.65,detector_snr_db,40,3,zero_shot,0.0464158883361278,1.08262660700514
4,4,J=0.65,detector_snr_db,40,3,pca_readout_recalibrated,0.0464158883361278,0.321976575061056
4,4,J=0.65,detector_snr_db,30,1,zero_shot,0.0464158883361278,3.24911592895042
4,4,J=0.65,detector_snr_db,30,1,pca_readout_recalibrated,0.0464158883361278,0.364323330190456
4,4,J=0.65,detector_snr_db,30,2,zero_shot,0.0464158883361278,3.27280431204774
4,4,J=0.65,detector_snr_db,30,2,pca_readout_recalibrated,0.0464158883361278,0.359041539126222
4,4,J=0.65,detector_snr_db,30,3,zero_shot,0.0464158883361278,3.32401475326734
4,4,J=0.65,detector_snr_db,30,3,pca_readout_recalibrated,0.0464158883361278,0.36083592502324
4,4,J=0.65,detector_snr_db,20,1,zero_shot,0.0464158883361278,10.3675513543157
4,4,J=0.65,detector_snr_db,20,1,pca_readout_recalibrated,0.0464158883361278,0.388257029089602
4,4,J=0.65,detector_snr_db,20,2,zero_shot,0.0464158883361278,10.5810232029288
4,4,J=0.65,detector_snr_db,20,2,pca_readout_recalibrated,0.0464158883361278,0.388290642616617
4,4,J=0.65,detector_snr_db,20,3,zero_shot,0.0464158883361278,10.2840739453639
4,4,J=0.65,detector_snr_db,20,3,pca_readout_recalibrated,0.0464158883361278,0.393437282651468
4,4,J=0.65,shot_noise_photons,100000,1,zero_shot,0.0464158883361278,0.345561002143651
4,4,J=0.65,shot_noise_photons,100000,1,pca_readout_recalibrated,0.0464158883361278,0.273841536592469
4,4,J=0.65,shot_noise_photons,100000,2,zero_shot,0.0464158883361278,0.347147938468482
4,4,J=0.65,shot_noise_photons,100000,2,pca_readout_recalibrated,0.0464158883361278,0.278297732439471
4,4,J=0.65,shot_noise_photons,100000,3,zero_shot,0.0464158883361278,0.342926901322595
4,4,J=0.65,shot_noise_photons,100000,3,pca_readout_recalibrated,0.0464158883361278,0.272202004310641
4,4,J=0.65,shot_noise_photons,10000,1,zero_shot,0.0464158883361278,0.774117047320485
4,4,J=0.65,shot_noise_photons,10000,1,pca_readout_recalibrated,0.0464158883361278,0.30475536666506
4,4,J=0.65,shot_noise_photons,10000,2,zero_shot,0.0464158883361278,0.765128708525826
4,4,J=0.65,shot_noise_photons,10000,2,pca_readout_recalibrated,0.0464158883361278,0.307679807972285
4,4,J=0.65,shot_noise_photons,10000,3,zero_shot,0.0464158883361278,0.775673056717099
4,4,J=0.65,shot_noise_photons,10000,3,pca_readout_recalibrated,0.0464158883361278,0.310820510207433
4,4,J=0.65,shot_noise_photons,1000,1,zero_shot,0.0464158883361278,2.35014658073142
4,4,J=0.65,shot_noise_photons,1000,1,pca_readout_recalibrated,0.0464158883361278,0.348840609484336
4,4,J=0.65,shot_noise_photons,1000,2,zero_shot,0.0464158883361278,2.38003079906129
4,4,J=0.65,shot_noise_photons,1000,2,pca_readout_recalibrated,0.0464158883361278,0.347909636995149
4,4,J=0.65,shot_noise_photons,1000,3,zero_shot,0.0464158883361278,2.2950553218247
4,4,J=0.65,shot_noise_photons,1000,3,pca_readout_recalibrated,0.0464158883361278,0.35058439812719
4,4,J=0.65,quantization_bits,12,1,zero_shot,0.0464158883361278,0.258628705349238
4,4,J=0.65,quantization_bits,12,1,pca_readout_recalibrated,0.0464158883361278,0.258606247860677
4,4,J=0.65,quantization_bits,12,2,zero_shot,0.0464158883361278,0.258628705349238
4,4,J=0.65,quantization_bits,12,2,pca_readout_recalibrated,0.0464158883361278,0.258606247860677
4,4,J=0.65,quantization_bits,12,3,zero_shot,0.0464158883361278,0.258628705349238
4,4,J=0.65,quantization_bits,12,3,pca_readout_recalibrated,0.0464158883361278,0.258606247860677
4,4,J=0.65,quantization_bits,8,1,zero_shot,0.0464158883361278,0.263687237693255
4,4,J=0.65,quantization_bits,8,1,pca_readout_recalibrated,0.0464158883361278,0.260689712428866
4,4,J=0.65,quantization_bits,8,2,zero_shot,0.0464158883361278,0.263687237693255
4,4,J=0.65,quantization_bits,8,2,pca_readout_recalibrated,0.0464158883361278,0.260689712428866
4,4,J=0.65,quantization_bits,8,3,zero_shot,0.0464158883361278,0.263687237693255
4,4,J=0.65,quantization_bits,8,3,pca_readout_recalibrated,0.0464158883361278,0.260689712428866
4,4,J=0.65,quantization_bits,6,1,zero_shot,0.0464158883361278,0.32954850887763
4,4,J=0.65,quantization_bits,6,1,pca_readout_recalibrated,0.0464158883361278,0.281689898490948
4,4,J=0.65,quantization_bits,6,2,zero_shot,0.0464158883361278,0.32954850887763
4,4,J=0.65,quantization_bits,6,2,pca_readout_recalibrated,0.0464158883361278,0.281689898490948
4,4,J=0.65,quantization_bits,6,3,zero_shot,0.0464158883361278,0.32954850887763
4,4,J=0.65,quantization_bits,6,3,pca_readout_recalibrated,0.0464158883361278,0.281689898490948
4,4,J=0.65,correlated_noise_fraction,0,1,zero_shot,0.0464158883361278,3.24691795969003
4,4,J=0.65,correlated_noise_fraction,0,1,pca_readout_recalibrated,0.0464158883361278,0.359441517620873
4,4,J=0.65,correlated_noise_fraction,0,2,zero_shot,0.0464158883361278,3.31481835449154
4,4,J=0.65,correlated_noise_fraction,0,2,pca_readout_recalibrated,0.0464158883361278,0.357854034032734
4,4,J=0.65,correlated_noise_fraction,0,3,zero_shot,0.0464158883361278,3.27105301989458
4,4,J=0.65,correlated_noise_fraction,0,3,pca_readout_recalibrated,0.0464158883361278,0.36123255031166
4,4,J=0.65,correlated_noise_fraction,0.5,1,zero_shot,0.0464158883361278,4.95149410324171
4,4,J=0.65,correlated_noise_fraction,0.5,1,pca_readout_recalibrated,0.0464158883361278,0.348147930713373
4,4,J=0.65,correlated_noise_fraction,0.5,2,zero_shot,0.0464158883361278,5.04769574409036
4,4,J=0.65,correlated_noise_fraction,0.5,2,pca_readout_recalibrated,0.0464158883361278,0.352855497833207
4,4,J=0.65,correlated_noise_fraction,0.5,3,zero_shot,0.0464158883361278,4.94604762756916
4,4,J=0.65,correlated_noise_fraction,0.5,3,pca_readout_recalibrated,0.0464158883361278,0.350805440219319
4,4,J=0.65,correlated_noise_fraction,0.9,1,zero_shot,0.0464158883361278,5.72871452894508
4,4,J=0.65,correlated_noise_fraction,0.9,1,pca_readout_recalibrated,0.0464158883361278,0.321425897121029
4,4,J=0.65,correlated_noise_fraction,0.9,2,zero_shot,0.0464158883361278,6.0181531803165
4,4,J=0.65,correlated_noise_fraction,0.9,2,pca_readout_recalibrated,0.0464158883361278,0.322010283418991
4,4,J=0.65,correlated_noise_fraction,0.9,3,zero_shot,0.0464158883361278,6.0812256765441
4,4,J=0.65,correlated_noise_fraction,0.9,3,pca_readout_recalibrated,0.0464158883361278,0.320968087006956
4,4,J=0.65,retained_channel_fraction,0.75,1,zero_shot,0.0464158883361278,1.78167447635721
4,4,J=0.65,retained_channel_fraction,0.75,1,pca_readout_recalibrated,0.0464158883361278,0.250910213198275
4,4,J=0.65,retained_channel_fraction,0.75,2,zero_shot,0.0464158883361278,2.15319850248754
4,4,J=0.65,retained_channel_fraction,0.75,2,pca_readout_recalibrated,0.0464158883361278,0.25442318459104
4,4,J=0.65,retained_channel_fraction,0.75,3,zero_shot,0.0464158883361278,1.64627460290705
4,4,J=0.65,retained_channel_fraction,0.75,3,pca_readout_recalibrated,0.0464158883361278,0.252039911841459
4,4,J=0.65,retained_channel_fraction,0.5,1,zero_shot,0.0464158883361278,2.8114579111379
4,4,J=0.65,retained_channel_fraction,0.5,1,pca_readout_recalibrated,0.0464158883361278,0.254593313866863
4,4,J=0.65,retained_channel_fraction,0.5,2,zero_shot,0.0464158883361278,1.92170315003211
4,4,J=0.65,retained_channel_fraction,0.5,2,pca_readout_recalibrated,0.0464158883361278,0.252065190241394
4,4,J=0.65,retained_channel_fraction,0.5,3,zero_shot,0.0464158883361278,1.78517125393673
4,4,J=0.65,retained_channel_fraction,0.5,3,pca_readout_recalibrated,0.0464158883361278,0.25526214750003
4,4,J=0.65,retained_channel_fraction,0.25,1,zero_shot,0.0464158883361278,2.36487732399227
4,4,J=0.65,retained_channel_fraction,0.25,1,pca_readout_recalibrated,0.0464158883361278,0.25487776581755
4,4,J=0.65,retained_channel_fraction,0.25,2,zero_shot,0.0464158883361278,1.77424237433583
4,4,J=0.65,retained_channel_fraction,0.25,2,pca_readout_recalibrated,0.0464158883361278,0.25835445498072
4,4,J=0.65,retained_channel_fraction,0.25,3,zero_shot,0.0464158883361278,1.68842469725879
4,4,J=0.65,retained_channel_fraction,0.25,3,pca_readout_recalibrated,0.0464158883361278,0.253933776276034
4,4,J=0.65,gain_mismatch_sigma,0.01,1,zero_shot,0.0464158883361278,0.346759011352631
4,4,J=0.65,gain_mismatch_sigma,0.01,1,pca_readout_recalibrated,0.0464158883361278,0.254463633239283
4,4,J=0.65,gain_mismatch_sigma,0.01,2,zero_shot,0.0464158883361278,2.72993190599389
4,4,J=0.65,gain_mismatch_sigma,0.01,2,pca_readout_recalibrated,0.0464158883361278,0.254463633239212
4,4,J=0.65,gain_mismatch_sigma,0.01,3,zero_shot,0.0464158883361278,1.82947732791705
4,4,J=0.65,gain_mismatch_sigma,0.01,3,pca_readout_recalibrated,0.0464158883361278,0.254463633239567
4,4,J=0.65,gain_mismatch_sigma,0.05,1,zero_shot,0.0464158883361278,0.546224395127927
4,4,J=0.65,gain_mismatch_sigma,0.05,1,pca_readout_recalibrated,0.0464158883361278,0.254463633239422
4,4,J=0.65,gain_mismatch_sigma,0.05,2,zero_shot,0.0464158883361278,11.856071319357
4,4,J=0.65,gain_mismatch_sigma,0.05,2,pca_readout_recalibrated,0.0464158883361278,0.254463633239289
4,4,J=0.65,gain_mismatch_sigma,0.05,3,zero_shot,0.0464158883361278,7.02011322335686
4,4,J=0.65,gain_mismatch_sigma,0.05,3,pca_readout_recalibrated,0.0464158883361278,0.254463633239618
4,4,J=0.65,gain_mismatch_sigma,0.1,1,zero_shot,0.0464158883361278,7.61607892907956
4,4,J=0.65,gain_mismatch_sigma,0.1,1,pca_readout_recalibrated,0.0464158883361278,0.254463633239301
4,4,J=0.65,gain_mismatch_sigma,0.1,2,zero_shot,0.0464158883361278,1.91864227419344
4,4,J=0.65,gain_mismatch_sigma,0.1,2,pca_readout_recalibrated,0.0464158883361278,0.254463633239722
4,4,J=0.65,gain_mismatch_sigma,0.1,3,zero_shot,0.0464158883361278,1.29609304075179
4,4,J=0.65,gain_mismatch_sigma,0.1,3,pca_readout_recalibrated,0.0464158883361278,0.254463633239306
4,4,J=0.65,sampling_jitter_fraction,0.01,1,zero_shot,0.0464158883361278,0.254528004597503
4,4,J=0.65,sampling_jitter_fraction,0.01,1,pca_readout_recalibrated,0.0464158883361278,0.254461132198013
4,4,J=0.65,sampling_jitter_fraction,0.01,2,zero_shot,0.0464158883361278,0.254528004597503
4,4,J=0.65,sampling_jitter_fraction,0.01,2,pca_readout_recalibrated,0.0464158883361278,0.254461132198013
4,4,J=0.65,sampling_jitter_fraction,0.01,3,zero_shot,0.0464158883361278,0.254528004597503
4,4,J=0.65,sampling_jitter_fraction,0.01,3,pca_readout_recalibrated,0.0464158883361278,0.254461132198013
4,4,J=0.65,sampling_jitter_fraction,0.05,1,zero_shot,0.0464158883361278,0.257592566456234
4,4,J=0.65,sampling_jitter_fraction,0.05,1,pca_readout_recalibrated,0.0464158883361278,0.254452885034665
4,4,J=0.65,sampling_jitter_fraction,0.05,2,zero_shot,0.0464158883361278,0.257592566456234
4,4,J=0.65,sampling_jitter_fraction,0.05,2,pca_readout_recalibrated,0.0464158883361278,0.254452885034665
4,4,J=0.65,sampling_jitter_fraction,0.05,3,zero_shot,0.0464158883361278,0.257592566456234
4,4,J=0.65,sampling_jitter_fraction,0.05,3,pca_readout_recalibrated,0.0464158883361278,0.254452885034665
4,4,J=0.65,sampling_jitter_fraction,0.1,1,zero_shot,0.0464158883361278,0.267492127060267
4,4,J=0.65,sampling_jitter_fraction,0.1,1,pca_readout_recalibrated,0.0464158883361278,0.254449409948017
4,4,J=0.65,sampling_jitter_fraction,0.1,2,zero_shot,0.0464158883361278,0.267492127060267
4,4,J=0.65,sampling_jitter_fraction,0.1,2,pca_readout_recalibrated,0.0464158883361278,0.254449409948017
4,4,J=0.65,sampling_jitter_fraction,0.1,3,zero_shot,0.0464158883361278,0.267492127060267
4,4,J=0.65,sampling_jitter_fraction,0.1,3,pca_readout_recalibrated,0.0464158883361278,0.254449409948017
4,4,J=0.65,failed_modes,1,1,zero_shot,0.0464158883361278,6.07714390455231
4,4,J=0.65,failed_modes,1,1,pca_readout_recalibrated,0.0464158883361278,0.254954799140051
4,4,J=0.65,failed_modes,1,2,zero_shot,0.0464158883361278,4.27295096655096
4,4,J=0.65,failed_modes,1,2,pca_readout_recalibrated,0.0464158883361278,0.254161426551482
4,4,J=0.65,failed_modes,1,3,zero_shot,0.0464158883361278,4.66178003454548
4,4,J=0.65,failed_modes,1,3,pca_readout_recalibrated,0.0464158883361278,0.253559174542424
4,4,J=0.65,failed_modes,2,1,zero_shot,0.0464158883361278,4.40772418104859
4,4,J=0.65,failed_modes,2,1,pca_readout_recalibrated,0.0464158883361278,0.255763802244676
4,4,J=0.65,failed_modes,2,2,zero_shot,0.0464158883361278,6.81843005412192
4,4,J=0.65,failed_modes,2,2,pca_readout_recalibrated,0.0464158883361278,0.259063519283939
4,4,J=0.65,failed_modes,2,3,zero_shot,0.0464158883361278,2.75472662630193
4,4,J=0.65,failed_modes,2,3,pca_readout_recalibrated,0.0464158883361278,0.254439014640858
4,4,J=0.65,failed_modes,3,1,zero_shot,0.0464158883361278,5.63893943422553
4,4,J=0.65,failed_modes,3,1,pca_readout_recalibrated,0.0464158883361278,0.253084977497023
4,4,J=0.65,failed_modes,3,2,zero_shot,0.0464158883361278,10.5998098588936
4,4,J=0.65,failed_modes,3,2,pca_readout_recalibrated,0.0464158883361278,0.255489388879476
4,4,J=0.65,failed_modes,3,3,zero_shot,0.0464158883361278,4.31188555005218
4,4,J=0.65,failed_modes,3,3,pca_readout_recalibrated,0.0464158883361278,0.253851496721868
5,1,J=0,clean,0,1,zero_shot,0.0215443469003188,0.30674609533611
5,1,J=0,detector_snr_db,40,1,zero_shot,0.0215443469003188,1.59799772950838
5,1,J=0,detector_snr_db,40,1,pca_readout_recalibrated,0.0215443469003188,0.356932575790726
5,1,J=0,detector_snr_db,40,2,zero_shot,0.0215443469003188,1.61357961614002
5,1,J=0,detector_snr_db,40,2,pca_readout_recalibrated,0.0215443469003188,0.356718772468142
5,1,J=0,detector_snr_db,40,3,zero_shot,0.0215443469003188,1.67236042539723
5,1,J=0,detector_snr_db,40,3,pca_readout_recalibrated,0.0215443469003188,0.354061059379067
5,1,J=0,detector_snr_db,30,1,zero_shot,0.0215443469003188,4.95338190499672
5,1,J=0,detector_snr_db,30,1,pca_readout_recalibrated,0.0215443469003188,0.372384010329703
5,1,J=0,detector_snr_db,30,2,zero_shot,0.0215443469003188,4.92692746566533
5,1,J=0,detector_snr_db,30,2,pca_readout_recalibrated,0.0215443469003188,0.370626918306224
5,1,J=0,detector_snr_db,30,3,zero_shot,0.0215443469003188,4.97411123403164
5,1,J=0,detector_snr_db,30,3,pca_readout_recalibrated,0.0215443469003188,0.373139494801524
5,1,J=0,detector_snr_db,20,1,zero_shot,0.0215443469003188,15.5327788364022
5,1,J=0,detector_snr_db,20,1,pca_readout_recalibrated,0.0215443469003188,0.379751052217641
5,1,J=0,detector_snr_db,20,2,zero_shot,0.0215443469003188,15.6393720776789
5,1,J=0,detector_snr_db,20,2,pca_readout_recalibrated,0.0215443469003188,0.381328881580164
5,1,J=0,detector_snr_db,20,3,zero_shot,0.0215443469003188,15.8097296634674
5,1,J=0,detector_snr_db,20,3,pca_readout_recalibrated,0.0215443469003188,0.379240739774659
5,1,J=0,shot_noise_photons,100000,1,zero_shot,0.0215443469003188,0.472135190180997
5,1,J=0,shot_noise_photons,100000,1,pca_readout_recalibrated,0.0215443469003188,0.319528885572323
5,1,J=0,shot_noise_photons,100000,2,zero_shot,0.0215443469003188,0.469105428792499
5,1,J=0,shot_noise_photons,100000,2,pca_readout_recalibrated,0.0215443469003188,0.320044578164076
5,1,J=0,shot_noise_photons,100000,3,zero_shot,0.0215443469003188,0.476093224036492
5,1,J=0,shot_noise_photons,100000,3,pca_readout_recalibrated,0.0215443469003188,0.320914119391746
5,1,J=0,shot_noise_photons,10000,1,zero_shot,0.0215443469003188,1.15916214309043
5,1,J=0,shot_noise_photons,10000,1,pca_readout_recalibrated,0.0215443469003188,0.348351587567311
5,1,J=0,shot_noise_photons,10000,2,zero_shot,0.0215443469003188,1.14949449907203
5,1,J=0,shot_noise_photons,10000,2,pca_readout_recalibrated,0.0215443469003188,0.347673473728134
5,1,J=0,shot_noise_photons,10000,3,zero_shot,0.0215443469003188,1.16390183841449
5,1,J=0,shot_noise_photons,10000,3,pca_readout_recalibrated,0.0215443469003188,0.346172480198594
5,1,J=0,shot_noise_photons,1000,1,zero_shot,0.0215443469003188,3.59780616294958
5,1,J=0,shot_noise_photons,1000,1,pca_readout_recalibrated,0.0215443469003188,0.370369590675872
5,1,J=0,shot_noise_photons,1000,2,zero_shot,0.0215443469003188,3.52656469836088
5,1,J=0,shot_noise_photons,1000,2,pca_readout_recalibrated,0.0215443469003188,0.369343467096609
5,1,J=0,shot_noise_photons,1000,3,zero_shot,0.0215443469003188,3.59575301196502
5,1,J=0,shot_noise_photons,1000,3,pca_readout_recalibrated,0.0215443469003188,0.369070813715953
5,1,J=0,quantization_bits,12,1,zero_shot,0.0215443469003188,0.314627070561448
5,1,J=0,quantization_bits,12,1,pca_readout_recalibrated,0.0215443469003188,0.314622166750927
5,1,J=0,quantization_bits,12,2,zero_shot,0.0215443469003188,0.314627070561448
5,1,J=0,quantization_bits,12,2,pca_readout_recalibrated,0.0215443469003188,0.314622166750927
5,1,J=0,quantization_bits,12,3,zero_shot,0.0215443469003188,0.314627070561448
5,1,J=0,quantization_bits,12,3,pca_readout_recalibrated,0.0215443469003188,0.314622166750927
5,1,J=0,quantization_bits,8,1,zero_shot,0.0215443469003188,0.317009568208962
5,1,J=0,quantization_bits,8,1,pca_readout_recalibrated,0.0215443469003188,0.316595943562109
5,1,J=0,quantization_bits,8,2,zero_shot,0.0215443469003188,0.317009568208962
5,1,J=0,quantization_bits,8,2,pca_readout_recalibrated,0.0215443469003188,0.316595943562109
5,1,J=0,quantization_bits,8,3,zero_shot,0.0215443469003188,0.317009568208962
5,1,J=0,quantization_bits,8,3,pca_readout_recalibrated,0.0215443469003188,0.316595943562109
5,1,J=0,quantization_bits,6,1,zero_shot,0.0215443469003188,0.368560011666487
5,1,J=0,quantization_bits,6,1,pca_readout_recalibrated,0.0215443469003188,0.320497339465847
5,1,J=0,quantization_bits,6,2,zero_shot,0.0215443469003188,0.368560011666487
5,1,J=0,quantization_bits,6,2,pca_readout_recalibrated,0.0215443469003188,0.320497339465847
5,1,J=0,quantization_bits,6,3,zero_shot,0.0215443469003188,0.368560011666487
5,1,J=0,quantization_bits,6,3,pca_readout_recalibrated,0.0215443469003188,0.320497339465847
5,1,J=0,correlated_noise_fraction,0,1,zero_shot,0.0215443469003188,4.99827639846945
5,1,J=0,correlated_noise_fraction,0,1,pca_readout_recalibrated,0.0215443469003188,0.373698973679066
5,1,J=0,correlated_noise_fraction,0,2,zero_shot,0.0215443469003188,5.01958062814195
5,1,J=0,correlated_noise_fraction,0,2,pca_readout_recalibrated,0.0215443469003188,0.377655910677852
5,1,J=0,correlated_noise_fraction,0,3,zero_shot,0.0215443469003188,4.91850939821164
5,1,J=0,correlated_noise_fraction,0,3,pca_readout_recalibrated,0.0215443469003188,0.369900946711146
5,1,J=0,correlated_noise_fraction,0.5,1,zero_shot,0.0215443469003188,11.340152650015
5,1,J=0,correlated_noise_fraction,0.5,1,pca_readout_recalibrated,0.0215443469003188,0.366544520158785
5,1,J=0,correlated_noise_fraction,0.5,2,zero_shot,0.0215443469003188,11.2516006971819
5,1,J=0,correlated_noise_fraction,0.5,2,pca_readout_recalibrated,0.0215443469003188,0.368375761079097
5,1,J=0,correlated_noise_fraction,0.5,3,zero_shot,0.0215443469003188,11.6446365818671
5,1,J=0,correlated_noise_fraction,0.5,3,pca_readout_recalibrated,0.0215443469003188,0.369193976107209
5,1,J=0,correlated_noise_fraction,0.9,1,zero_shot,0.0215443469003188,14.8323005107341
5,1,J=0,correlated_noise_fraction,0.9,1,pca_readout_recalibrated,0.0215443469003188,0.34438293471322
5,1,J=0,correlated_noise_fraction,0.9,2,zero_shot,0.0215443469003188,14.3220344972275
5,1,J=0,correlated_noise_fraction,0.9,2,pca_readout_recalibrated,0.0215443469003188,0.347667607289619
5,1,J=0,correlated_noise_fraction,0.9,3,zero_shot,0.0215443469003188,14.6797159591962
5,1,J=0,correlated_noise_fraction,0.9,3,pca_readout_recalibrated,0.0215443469003188,0.342286572879381
5,1,J=0,retained_channel_fraction,0.75,1,zero_shot,0.0215443469003188,2.29879114893221
5,1,J=0,retained_channel_fraction,0.75,1,pca_readout_recalibrated,0.0215443469003188,0.307102654515199
5,1,J=0,retained_channel_fraction,0.75,2,zero_shot,0.0215443469003188,2.39872297123937
5,1,J=0,retained_channel_fraction,0.75,2,pca_readout_recalibrated,0.0215443469003188,0.307294358533786
5,1,J=0,retained_channel_fraction,0.75,3,zero_shot,0.0215443469003188,2.55201375304696
5,1,J=0,retained_channel_fraction,0.75,3,pca_readout_recalibrated,0.0215443469003188,0.307202258984514
5,1,J=0,retained_channel_fraction,0.5,1,zero_shot,0.0215443469003188,2.71554748369696
5,1,J=0,retained_channel_fraction,0.5,1,pca_readout_recalibrated,0.0215443469003188,0.308712142493659
5,1,J=0,retained_channel_fraction,0.5,2,zero_shot,0.0215443469003188,1.32910047514604
5,1,J=0,retained_channel_fraction,0.5,2,pca_readout_recalibrated,0.0215443469003188,0.307656176016446
5,1,J=0,retained_channel_fraction,0.5,3,zero_shot,0.0215443469003188,2.58477304358361
5,1,J=0,retained_channel_fraction,0.5,3,pca_readout_recalibrated,0.0215443469003188,0.307683854534501
5,1,J=0,retained_channel_fraction,0.25,1,zero_shot,0.0215443469003188,2.82411508927253
5,1,J=0,retained_channel_fraction,0.25,1,pca_readout_recalibrated,0.0215443469003188,0.308440552861554
5,1,J=0,retained_channel_fraction,0.25,2,zero_shot,0.0215443469003188,2.34143929156908
5,1,J=0,retained_channel_fraction,0.25,2,pca_readout_recalibrated,0.0215443469003188,0.306568861557517
5,1,J=0,retained_channel_fraction,0.25,3,zero_shot,0.0215443469003188,1.86498808822486
5,1,J=0,retained_channel_fraction,0.25,3,pca_readout_recalibrated,0.0215443469003188,0.308050413803414
5,1,J=0,gain_mismatch_sigma,0.01,1,zero_shot,0.0215443469003188,1.06476192904416
5,1,J=0,gain_mismatch_sigma,0.01,1,pca_readout_recalibrated,0.0215443469003188,0.306746095336339
5,1,J=0,gain_mismatch_sigma,0.01,2,zero_shot,0.0215443469003188,1.07789450769179
5,1,J=0,gain_mismatch_sigma,0.01,2,pca_readout_recalibrated,0.0215443469003188,0.30674609533621
5,1,J=0,gain_mismatch_sigma,0.01,3,zero_shot,0.0215443469003188,1.16984162406421
5,1,J=0,gain_mismatch_sigma,0.01,3,pca_readout_recalibrated,0.0215443469003188,0.306746095336134
5,1,J=0,gain_mismatch_sigma,0.05,1,zero_shot,0.0215443469003188,5.70610473698575
5,1,J=0,gain_mismatch_sigma,0.05,1,pca_readout_recalibrated,0.0215443469003188,0.30674609533643
5,1,J=0,gain_mismatch_sigma,0.05,2,zero_shot,0.0215443469003188,7.87605863705925
5,1,J=0,gain_mismatch_sigma,0.05,2,pca_readout_recalibrated,0.0215443469003188,0.306746095336327
5,1,J=0,gain_mismatch_sigma,0.05,3,zero_shot,0.0215443469003188,1.00482361037312
5,1,J=0,gain_mismatch_sigma,0.05,3,pca_readout_recalibrated,0.0215443469003188,0.306746095336252
5,1,J=0,gain_mismatch_sigma,0.1,1,zero_shot,0.0215443469003188,21.6921619296548
5,1,J=0,gain_mismatch_sigma,0.1,1,pca_readout_recalibrated,0.0215443469003188,0.306746095336225
5,1,J=0,gain_mismatch_sigma,0.1,2,zero_shot,0.0215443469003188,21.9429470529273
5,1,J=0,gain_mismatch_sigma,0.1,2,pca_readout_recalibrated,0.0215443469003188,0.306746095336452
5,1,J=0,gain_mismatch_sigma,0.1,3,zero_shot,0.0215443469003188,20.3998445996078
5,1,J=0,gain_mismatch_sigma,0.1,3,pca_readout_recalibrated,0.0215443469003188,0.306746095336497
5,1,J=0,sampling_jitter_fraction,0.01,1,zero_shot,0.0215443469003188,0.306824364696882
5,1,J=0,sampling_jitter_fraction,0.01,1,pca_readout_recalibrated,0.0215443469003188,0.306732398233428
5,1,J=0,sampling_jitter_fraction,0.01,2,zero_shot,0.0215443469003188,0.306824364696882
5,1,J=0,sampling_jitter_fraction,0.01,2,pca_readout_recalibrated,0.0215443469003188,0.306732398233428
5,1,J=0,sampling_jitter_fraction,0.01,3,zero_shot,0.0215443469003188,0.306824364696882
5,1,J=0,sampling_jitter_fraction,0.01,3,pca_readout_recalibrated,0.0215443469003188,0.306732398233428
5,1,J=0,sampling_jitter_fraction,0.05,1,zero_shot,0.0215443469003188,0.309287077904283
5,1,J=0,sampling_jitter_fraction,0.05,1,pca_readout_recalibrated,0.0215443469003188,0.306681942379688
5,1,J=0,sampling_jitter_fraction,0.05,2,zero_shot,0.0215443469003188,0.309287077904283
5,1,J=0,sampling_jitter_fraction,0.05,2,pca_readout_recalibrated,0.0215443469003188,0.306681942379688
5,1,J=0,sampling_jitter_fraction,0.05,3,zero_shot,0.0215443469003188,0.309287077904283
5,1,J=0,sampling_jitter_fraction,0.05,3,pca_readout_recalibrated,0.0215443469003188,0.306681942379688
5,1,J=0,sampling_jitter_fraction,0.1,1,zero_shot,0.0215443469003188,0.317075468782353
5,1,J=0,sampling_jitter_fraction,0.1,1,pca_readout_recalibrated,0.0215443469003188,0.306629113822964
5,1,J=0,sampling_jitter_fraction,0.1,2,zero_shot,0.0215443469003188,0.317075468782353
5,1,J=0,sampling_jitter_fraction,0.1,2,pca_readout_recalibrated,0.0215443469003188,0.306629113822964
5,1,J=0,sampling_jitter_fraction,0.1,3,zero_shot,0.0215443469003188,0.317075468782353
5,1,J=0,sampling_jitter_fraction,0.1,3,pca_readout_recalibrated,0.0215443469003188,0.306629113822964
5,1,J=0,failed_modes,1,1,zero_shot,0.0215443469003188,0.80091179314152
5,1,J=0,failed_modes,1,1,pca_readout_recalibrated,0.0215443469003188,0.306676930038205
5,1,J=0,failed_modes,1,2,zero_shot,0.0215443469003188,2.22078052464051
5,1,J=0,failed_modes,1,2,pca_readout_recalibrated,0.0215443469003188,0.308586219922268
5,1,J=0,failed_modes,1,3,zero_shot,0.0215443469003188,2.68726760049217
5,1,J=0,failed_modes,1,3,pca_readout_recalibrated,0.0215443469003188,0.306824575145727
5,1,J=0,failed_modes,2,1,zero_shot,0.0215443469003188,2.611764874057
5,1,J=0,failed_modes,2,1,pca_readout_recalibrated,0.0215443469003188,0.307659634538316
5,1,J=0,failed_modes,2,2,zero_shot,0.0215443469003188,1.40583423328585
5,1,J=0,failed_modes,2,2,pca_readout_recalibrated,0.0215443469003188,0.307879478157408
5,1,J=0,failed_modes,2,3,zero_shot,0.0215443469003188,2.99561913643086
5,1,J=0,failed_modes,2,3,pca_readout_recalibrated,0.0215443469003188,0.30733089092563
5,1,J=0,failed_modes,3,1,zero_shot,0.0215443469003188,3.65520304363485
5,1,J=0,failed_modes,3,1,pca_readout_recalibrated,0.0215443469003188,0.316231015587553
5,1,J=0,failed_modes,3,2,zero_shot,0.0215443469003188,2.43788662116322
5,1,J=0,failed_modes,3,2,pca_readout_recalibrated,0.0215443469003188,0.306455541610223
5,1,J=0,failed_modes,3,3,zero_shot,0.0215443469003188,1.58427696301979
5,1,J=0,failed_modes,3,3,pca_readout_recalibrated,0.0215443469003188,0.306808118448417
5,4,J=0.65,clean,0,1,zero_shot,0.0001,0.265851389693079
5,4,J=0.65,detector_snr_db,40,1,zero_shot,0.0001,2.72785444874216
5,4,J=0.65,detector_snr_db,40,1,pca_readout_recalibrated,0.0001,0.343334563039628
5,4,J=0.65,detector_snr_db,40,2,zero_shot,0.0001,2.72454062027915
5,4,J=0.65,detector_snr_db,40,2,pca_readout_recalibrated,0.0001,0.348245316516134
5,4,J=0.65,detector_snr_db,40,3,zero_shot,0.0001,2.69783575971844
5,4,J=0.65,detector_snr_db,40,3,pca_readout_recalibrated,0.0001,0.341716239491633
5,4,J=0.65,detector_snr_db,30,1,zero_shot,0.0001,8.46989498939701
5,4,J=0.65,detector_snr_db,30,1,pca_readout_recalibrated,0.0001,0.367691761753517
5,4,J=0.65,detector_snr_db,30,2,zero_shot,0.0001,8.50946859901853
5,4,J=0.65,detector_snr_db,30,2,pca_readout_recalibrated,0.0001,0.365892187705796
5,4,J=0.65,detector_snr_db,30,3,zero_shot,0.0001,8.50952680178837
5,4,J=0.65,detector_snr_db,30,3,pca_readout_recalibrated,0.0001,0.363595675396572
5,4,J=0.65,detector_snr_db,20,1,zero_shot,0.0001,27.0741280479339
5,4,J=0.65,detector_snr_db,20,1,pca_readout_recalibrated,0.0001,0.387451523164232
5,4,J=0.65,detector_snr_db,20,2,zero_shot,0.0001,26.3677783369917
5,4,J=0.65,detector_snr_db,20,2,pca_readout_recalibrated,0.0001,0.381248637122967
5,4,J=0.65,detector_snr_db,20,3,zero_shot,0.0001,26.9592509050832
5,4,J=0.65,detector_snr_db,20,3,pca_readout_recalibrated,0.0001,0.38158361432785
5,4,J=0.65,shot_noise_photons,100000,1,zero_shot,0.0001,0.66234641381474
5,4,J=0.65,shot_noise_photons,100000,1,pca_readout_recalibrated,0.0001,0.300152958629668
5,4,J=0.65,shot_noise_photons,100000,2,zero_shot,0.0001,0.670611086059554
5,4,J=0.65,shot_noise_photons,100000,2,pca_readout_recalibrated,0.0001,0.304153097827955
5,4,J=0.65,shot_noise_photons,100000,3,zero_shot,0.0001,0.645688777546646
5,4,J=0.65,shot_noise_photons,100000,3,pca_readout_recalibrated,0.0001,0.300444024194552
5,4,J=0.65,shot_noise_photons,10000,1,zero_shot,0.0001,1.94654799375154
5,4,J=0.65,shot_noise_photons,10000,1,pca_readout_recalibrated,0.0001,0.338710193255556
5,4,J=0.65,shot_noise_photons,10000,2,zero_shot,0.0001,1.85568248995788
5,4,J=0.65,shot_noise_photons,10000,2,pca_readout_recalibrated,0.0001,0.332162409712865
5,4,J=0.65,shot_noise_photons,10000,3,zero_shot,0.0001,1.93797762502138
5,4,J=0.65,shot_noise_photons,10000,3,pca_readout_recalibrated,0.0001,0.336986813229057
5,4,J=0.65,shot_noise_photons,1000,1,zero_shot,0.0001,6.05131621221081
5,4,J=0.65,shot_noise_photons,1000,1,pca_readout_recalibrated,0.0001,0.366271208139802
5,4,J=0.65,shot_noise_photons,1000,2,zero_shot,0.0001,6.00241235484141
5,4,J=0.65,shot_noise_photons,1000,2,pca_readout_recalibrated,0.0001,0.361323113940675
5,4,J=0.65,shot_noise_photons,1000,3,zero_shot,0.0001,5.93703358502665
5,4,J=0.65,shot_noise_photons,1000,3,pca_readout_recalibrated,0.0001,0.361395246409125
5,4,J=0.65,quantization_bits,12,1,zero_shot,0.0001,0.321094932692747
5,4,J=0.65,quantization_bits,12,1,pca_readout_recalibrated,0.0001,0.319085051410472
5,4,J=0.65,quantization_bits,12,2,zero_shot,0.0001,0.321094932692747
5,4,J=0.65,quantization_bits,12,2,pca_readout_recalibrated,0.0001,0.319085051410472
5,4,J=0.65,quantization_bits,12,3,zero_shot,0.0001,0.321094932692747
5,4,J=0.65,quantization_bits,12,3,pca_readout_recalibrated,0.0001,0.319085051410472
5,4,J=0.65,quantization_bits,8,1,zero_shot,0.0001,0.351559067948918
5,4,J=0.65,quantization_bits,8,1,pca_readout_recalibrated,0.0001,0.295196251166021
5,4,J=0.65,quantization_bits,8,2,zero_shot,0.0001,0.351559067948918
5,4,J=0.65,quantization_bits,8,2,pca_readout_recalibrated,0.0001,0.295196251166021
5,4,J=0.65,quantization_bits,8,3,zero_shot,0.0001,0.351559067948918
5,4,J=0.65,quantization_bits,8,3,pca_readout_recalibrated,0.0001,0.295196251166021
5,4,J=0.65,quantization_bits,6,1,zero_shot,0.0001,0.601657570017471
5,4,J=0.65,quantization_bits,6,1,pca_readout_recalibrated,0.0001,0.305653628854695
5,4,J=0.65,quantization_bits,6,2,zero_shot,0.0001,0.601657570017471
5,4,J=0.65,quantization_bits,6,2,pca_readout_recalibrated,0.0001,0.305653628854695
5,4,J=0.65,quantization_bits,6,3,zero_shot,0.0001,0.601657570017471
5,4,J=0.65,quantization_bits,6,3,pca_readout_recalibrated,0.0001,0.305653628854695
5,4,J=0.65,correlated_noise_fraction,0,1,zero_shot,0.0001,8.31667796709739
5,4,J=0.65,correlated_noise_fraction,0,1,pca_readout_recalibrated,0.0001,0.367806167288301
5,4,J=0.65,correlated_noise_fraction,0,2,zero_shot,0.0001,8.52634993834872
5,4,J=0.65,correlated_noise_fraction,0,2,pca_readout_recalibrated,0.0001,0.365981212552235
5,4,J=0.65,correlated_noise_fraction,0,3,zero_shot,0.0001,8.48148522950715
5,4,J=0.65,correlated_noise_fraction,0,3,pca_readout_recalibrated,0.0001,0.364502213985254
5,4,J=0.65,correlated_noise_fraction,0.5,1,zero_shot,0.0001,16.9646857085359
5,4,J=0.65,correlated_noise_fraction,0.5,1,pca_readout_recalibrated,0.0001,0.362115022093498
5,4,J=0.65,correlated_noise_fraction,0.5,2,zero_shot,0.0001,17.4884760135225
5,4,J=0.65,correlated_noise_fraction,0.5,2,pca_readout_recalibrated,0.0001,0.357594896542001
5,4,J=0.65,correlated_noise_fraction,0.5,3,zero_shot,0.0001,17.2283718751076
5,4,J=0.65,correlated_noise_fraction,0.5,3,pca_readout_recalibrated,0.0001,0.363747766767657
5,4,J=0.65,correlated_noise_fraction,0.9,1,zero_shot,0.0001,21.3948674717135
5,4,J=0.65,correlated_noise_fraction,0.9,1,pca_readout_recalibrated,0.0001,0.342762638645948
5,4,J=0.65,correlated_noise_fraction,0.9,2,zero_shot,0.0001,21.6101033338656
5,4,J=0.65,correlated_noise_fraction,0.9,2,pca_readout_recalibrated,0.0001,0.343773743515589
5,4,J=0.65,correlated_noise_fraction,0.9,3,zero_shot,0.0001,21.3058650260196
5,4,J=0.65,correlated_noise_fraction,0.9,3,pca_readout_recalibrated,0.0001,0.34129724088519
5,4,J=0.65,retained_channel_fraction,0.75,1,zero_shot,0.0001,5.77565287506261
5,4,J=0.65,retained_channel_fraction,0.75,1,pca_readout_recalibrated,0.0001,0.270742866818232
5,4,J=0.65,retained_channel_fraction,0.75,2,zero_shot,0.0001,5.85001560949715
5,4,J=0.65,retained_channel_fraction,0.75,2,pca_readout_recalibrated,0.0001,0.269343904635834
5,4,J=0.65,retained_channel_fraction,0.75,3,zero_shot,0.0001,6.1972072072525
5,4,J=0.65,retained_channel_fraction,0.75,3,pca_readout_recalibrated,0.0001,0.268116813985145
5,4,J=0.65,retained_channel_fraction,0.5,1,zero_shot,0.0001,8.71535905013895
5,4,J=0.65,retained_channel_fraction,0.5,1,pca_readout_recalibrated,0.0001,0.267348129980994
5,4,J=0.65,retained_channel_fraction,0.5,2,zero_shot,0.0001,7.54715354851869
5,4,J=0.65,retained_channel_fraction,0.5,2,pca_readout_recalibrated,0.0001,0.268754672946201
5,4,J=0.65,retained_channel_fraction,0.5,3,zero_shot,0.0001,5.83550814756274
5,4,J=0.65,retained_channel_fraction,0.5,3,pca_readout_recalibrated,0.0001,0.269571458962134
5,4,J=0.65,retained_channel_fraction,0.25,1,zero_shot,0.0001,5.93665103490523
5,4,J=0.65,retained_channel_fraction,0.25,1,pca_readout_recalibrated,0.0001,0.263100742107856
5,4,J=0.65,retained_channel_fraction,0.25,2,zero_shot,0.0001,5.12346238739851
5,4,J=0.65,retained_channel_fraction,0.25,2,pca_readout_recalibrated,0.0001,0.265981832051315
5,4,J=0.65,retained_channel_fraction,0.25,3,zero_shot,0.0001,8.02403867020175
5,4,J=0.65,retained_channel_fraction,0.25,3,pca_readout_recalibrated,0.0001,0.269913038327135
5,4,J=0.65,gain_mismatch_sigma,0.01,1,zero_shot,0.0001,2.64972771274215
5,4,J=0.65,gain_mismatch_sigma,0.01,1,pca_readout_recalibrated,0.0001,0.265851389697273
5,4,J=0.65,gain_mismatch_sigma,0.01,2,zero_shot,0.0001,0.485542232146137
5,4,J=0.65,gain_mismatch_sigma,0.01,2,pca_readout_recalibrated,0.0001,0.265851389695303
5,4,J=0.65,gain_mismatch_sigma,0.01,3,zero_shot,0.0001,2.9486800852851
5,4,J=0.65,gain_mismatch_sigma,0.01,3,pca_readout_recalibrated,0.0001,0.265851389696704
5,4,J=0.65,gain_mismatch_sigma,0.05,1,zero_shot,0.0001,16.327173358734
5,4,J=0.65,gain_mismatch_sigma,0.05,1,pca_readout_recalibrated,0.0001,0.265851389691297
5,4,J=0.65,gain_mismatch_sigma,0.05,2,zero_shot,0.0001,7.03175347029516
5,4,J=0.65,gain_mismatch_sigma,0.05,2,pca_readout_recalibrated,0.0001,0.265851389695166
5,4,J=0.65,gain_mismatch_sigma,0.05,3,zero_shot,0.0001,0.90010208076095
5,4,J=0.65,gain_mismatch_sigma,0.05,3,pca_readout_recalibrated,0.0001,0.265851389697781
5,4,J=0.65,gain_mismatch_sigma,0.1,1,zero_shot,0.0001,32.6551774469849
5,4,J=0.65,gain_mismatch_sigma,0.1,1,pca_readout_recalibrated,0.0001,0.265851389694334
5,4,J=0.65,gain_mismatch_sigma,0.1,2,zero_shot,0.0001,41.3294615962962
5,4,J=0.65,gain_mismatch_sigma,0.1,2,pca_readout_recalibrated,0.0001,0.265851389692961
5,4,J=0.65,gain_mismatch_sigma,0.1,3,zero_shot,0.0001,23.8132173755104
5,4,J=0.65,gain_mismatch_sigma,0.1,3,pca_readout_recalibrated,0.0001,0.265851389696513
5,4,J=0.65,sampling_jitter_fraction,0.01,1,zero_shot,0.0001,0.265905446075067
5,4,J=0.65,sampling_jitter_fraction,0.01,1,pca_readout_recalibrated,0.0001,0.265715369576364
5,4,J=0.65,sampling_jitter_fraction,0.01,2,zero_shot,0.0001,0.265905446075067
5,4,J=0.65,sampling_jitter_fraction,0.01,2,pca_readout_recalibrated,0.0001,0.265715369576364
5,4,J=0.65,sampling_jitter_fraction,0.01,3,zero_shot,0.0001,0.265905446075067
5,4,J=0.65,sampling_jitter_fraction,0.01,3,pca_readout_recalibrated,0.0001,0.265715369576364
5,4,J=0.65,sampling_jitter_fraction,0.05,1,zero_shot,0.0001,0.268670169305807
5,4,J=0.65,sampling_jitter_fraction,0.05,1,pca_readout_recalibrated,0.0001,0.265192264455135
5,4,J=0.65,sampling_jitter_fraction,0.05,2,zero_shot,0.0001,0.268670169305807
5,4,J=0.65,sampling_jitter_fraction,0.05,2,pca_readout_recalibrated,0.0001,0.265192264455135
5,4,J=0.65,sampling_jitter_fraction,0.05,3,zero_shot,0.0001,0.268670169305807
5,4,J=0.65,sampling_jitter_fraction,0.05,3,pca_readout_recalibrated,0.0001,0.265192264455135
5,4,J=0.65,sampling_jitter_fraction,0.1,1,zero_shot,0.0001,0.277664894967982
5,4,J=0.65,sampling_jitter_fraction,0.1,1,pca_readout_recalibrated,0.0001,0.264609765509959
5,4,J=0.65,sampling_jitter_fraction,0.1,2,zero_shot,0.0001,0.277664894967982
5,4,J=0.65,sampling_jitter_fraction,0.1,2,pca_readout_recalibrated,0.0001,0.264609765509959
5,4,J=0.65,sampling_jitter_fraction,0.1,3,zero_shot,0.0001,0.277664894967982
5,4,J=0.65,sampling_jitter_fraction,0.1,3,pca_readout_recalibrated,0.0001,0.264609765509959
5,4,J=0.65,failed_modes,1,1,zero_shot,0.0001,5.56718095825779
5,4,J=0.65,failed_modes,1,1,pca_readout_recalibrated,0.0001,0.264728588606034
5,4,J=0.65,failed_modes,1,2,zero_shot,0.0001,8.33717180822481
5,4,J=0.65,failed_modes,1,2,pca_readout_recalibrated,0.0001,0.26940979792108
5,4,J=0.65,failed_modes,1,3,zero_shot,0.0001,9.90414082007611
5,4,J=0.65,failed_modes,1,3,pca_readout_recalibrated,0.0001,0.266377365058705
5,4,J=0.65,failed_modes,2,1,zero_shot,0.0001,14.5218672333448
5,4,J=0.65,failed_modes,2,1,pca_readout_recalibrated,0.0001,0.268630409288579
5,4,J=0.65,failed_modes,2,2,zero_shot,0.0001,10.3081900407677
5,4,J=0.65,failed_modes,2,2,pca_readout_recalibrated,0.0001,0.264294924506293
5,4,J=0.65,failed_modes,2,3,zero_shot,0.0001,15.0036958136266
5,4,J=0.65,failed_modes,2,3,pca_readout_recalibrated,0.0001,0.268708668988429
5,4,J=0.65,failed_modes,3,1,zero_shot,0.0001,13.2333541132974
5,4,J=0.65,failed_modes,3,1,pca_readout_recalibrated,0.0001,0.268112228222343
5,4,J=0.65,failed_modes,3,2,zero_shot,0.0001,15.182698870427
5,4,J=0.65,failed_modes,3,2,pca_readout_recalibrated,0.0001,0.265413544551211
5,4,J=0.65,failed_modes,3,3,zero_shot,0.0001,15.7177238468855
5,4,J=0.65,failed_modes,3,3,pca_readout_recalibrated,0.0001,0.267411155976367
6,1,J=0,clean,0,1,zero_shot,0.215443469003188,0.314893565032694
6,1,J=0,detector_snr_db,40,1,zero_shot,0.215443469003188,1.11905549349044
6,1,J=0,detector_snr_db,40,1,pca_readout_recalibrated,0.215443469003188,0.337679436640955
6,1,J=0,detector_snr_db,40,2,zero_shot,0.215443469003188,1.14826679707912
6,1,J=0,detector_snr_db,40,2,pca_readout_recalibrated,0.215443469003188,0.340694404578586
6,1,J=0,detector_snr_db,40,3,zero_shot,0.215443469003188,1.12406749452806
6,1,J=0,detector_snr_db,40,3,pca_readout_recalibrated,0.215443469003188,0.341362672631119
6,1,J=0,detector_snr_db,30,1,zero_shot,0.215443469003188,3.47644507072948
6,1,J=0,detector_snr_db,30,1,pca_readout_recalibrated,0.215443469003188,0.359921701831231
6,1,J=0,detector_snr_db,30,2,zero_shot,0.215443469003188,3.48133512973147
6,1,J=0,detector_snr_db,30,2,pca_readout_recalibrated,0.215443469003188,0.360028519527931
6,1,J=0,detector_snr_db,30,3,zero_shot,0.215443469003188,3.46968524595863
6,1,J=0,detector_snr_db,30,3,pca_readout_recalibrated,0.215443469003188,0.361859160665427
6,1,J=0,detector_snr_db,20,1,zero_shot,0.215443469003188,10.8007274726701
6,1,J=0,detector_snr_db,20,1,pca_readout_recalibrated,0.215443469003188,0.37106117237429
6,1,J=0,detector_snr_db,20,2,zero_shot,0.215443469003188,10.9035857586976
6,1,J=0,detector_snr_db,20,2,pca_readout_recalibrated,0.215443469003188,0.379603298251572
6,1,J=0,detector_snr_db,20,3,zero_shot,0.215443469003188,11.0642544833867
6,1,J=0,detector_snr_db,20,3,pca_readout_recalibrated,0.215443469003188,0.377788523636453
6,1,J=0,shot_noise_photons,100000,1,zero_shot,0.215443469003188,0.396350291363171
6,1,J=0,shot_noise_photons,100000,1,pca_readout_recalibrated,0.215443469003188,0.320442869143522
6,1,J=0,shot_noise_photons,100000,2,zero_shot,0.215443469003188,0.399641469242279
6,1,J=0,shot_noise_photons,100000,2,pca_readout_recalibrated,0.215443469003188,0.320345337031816
6,1,J=0,shot_noise_photons,100000,3,zero_shot,0.215443469003188,0.397916257156664
6,1,J=0,shot_noise_photons,100000,3,pca_readout_recalibrated,0.215443469003188,0.319798058099551
6,1,J=0,shot_noise_photons,10000,1,zero_shot,0.215443469003188,0.831645689027518
6,1,J=0,shot_noise_photons,10000,1,pca_readout_recalibrated,0.215443469003188,0.335257748250092
6,1,J=0,shot_noise_photons,10000,2,zero_shot,0.215443469003188,0.847057381233329
6,1,J=0,shot_noise_photons,10000,2,pca_readout_recalibrated,0.215443469003188,0.338101927269346
6,1,J=0,shot_noise_photons,10000,3,zero_shot,0.215443469003188,0.837549940901377
6,1,J=0,shot_noise_photons,10000,3,pca_readout_recalibrated,0.215443469003188,0.336476220072988
6,1,J=0,shot_noise_photons,1000,1,zero_shot,0.215443469003188,2.47370030098636
6,1,J=0,shot_noise_photons,1000,1,pca_readout_recalibrated,0.215443469003188,0.351921806387737
6,1,J=0,shot_noise_photons,1000,2,zero_shot,0.215443469003188,2.51108940490096
6,1,J=0,shot_noise_photons,1000,2,pca_readout_recalibrated,0.215443469003188,0.351473404276913
6,1,J=0,shot_noise_photons,1000,3,zero_shot,0.215443469003188,2.43421912139822
6,1,J=0,shot_noise_photons,1000,3,pca_readout_recalibrated,0.215443469003188,0.35096445102629
6,1,J=0,quantization_bits,12,1,zero_shot,0.215443469003188,0.342122012878199
6,1,J=0,quantization_bits,12,1,pca_readout_recalibrated,0.215443469003188,0.342561568322039
6,1,J=0,quantization_bits,12,2,zero_shot,0.215443469003188,0.342122012878199
6,1,J=0,quantization_bits,12,2,pca_readout_recalibrated,0.215443469003188,0.342561568322039
6,1,J=0,quantization_bits,12,3,zero_shot,0.215443469003188,0.342122012878199
6,1,J=0,quantization_bits,12,3,pca_readout_recalibrated,0.215443469003188,0.342561568322039
6,1,J=0,quantization_bits,8,1,zero_shot,0.215443469003188,0.345480303219657
6,1,J=0,quantization_bits,8,1,pca_readout_recalibrated,0.215443469003188,0.337733395280749
6,1,J=0,quantization_bits,8,2,zero_shot,0.215443469003188,0.345480303219657
6,1,J=0,quantization_bits,8,2,pca_readout_recalibrated,0.215443469003188,0.337733395280749
6,1,J=0,quantization_bits,8,3,zero_shot,0.215443469003188,0.345480303219657
6,1,J=0,quantization_bits,8,3,pca_readout_recalibrated,0.215443469003188,0.337733395280749
6,1,J=0,quantization_bits,6,1,zero_shot,0.215443469003188,0.392085663286031
6,1,J=0,quantization_bits,6,1,pca_readout_recalibrated,0.215443469003188,0.329526617953187
6,1,J=0,quantization_bits,6,2,zero_shot,0.215443469003188,0.392085663286031
6,1,J=0,quantization_bits,6,2,pca_readout_recalibrated,0.215443469003188,0.329526617953187
6,1,J=0,quantization_bits,6,3,zero_shot,0.215443469003188,0.392085663286031
6,1,J=0,quantization_bits,6,3,pca_readout_recalibrated,0.215443469003188,0.329526617953187
6,1,J=0,correlated_noise_fraction,0,1,zero_shot,0.215443469003188,3.57324807035127
6,1,J=0,correlated_noise_fraction,0,1,pca_readout_recalibrated,0.215443469003188,0.355732038703996
6,1,J=0,correlated_noise_fraction,0,2,zero_shot,0.215443469003188,3.51098745405829
6,1,J=0,correlated_noise_fraction,0,2,pca_readout_recalibrated,0.215443469003188,0.356762382298539
6,1,J=0,correlated_noise_fraction,0,3,zero_shot,0.215443469003188,3.50971271864081
6,1,J=0,correlated_noise_fraction,0,3,pca_readout_recalibrated,0.215443469003188,0.356741245949325
6,1,J=0,correlated_noise_fraction,0.5,1,zero_shot,0.215443469003188,7.1023516270975
6,1,J=0,correlated_noise_fraction,0.5,1,pca_readout_recalibrated,0.215443469003188,0.351413414472295
6,1,J=0,correlated_noise_fraction,0.5,2,zero_shot,0.215443469003188,7.1860688849962
6,1,J=0,correlated_noise_fraction,0.5,2,pca_readout_recalibrated,0.215443469003188,0.350522324667539
6,1,J=0,correlated_noise_fraction,0.5,3,zero_shot,0.215443469003188,7.0831467084134
6,1,J=0,correlated_noise_fraction,0.5,3,pca_readout_recalibrated,0.215443469003188,0.346036775160133
6,1,J=0,correlated_noise_fraction,0.9,1,zero_shot,0.215443469003188,9.08589673192388
6,1,J=0,correlated_noise_fraction,0.9,1,pca_readout_recalibrated,0.215443469003188,0.331838016469707
6,1,J=0,correlated_noise_fraction,0.9,2,zero_shot,0.215443469003188,8.975163461319
6,1,J=0,correlated_noise_fraction,0.9,2,pca_readout_recalibrated,0.215443469003188,0.32934137029611
6,1,J=0,correlated_noise_fraction,0.9,3,zero_shot,0.215443469003188,9.10622169122801
6,1,J=0,correlated_noise_fraction,0.9,3,pca_readout_recalibrated,0.215443469003188,0.332409836218898
6,1,J=0,retained_channel_fraction,0.75,1,zero_shot,0.215443469003188,2.32109006725924
6,1,J=0,retained_channel_fraction,0.75,1,pca_readout_recalibrated,0.215443469003188,0.31575810715146
6,1,J=0,retained_channel_fraction,0.75,2,zero_shot,0.215443469003188,2.30482900457055
6,1,J=0,retained_channel_fraction,0.75,2,pca_readout_recalibrated,0.215443469003188,0.314765942850935
6,1,J=0,retained_channel_fraction,0.75,3,zero_shot,0.215443469003188,3.0425033909488
6,1,J=0,retained_channel_fraction,0.75,3,pca_readout_recalibrated,0.215443469003188,0.316066614683469
6,1,J=0,retained_channel_fraction,0.5,1,zero_shot,0.215443469003188,3.10680501316641
6,1,J=0,retained_channel_fraction,0.5,1,pca_readout_recalibrated,0.215443469003188,0.31500711982843
6,1,J=0,retained_channel_fraction,0.5,2,zero_shot,0.215443469003188,2.88161600181685
6,1,J=0,retained_channel_fraction,0.5,2,pca_readout_recalibrated,0.215443469003188,0.315943975075221
6,1,J=0,retained_channel_fraction,0.5,3,zero_shot,0.215443469003188,2.76198456211839
6,1,J=0,retained_channel_fraction,0.5,3,pca_readout_recalibrated,0.215443469003188,0.314847361725076
6,1,J=0,retained_channel_fraction,0.25,1,zero_shot,0.215443469003188,1.590833282828
6,1,J=0,retained_channel_fraction,0.25,1,pca_readout_recalibrated,0.215443469003188,0.311938099492667
6,1,J=0,retained_channel_fraction,0.25,2,zero_shot,0.215443469003188,1.5828039123733
6,1,J=0,retained_channel_fraction,0.25,2,pca_readout_recalibrated,0.215443469003188,0.317022835438239
6,1,J=0,retained_channel_fraction,0.25,3,zero_shot,0.215443469003188,2.53295586181296
6,1,J=0,retained_channel_fraction,0.25,3,pca_readout_recalibrated,0.215443469003188,0.315075353539574
6,1,J=0,gain_mismatch_sigma,0.01,1,zero_shot,0.215443469003188,0.98431031221979
6,1,J=0,gain_mismatch_sigma,0.01,1,pca_readout_recalibrated,0.215443469003188,0.314893565032715
6,1,J=0,gain_mismatch_sigma,0.01,2,zero_shot,0.215443469003188,2.09136452622982
6,1,J=0,gain_mismatch_sigma,0.01,2,pca_readout_recalibrated,0.215443469003188,0.314893565032723
6,1,J=0,gain_mismatch_sigma,0.01,3,zero_shot,0.215443469003188,1.33936295416927
6,1,J=0,gain_mismatch_sigma,0.01,3,pca_readout_recalibrated,0.215443469003188,0.314893565032693
6,1,J=0,gain_mismatch_sigma,0.05,1,zero_shot,0.215443469003188,17.9789518781055
6,1,J=0,gain_mismatch_sigma,0.05,1,pca_readout_recalibrated,0.215443469003188,0.314893565032683
6,1,J=0,gain_mismatch_sigma,0.05,2,zero_shot,0.215443469003188,9.21768156316374
6,1,J=0,gain_mismatch_sigma,0.05,2,pca_readout_recalibrated,0.215443469003188,0.314893565032707
6,1,J=0,gain_mismatch_sigma,0.05,3,zero_shot,0.215443469003188,12.9286927415164
6,1,J=0,gain_mismatch_sigma,0.05,3,pca_readout_recalibrated,0.215443469003188,0.314893565032693
6,1,J=0,gain_mismatch_sigma,0.1,1,zero_shot,0.215443469003188,25.5357195499081
6,1,J=0,gain_mismatch_sigma,0.1,1,pca_readout_recalibrated,0.215443469003188,0.314893565032747
6,1,J=0,gain_mismatch_sigma,0.1,2,zero_shot,0.215443469003188,12.8741469720571
6,1,J=0,gain_mismatch_sigma,0.1,2,pca_readout_recalibrated,0.215443469003188,0.314893565032628
6,1,J=0,gain_mismatch_sigma,0.1,3,zero_shot,0.215443469003188,10.7182544087141
6,1,J=0,gain_mismatch_sigma,0.1,3,pca_readout_recalibrated,0.215443469003188,0.31489356503265
6,1,J=0,sampling_jitter_fraction,0.01,1,zero_shot,0.215443469003188,0.315073096423077
6,1,J=0,sampling_jitter_fraction,0.01,1,pca_readout_recalibrated,0.215443469003188,0.314925414172258
6,1,J=0,sampling_jitter_fraction,0.01,2,zero_shot,0.215443469003188,0.315073096423077
6,1,J=0,sampling_jitter_fraction,0.01,2,pca_readout_recalibrated,0.215443469003188,0.314925414172258
6,1,J=0,sampling_jitter_fraction,0.01,3,zero_shot,0.215443469003188,0.315073096423077
6,1,J=0,sampling_jitter_fraction,0.01,3,pca_readout_recalibrated,0.215443469003188,0.314925414172258
6,1,J=0,sampling_jitter_fraction,0.05,1,zero_shot,0.215443469003188,0.317792977766682
6,1,J=0,sampling_jitter_fraction,0.05,1,pca_readout_recalibrated,0.215443469003188,0.315056173710592
6,1,J=0,sampling_jitter_fraction,0.05,2,zero_shot,0.215443469003188,0.317792977766682
6,1,J=0,sampling_jitter_fraction,0.05,2,pca_readout_recalibrated,0.215443469003188,0.315056173710592
6,1,J=0,sampling_jitter_fraction,0.05,3,zero_shot,0.215443469003188,0.317792977766682
6,1,J=0,sampling_jitter_fraction,0.05,3,pca_readout_recalibrated,0.215443469003188,0.315056173710592
6,1,J=0,sampling_jitter_fraction,0.1,1,zero_shot,0.215443469003188,0.325575044806634
6,1,J=0,sampling_jitter_fraction,0.1,1,pca_readout_recalibrated,0.215443469003188,0.315231701275722
6,1,J=0,sampling_jitter_fraction,0.1,2,zero_shot,0.215443469003188,0.325575044806634
6,1,J=0,sampling_jitter_fraction,0.1,2,pca_readout_recalibrated,0.215443469003188,0.315231701275722
6,1,J=0,sampling_jitter_fraction,0.1,3,zero_shot,0.215443469003188,0.325575044806634
6,1,J=0,sampling_jitter_fraction,0.1,3,pca_readout_recalibrated,0.215443469003188,0.315231701275722
6,1,J=0,failed_modes,1,1,zero_shot,0.215443469003188,0.817187532567097
6,1,J=0,failed_modes,1,1,pca_readout_recalibrated,0.215443469003188,0.311389772606396
6,1,J=0,failed_modes,1,2,zero_shot,0.215443469003188,1.1076884091593
6,1,J=0,failed_modes,1,2,pca_readout_recalibrated,0.215443469003188,0.31556527686716
6,1,J=0,failed_modes,1,3,zero_shot,0.215443469003188,0.976521961820826
6,1,J=0,failed_modes,1,3,pca_readout_recalibrated,0.215443469003188,0.315084396920443
6,1,J=0,failed_modes,2,1,zero_shot,0.215443469003188,3.63633689005567
6,1,J=0,failed_modes,2,1,pca_readout_recalibrated,0.215443469003188,0.320747546346649
6,1,J=0,failed_modes,2,2,zero_shot,0.215443469003188,1.14917169398333
6,1,J=0,failed_modes,2,2,pca_readout_recalibrated,0.215443469003188,0.315548573889688
6,1,J=0,failed_modes,2,3,zero_shot,0.215443469003188,0.873264151436557
6,1,J=0,failed_modes,2,3,pca_readout_recalibrated,0.215443469003188,0.303041810133284
6,1,J=0,failed_modes,3,1,zero_shot,0.215443469003188,2.46205054148825
6,1,J=0,failed_modes,3,1,pca_readout_recalibrated,0.215443469003188,0.316263447229873
6,1,J=0,failed_modes,3,2,zero_shot,0.215443469003188,0.494030756732791
6,1,J=0,failed_modes,3,2,pca_readout_recalibrated,0.215443469003188,0.30291197622996
6,1,J=0,failed_modes,3,3,zero_shot,0.215443469003188,0.732614653731481
6,1,J=0,failed_modes,3,3,pca_readout_recalibrated,0.215443469003188,0.30218712048928
6,4,J=0.65,clean,0,1,zero_shot,0.001,0.268735271438097
6,4,J=0.65,detector_snr_db,40,1,zero_shot,0.001,2.16164760095838
6,4,J=0.65,detector_snr_db,40,1,pca_readout_recalibrated,0.001,0.346123298743312
6,4,J=0.65,detector_snr_db,40,2,zero_shot,0.001,2.14452397098996
6,4,J=0.65,detector_snr_db,40,2,pca_readout_recalibrated,0.001,0.34193312495902
6,4,J=0.65,detector_snr_db,40,3,zero_shot,0.001,2.13764088500992
6,4,J=0.65,detector_snr_db,40,3,pca_readout_recalibrated,0.001,0.343972434298512
6,4,J=0.65,detector_snr_db,30,1,zero_shot,0.001,6.78807501539998
6,4,J=0.65,detector_snr_db,30,1,pca_readout_recalibrated,0.001,0.363341021858294
6,4,J=0.65,detector_snr_db,30,2,zero_shot,0.001,6.72673387620745
6,4,J=0.65,detector_snr_db,30,2,pca_readout_recalibrated,0.001,0.360446265163176
6,4,J=0.65,detector_snr_db,30,3,zero_shot,0.001,6.79838525406968
6,4,J=0.65,detector_snr_db,30,3,pca_readout_recalibrated,0.001,0.359094541141349
6,4,J=0.65,detector_snr_db,20,1,zero_shot,0.001,21.0298608536522
6,4,J=0.65,detector_snr_db,20,1,pca_readout_recalibrated,0.001,0.385660114429724
6,4,J=0.65,detector_snr_db,20,2,zero_shot,0.001,21.5009945298385
6,4,J=0.65,detector_snr_db,20,2,pca_readout_recalibrated,0.001,0.377728609608509
6,4,J=0.65,detector_snr_db,20,3,zero_shot,0.001,21.7925489300975
6,4,J=0.65,detector_snr_db,20,3,pca_readout_recalibrated,0.001,0.382764872379821
6,4,J=0.65,shot_noise_photons,100000,1,zero_shot,0.001,0.550756920951043
6,4,J=0.65,shot_noise_photons,100000,1,pca_readout_recalibrated,0.001,0.301548023835328
6,4,J=0.65,shot_noise_photons,100000,2,zero_shot,0.001,0.544508643717727
6,4,J=0.65,shot_noise_photons,100000,2,pca_readout_recalibrated,0.001,0.302609585232472
6,4,J=0.65,shot_noise_photons,100000,3,zero_shot,0.001,0.547703856225954
6,4,J=0.65,shot_noise_photons,100000,3,pca_readout_recalibrated,0.001,0.300968808110322
6,4,J=0.65,shot_noise_photons,10000,1,zero_shot,0.001,1.55558641418288
6,4,J=0.65,shot_noise_photons,10000,1,pca_readout_recalibrated,0.001,0.33595035777401
6,4,J=0.65,shot_noise_photons,10000,2,zero_shot,0.001,1.53603954058941
6,4,J=0.65,shot_noise_photons,10000,2,pca_readout_recalibrated,0.001,0.336426374291147
6,4,J=0.65,shot_noise_photons,10000,3,zero_shot,0.001,1.53020195531364
6,4,J=0.65,shot_noise_photons,10000,3,pca_readout_recalibrated,0.001,0.330290074426758
6,4,J=0.65,shot_noise_photons,1000,1,zero_shot,0.001,4.69358137628954
6,4,J=0.65,shot_noise_photons,1000,1,pca_readout_recalibrated,0.001,0.358793602222176
6,4,J=0.65,shot_noise_photons,1000,2,zero_shot,0.001,4.70445669112827
6,4,J=0.65,shot_noise_photons,1000,2,pca_readout_recalibrated,0.001,0.364289694625625
6,4,J=0.65,shot_noise_photons,1000,3,zero_shot,0.001,4.74282741895176
6,4,J=0.65,shot_noise_photons,1000,3,pca_readout_recalibrated,0.001,0.357786097070855
6,4,J=0.65,quantization_bits,12,1,zero_shot,0.001,0.277393003632649
6,4,J=0.65,quantization_bits,12,1,pca_readout_recalibrated,0.001,0.277189357753447
6,4,J=0.65,quantization_bits,12,2,zero_shot,0.001,0.277393003632649
6,4,J=0.65,quantization_bits,12,2,pca_readout_recalibrated,0.001,0.277189357753447
6,4,J=0.65,quantization_bits,12,3,zero_shot,0.001,0.277393003632649
6,4,J=0.65,quantization_bits,12,3,pca_readout_recalibrated,0.001,0.277189357753447
6,4,J=0.65,quantization_bits,8,1,zero_shot,0.001,0.293505566008005
6,4,J=0.65,quantization_bits,8,1,pca_readout_recalibrated,0.001,0.279411313729356
6,4,J=0.65,quantization_bits,8,2,zero_shot,0.001,0.293505566008005
6,4,J=0.65,quantization_bits,8,2,pca_readout_recalibrated,0.001,0.279411313729356
6,4,J=0.65,quantization_bits,8,3,zero_shot,0.001,0.293505566008005
6,4,J=0.65,quantization_bits,8,3,pca_readout_recalibrated,0.001,0.279411313729356
6,4,J=0.65,quantization_bits,6,1,zero_shot,0.001,0.499766965266439
6,4,J=0.65,quantization_bits,6,1,pca_readout_recalibrated,0.001,0.308141359330781
6,4,J=0.65,quantization_bits,6,2,zero_shot,0.001,0.499766965266439
6,4,J=0.65,quantization_bits,6,2,pca_readout_recalibrated,0.001,0.308141359330781
6,4,J=0.65,quantization_bits,6,3,zero_shot,0.001,0.499766965266439
6,4,J=0.65,quantization_bits,6,3,pca_readout_recalibrated,0.001,0.308141359330781
6,4,J=0.65,correlated_noise_fraction,0,1,zero_shot,0.001,6.76913567782892
6,4,J=0.65,correlated_noise_fraction,0,1,pca_readout_recalibrated,0.001,0.364607048667998
6,4,J=0.65,correlated_noise_fraction,0,2,zero_shot,0.001,6.58795175034363
6,4,J=0.65,correlated_noise_fraction,0,2,pca_readout_recalibrated,0.001,0.364317630407478
6,4,J=0.65,correlated_noise_fraction,0,3,zero_shot,0.001,6.66876158157341
6,4,J=0.65,correlated_noise_fraction,0,3,pca_readout_recalibrated,0.001,0.36737152913392
6,4,J=0.65,correlated_noise_fraction,0.5,1,zero_shot,0.001,10.4957303910349
6,4,J=0.65,correlated_noise_fraction,0.5,1,pca_readout_recalibrated,0.001,0.357336138537302
6,4,J=0.65,correlated_noise_fraction,0.5,2,zero_shot,0.001,10.7407071967608
6,4,J=0.65,correlated_noise_fraction,0.5,2,pca_readout_recalibrated,0.001,0.357046431213476
6,4,J=0.65,correlated_noise_fraction,0.5,3,zero_shot,0.001,10.9851694889275
6,4,J=0.65,correlated_noise_fraction,0.5,3,pca_readout_recalibrated,0.001,0.363476795403769
6,4,J=0.65,correlated_noise_fraction,0.9,1,zero_shot,0.001,13.040128191347
6,4,J=0.65,correlated_noise_fraction,0.9,1,pca_readout_recalibrated,0.001,0.343901452137277
6,4,J=0.65,correlated_noise_fraction,0.9,2,zero_shot,0.001,13.0730747683197
6,4,J=0.65,correlated_noise_fraction,0.9,2,pca_readout_recalibrated,0.001,0.334773125728074
6,4,J=0.65,correlated_noise_fraction,0.9,3,zero_shot,0.001,13.2053493225369
6,4,J=0.65,correlated_noise_fraction,0.9,3,pca_readout_recalibrated,0.001,0.341549885987194
6,4,J=0.65,retained_channel_fraction,0.75,1,zero_shot,0.001,4.95660747400525
6,4,J=0.65,retained_channel_fraction,0.75,1,pca_readout_recalibrated,0.001,0.26820064929502
6,4,J=0.65,retained_channel_fraction,0.75,2,zero_shot,0.001,3.53375421849018
6,4,J=0.65,retained_channel_fraction,0.75,2,pca_readout_recalibrated,0.001,0.26945122292258
6,4,J=0.65,retained_channel_fraction,0.75,3,zero_shot,0.001,4.13013476118498
6,4,J=0.65,retained_channel_fraction,0.75,3,pca_readout_recalibrated,0.001,0.268950707144461
6,4,J=0.65,retained_channel_fraction,0.5,1,zero_shot,0.001,6.0757358777932
6,4,J=0.65,retained_channel_fraction,0.5,1,pca_readout_recalibrated,0.001,0.268358314265939
6,4,J=0.65,retained_channel_fraction,0.5,2,zero_shot,0.001,4.43286549007668
6,4,J=0.65,retained_channel_fraction,0.5,2,pca_readout_recalibrated,0.001,0.271550636941033
6,4,J=0.65,retained_channel_fraction,0.5,3,zero_shot,0.001,3.79073223289639
6,4,J=0.65,retained_channel_fraction,0.5,3,pca_readout_recalibrated,0.001,0.276843671750164
6,4,J=0.65,retained_channel_fraction,0.25,1,zero_shot,0.001,5.86467402452469
6,4,J=0.65,retained_channel_fraction,0.25,1,pca_readout_recalibrated,0.001,0.273133606688582
6,4,J=0.65,retained_channel_fraction,0.25,2,zero_shot,0.001,3.75236895269295
6,4,J=0.65,retained_channel_fraction,0.25,2,pca_readout_recalibrated,0.001,0.274605923166325
6,4,J=0.65,retained_channel_fraction,0.25,3,zero_shot,0.001,3.8904648620926
6,4,J=0.65,retained_channel_fraction,0.25,3,pca_readout_recalibrated,0.001,0.26649772280595
6,4,J=0.65,gain_mismatch_sigma,0.01,1,zero_shot,0.001,2.26866924651962
6,4,J=0.65,gain_mismatch_sigma,0.01,1,pca_readout_recalibrated,0.001,0.268735271438854
6,4,J=0.65,gain_mismatch_sigma,0.01,2,zero_shot,0.001,0.76778312787413
6,4,J=0.65,gain_mismatch_sigma,0.01,2,pca_readout_recalibrated,0.001,0.268735271438782
6,4,J=0.65,gain_mismatch_sigma,0.01,3,zero_shot,0.001,0.381805337410206
6,4,J=0.65,gain_mismatch_sigma,0.01,3,pca_readout_recalibrated,0.001,0.268735271437363
6,4,J=0.65,gain_mismatch_sigma,0.05,1,zero_shot,0.001,5.99086128401256
6,4,J=0.65,gain_mismatch_sigma,0.05,1,pca_readout_recalibrated,0.001,0.268735271438069
6,4,J=0.65,gain_mismatch_sigma,0.05,2,zero_shot,0.001,21.0045487155859
6,4,J=0.65,gain_mismatch_sigma,0.05,2,pca_readout_recalibrated,0.001,0.268735271439108
6,4,J=0.65,gain_mismatch_sigma,0.05,3,zero_shot,0.001,13.5709099650459
6,4,J=0.65,gain_mismatch_sigma,0.05,3,pca_readout_recalibrated,0.001,0.268735271438059
6,4,J=0.65,gain_mismatch_sigma,0.1,1,zero_shot,0.001,22.0825460695215
6,4,J=0.65,gain_mismatch_sigma,0.1,1,pca_readout_recalibrated,0.001,0.268735271438338
6,4,J=0.65,gain_mismatch_sigma,0.1,2,zero_shot,0.001,18.3440285230862
6,4,J=0.65,gain_mismatch_sigma,0.1,2,pca_readout_recalibrated,0.001,0.268735271438568
6,4,J=0.65,gain_mismatch_sigma,0.1,3,zero_shot,0.001,15.7625297434334
6,4,J=0.65,gain_mismatch_sigma,0.1,3,pca_readout_recalibrated,0.001,0.268735271438732
6,4,J=0.65,sampling_jitter_fraction,0.01,1,zero_shot,0.001,0.268765359388868
6,4,J=0.65,sampling_jitter_fraction,0.01,1,pca_readout_recalibrated,0.001,0.268665078708124
6,4,J=0.65,sampling_jitter_fraction,0.01,2,zero_shot,0.001,0.268765359388868
6,4,J=0.65,sampling_jitter_fraction,0.01,2,pca_readout_recalibrated,0.001,0.268665078708124
6,4,J=0.65,sampling_jitter_fraction,0.01,3,zero_shot,0.001,0.268765359388868
6,4,J=0.65,sampling_jitter_fraction,0.01,3,pca_readout_recalibrated,0.001,0.268665078708124
6,4,J=0.65,sampling_jitter_fraction,0.05,1,zero_shot,0.001,0.271341859473245
6,4,J=0.65,sampling_jitter_fraction,0.05,1,pca_readout_recalibrated,0.001,0.268281048272718
6,4,J=0.65,sampling_jitter_fraction,0.05,2,zero_shot,0.001,0.271341859473245
6,4,J=0.65,sampling_jitter_fraction,0.05,2,pca_readout_recalibrated,0.001,0.268281048272718
6,4,J=0.65,sampling_jitter_fraction,0.05,3,zero_shot,0.001,0.271341859473245
6,4,J=0.65,sampling_jitter_fraction,0.05,3,pca_readout_recalibrated,0.001,0.268281048272718
6,4,J=0.65,sampling_jitter_fraction,0.1,1,zero_shot,0.001,0.279913211731989
6,4,J=0.65,sampling_jitter_fraction,0.1,1,pca_readout_recalibrated,0.001,0.267580841349346
6,4,J=0.65,sampling_jitter_fraction,0.1,2,zero_shot,0.001,0.279913211731989
6,4,J=0.65,sampling_jitter_fraction,0.1,2,pca_readout_recalibrated,0.001,0.267580841349346
6,4,J=0.65,sampling_jitter_fraction,0.1,3,zero_shot,0.001,0.279913211731989
6,4,J=0.65,sampling_jitter_fraction,0.1,3,pca_readout_recalibrated,0.001,0.267580841349346
6,4,J=0.65,failed_modes,1,1,zero_shot,0.001,5.2120965947006
6,4,J=0.65,failed_modes,1,1,pca_readout_recalibrated,0.001,0.2682512918615
6,4,J=0.65,failed_modes,1,2,zero_shot,0.001,5.56953531547161
6,4,J=0.65,failed_modes,1,2,pca_readout_recalibrated,0.001,0.268035037288215
6,4,J=0.65,failed_modes,1,3,zero_shot,0.001,5.99408992974457
6,4,J=0.65,failed_modes,1,3,pca_readout_recalibrated,0.001,0.268080755864276
6,4,J=0.65,failed_modes,2,1,zero_shot,0.001,7.25092338165211
6,4,J=0.65,failed_modes,2,1,pca_readout_recalibrated,0.001,0.268854536001979
6,4,J=0.65,failed_modes,2,2,zero_shot,0.001,7.23455860715181
6,4,J=0.65,failed_modes,2,2,pca_readout_recalibrated,0.001,0.271998110621015
6,4,J=0.65,failed_modes,2,3,zero_shot,0.001,8.71999482027804
6,4,J=0.65,failed_modes,2,3,pca_readout_recalibrated,0.001,0.269261643143379
6,4,J=0.65,failed_modes,3,1,zero_shot,0.001,7.59156261736062
6,4,J=0.65,failed_modes,3,1,pca_readout_recalibrated,0.001,0.264521684172089
6,4,J=0.65,failed_modes,3,2,zero_shot,0.001,10.3366886595169
6,4,J=0.65,failed_modes,3,2,pca_readout_recalibrated,0.001,0.267735954990764
6,4,J=0.65,failed_modes,3,3,zero_shot,0.001,12.2697586967263
6,4,J=0.65,failed_modes,3,3,pca_readout_recalibrated,0.001,0.26839015993725
7,1,J=0,clean,0,1,zero_shot,4.64158883361278e-05,0.308812745008283
7,1,J=0,detector_snr_db,40,1,zero_shot,4.64158883361278e-05,1.62302115618422
7,1,J=0,detector_snr_db,40,1,pca_readout_recalibrated,4.64158883361278e-05,0.32649670936919
7,1,J=0,detector_snr_db,40,2,zero_shot,4.64158883361278e-05,1.59852106756654
7,1,J=0,detector_snr_db,40,2,pca_readout_recalibrated,4.64158883361278e-05,0.327463836184067
7,1,J=0,detector_snr_db,40,3,zero_shot,4.64158883361278e-05,1.60947723274565
7,1,J=0,detector_snr_db,40,3,pca_readout_recalibrated,4.64158883361278e-05,0.327348802132721
7,1,J=0,detector_snr_db,30,1,zero_shot,4.64158883361278e-05,4.96398402036004
7,1,J=0,detector_snr_db,30,1,pca_readout_recalibrated,4.64158883361278e-05,0.36301605942218
7,1,J=0,detector_snr_db,30,2,zero_shot,4.64158883361278e-05,4.91236980252083
7,1,J=0,detector_snr_db,30,2,pca_readout_recalibrated,4.64158883361278e-05,0.361816312301871
7,1,J=0,detector_snr_db,30,3,zero_shot,4.64158883361278e-05,4.94963239702062
7,1,J=0,detector_snr_db,30,3,pca_readout_recalibrated,4.64158883361278e-05,0.366303621442935
7,1,J=0,detector_snr_db,20,1,zero_shot,4.64158883361278e-05,15.6538123154621
7,1,J=0,detector_snr_db,20,1,pca_readout_recalibrated,4.64158883361278e-05,0.379123566917462
7,1,J=0,detector_snr_db,20,2,zero_shot,4.64158883361278e-05,15.6237168243573
7,1,J=0,detector_snr_db,20,2,pca_readout_recalibrated,4.64158883361278e-05,0.377158034330012
7,1,J=0,detector_snr_db,20,3,zero_shot,4.64158883361278e-05,15.9624899155686
7,1,J=0,detector_snr_db,20,3,pca_readout_recalibrated,4.64158883361278e-05,0.378852609625257
7,1,J=0,shot_noise_photons,100000,1,zero_shot,4.64158883361278e-05,0.47099236504006
7,1,J=0,shot_noise_photons,100000,1,pca_readout_recalibrated,4.64158883361278e-05,0.313397432355309
7,1,J=0,shot_noise_photons,100000,2,zero_shot,4.64158883361278e-05,0.478373863665326
7,1,J=0,shot_noise_photons,100000,2,pca_readout_recalibrated,4.64158883361278e-05,0.316173950986026
7,1,J=0,shot_noise_photons,100000,3,zero_shot,4.64158883361278e-05,0.463701633435128
7,1,J=0,shot_noise_photons,100000,3,pca_readout_recalibrated,4.64158883361278e-05,0.312996972370506
7,1,J=0,shot_noise_photons,10000,1,zero_shot,4.64158883361278e-05,1.1468736963995
7,1,J=0,shot_noise_photons,10000,1,pca_readout_recalibrated,4.64158883361278e-05,0.320371082830015
7,1,J=0,shot_noise_photons,10000,2,zero_shot,4.64158883361278e-05,1.16502524010153
7,1,J=0,shot_noise_photons,10000,2,pca_readout_recalibrated,4.64158883361278e-05,0.321212142405254
7,1,J=0,shot_noise_photons,10000,3,zero_shot,4.64158883361278e-05,1.13580383680462
7,1,J=0,shot_noise_photons,10000,3,pca_readout_recalibrated,4.64158883361278e-05,0.324163591624469
7,1,J=0,shot_noise_photons,1000,1,zero_shot,4.64158883361278e-05,3.58760954547786
7,1,J=0,shot_noise_photons,1000,1,pca_readout_recalibrated,4.64158883361278e-05,0.351122109323199
7,1,J=0,shot_noise_photons,1000,2,zero_shot,4.64158883361278e-05,3.57143648035349
7,1,J=0,shot_noise_photons,1000,2,pca_readout_recalibrated,4.64158883361278e-05,0.346279582994221
7,1,J=0,shot_noise_photons,1000,3,zero_shot,4.64158883361278e-05,3.526567608613
7,1,J=0,shot_noise_photons,1000,3,pca_readout_recalibrated,4.64158883361278e-05,0.347461741175704
7,1,J=0,quantization_bits,12,1,zero_shot,4.64158883361278e-05,0.324918188347542
7,1,J=0,quantization_bits,12,1,pca_readout_recalibrated,4.64158883361278e-05,0.319984534385819
7,1,J=0,quantization_bits,12,2,zero_shot,4.64158883361278e-05,0.324918188347542
7,1,J=0,quantization_bits,12,2,pca_readout_recalibrated,4.64158883361278e-05,0.319984534385819
7,1,J=0,quantization_bits,12,3,zero_shot,4.64158883361278e-05,0.324918188347542
7,1,J=0,quantization_bits,12,3,pca_readout_recalibrated,4.64158883361278e-05,0.319984534385819
7,1,J=0,quantization_bits,8,1,zero_shot,4.64158883361278e-05,0.358351335749531
7,1,J=0,quantization_bits,8,1,pca_readout_recalibrated,4.64158883361278e-05,0.312501132331719
7,1,J=0,quantization_bits,8,2,zero_shot,4.64158883361278e-05,0.358351335749531
7,1,J=0,quantization_bits,8,2,pca_readout_recalibrated,4.64158883361278e-05,0.312501132331719
7,1,J=0,quantization_bits,8,3,zero_shot,4.64158883361278e-05,0.358351335749531
7,1,J=0,quantization_bits,8,3,pca_readout_recalibrated,4.64158883361278e-05,0.312501132331719
7,1,J=0,quantization_bits,6,1,zero_shot,4.64158883361278e-05,0.676724125083796
7,1,J=0,quantization_bits,6,1,pca_readout_recalibrated,4.64158883361278e-05,0.314717734595647
7,1,J=0,quantization_bits,6,2,zero_shot,4.64158883361278e-05,0.676724125083796
7,1,J=0,quantization_bits,6,2,pca_readout_recalibrated,4.64158883361278e-05,0.314717734595647
7,1,J=0,quantization_bits,6,3,zero_shot,4.64158883361278e-05,0.676724125083796
7,1,J=0,quantization_bits,6,3,pca_readout_recalibrated,4.64158883361278e-05,0.314717734595647
7,1,J=0,correlated_noise_fraction,0,1,zero_shot,4.64158883361278e-05,4.95422240955654
7,1,J=0,correlated_noise_fraction,0,1,pca_readout_recalibrated,4.64158883361278e-05,0.362440817130931
7,1,J=0,correlated_noise_fraction,0,2,zero_shot,4.64158883361278e-05,5.12391287918445
7,1,J=0,correlated_noise_fraction,0,2,pca_readout_recalibrated,4.64158883361278e-05,0.365550085730164
7,1,J=0,correlated_noise_fraction,0,3,zero_shot,4.64158883361278e-05,4.95416653356016
7,1,J=0,correlated_noise_fraction,0,3,pca_readout_recalibrated,4.64158883361278e-05,0.362837103621459
7,1,J=0,correlated_noise_fraction,0.5,1,zero_shot,4.64158883361278e-05,8.99508637803384
7,1,J=0,correlated_noise_fraction,0.5,1,pca_readout_recalibrated,4.64158883361278e-05,0.343055645483529
7,1,J=0,correlated_noise_fraction,0.5,2,zero_shot,4.64158883361278e-05,8.99802785634118
7,1,J=0,correlated_noise_fraction,0.5,2,pca_readout_recalibrated,4.64158883361278e-05,0.344275790158224
7,1,J=0,correlated_noise_fraction,0.5,3,zero_shot,4.64158883361278e-05,8.63819946990613
7,1,J=0,correlated_noise_fraction,0.5,3,pca_readout_recalibrated,4.64158883361278e-05,0.344339681012687
7,1,J=0,correlated_noise_fraction,0.9,1,zero_shot,4.64158883361278e-05,11.1489346610999
7,1,J=0,correlated_noise_fraction,0.9,1,pca_readout_recalibrated,4.64158883361278e-05,0.327513687878276
7,1,J=0,correlated_noise_fraction,0.9,2,zero_shot,4.64158883361278e-05,10.9194010395848
7,1,J=0,correlated_noise_fraction,0.9,2,pca_readout_recalibrated,4.64158883361278e-05,0.326556680485336
7,1,J=0,correlated_noise_fraction,0.9,3,zero_shot,4.64158883361278e-05,11.2956468411975
7,1,J=0,correlated_noise_fraction,0.9,3,pca_readout_recalibrated,4.64158883361278e-05,0.323458640790845
7,1,J=0,retained_channel_fraction,0.75,1,zero_shot,4.64158883361278e-05,5.78888697737878
7,1,J=0,retained_channel_fraction,0.75,1,pca_readout_recalibrated,4.64158883361278e-05,0.308162007682024
7,1,J=0,retained_channel_fraction,0.75,2,zero_shot,4.64158883361278e-05,3.66802283439258
7,1,J=0,retained_channel_fraction,0.75,2,pca_readout_recalibrated,4.64158883361278e-05,0.308543024933431
7,1,J=0,retained_channel_fraction,0.75,3,zero_shot,4.64158883361278e-05,7.37725149709784
7,1,J=0,retained_channel_fraction,0.75,3,pca_readout_recalibrated,4.64158883361278e-05,0.30821091920659
7,1,J=0,retained_channel_fraction,0.5,1,zero_shot,4.64158883361278e-05,5.72353926590469
7,1,J=0,retained_channel_fraction,0.5,1,pca_readout_recalibrated,4.64158883361278e-05,0.308370739415244
7,1,J=0,retained_channel_fraction,0.5,2,zero_shot,4.64158883361278e-05,5.81517024146668
7,1,J=0,retained_channel_fraction,0.5,2,pca_readout_recalibrated,4.64158883361278e-05,0.308544289307142
7,1,J=0,retained_channel_fraction,0.5,3,zero_shot,4.64158883361278e-05,7.21806898517348
7,1,J=0,retained_channel_fraction,0.5,3,pca_readout_recalibrated,4.64158883361278e-05,0.307253953042601
7,1,J=0,retained_channel_fraction,0.25,1,zero_shot,4.64158883361278e-05,5.72994057103034
7,1,J=0,retained_channel_fraction,0.25,1,pca_readout_recalibrated,4.64158883361278e-05,0.309515837668636
7,1,J=0,retained_channel_fraction,0.25,2,zero_shot,4.64158883361278e-05,8.60182672579067
7,1,J=0,retained_channel_fraction,0.25,2,pca_readout_recalibrated,4.64158883361278e-05,0.308875661563052
7,1,J=0,retained_channel_fraction,0.25,3,zero_shot,4.64158883361278e-05,5.15368839948314
7,1,J=0,retained_channel_fraction,0.25,3,pca_readout_recalibrated,4.64158883361278e-05,0.310206457723802
7,1,J=0,gain_mismatch_sigma,0.01,1,zero_shot,4.64158883361278e-05,0.501714432256435
7,1,J=0,gain_mismatch_sigma,0.01,1,pca_readout_recalibrated,4.64158883361278e-05,0.308812745006991
7,1,J=0,gain_mismatch_sigma,0.01,2,zero_shot,4.64158883361278e-05,0.410315868722641
7,1,J=0,gain_mismatch_sigma,0.01,2,pca_readout_recalibrated,4.64158883361278e-05,0.308812745009349
7,1,J=0,gain_mismatch_sigma,0.01,3,zero_shot,4.64158883361278e-05,0.322893078995557
7,1,J=0,gain_mismatch_sigma,0.01,3,pca_readout_recalibrated,4.64158883361278e-05,0.308812745013418
7,1,J=0,gain_mismatch_sigma,0.05,1,zero_shot,4.64158883361278e-05,7.16657267611116
7,1,J=0,gain_mismatch_sigma,0.05,1,pca_readout_recalibrated,4.64158883361278e-05,0.308812745010723
7,1,J=0,gain_mismatch_sigma,0.05,2,zero_shot,4.64158883361278e-05,3.46214955229766
7,1,J=0,gain_mismatch_sigma,0.05,2,pca_readout_recalibrated,4.64158883361278e-05,0.30881274501139
7,1,J=0,gain_mismatch_sigma,0.05,3,zero_shot,4.64158883361278e-05,2.05937962259443
7,1,J=0,gain_mismatch_sigma,0.05,3,pca_readout_recalibrated,4.64158883361278e-05,0.308812745011285
7,1,J=0,gain_mismatch_sigma,0.1,1,zero_shot,4.64158883361278e-05,15.7789558550231
7,1,J=0,gain_mismatch_sigma,0.1,1,pca_readout_recalibrated,4.64158883361278e-05,0.30881274502629
7,1,J=0,gain_mismatch_sigma,0.1,2,zero_shot,4.64158883361278e-05,14.6409589666119
7,1,J=0,gain_mismatch_sigma,0.1,2,pca_readout_recalibrated,4.64158883361278e-05,0.308812745013264
7,1,J=0,gain_mismatch_sigma,0.1,3,zero_shot,4.64158883361278e-05,2.39523381474716
7,1,J=0,gain_mismatch_sigma,0.1,3,pca_readout_recalibrated,4.64158883361278e-05,0.3088127450047
7,1,J=0,sampling_jitter_fraction,0.01,1,zero_shot,4.64158883361278e-05,0.309028145097238
7,1,J=0,sampling_jitter_fraction,0.01,1,pca_readout_recalibrated,4.64158883361278e-05,0.308815480228533
7,1,J=0,sampling_jitter_fraction,0.01,2,zero_shot,4.64158883361278e-05,0.309028145097238
7,1,J=0,sampling_jitter_fraction,0.01,2,pca_readout_recalibrated,4.64158883361278e-05,0.308815480228533
7,1,J=0,sampling_jitter_fraction,0.01,3,zero_shot,4.64158883361278e-05,0.309028145097238
7,1,J=0,sampling_jitter_fraction,0.01,3,pca_readout_recalibrated,4.64158883361278e-05,0.308815480228533
7,1,J=0,sampling_jitter_fraction,0.05,1,zero_shot,4.64158883361278e-05,0.311960172050362
7,1,J=0,sampling_jitter_fraction,0.05,1,pca_readout_recalibrated,4.64158883361278e-05,0.308830667387982
7,1,J=0,sampling_jitter_fraction,0.05,2,zero_shot,4.64158883361278e-05,0.311960172050362
7,1,J=0,sampling_jitter_fraction,0.05,2,pca_readout_recalibrated,4.64158883361278e-05,0.308830667387982
7,1,J=0,sampling_jitter_fraction,0.05,3,zero_shot,4.64158883361278e-05,0.311960172050362
7,1,J=0,sampling_jitter_fraction,0.05,3,pca_readout_recalibrated,4.64158883361278e-05,0.308830667387982
7,1,J=0,sampling_jitter_fraction,0.1,1,zero_shot,4.64158883361278e-05,0.320146908143073
7,1,J=0,sampling_jitter_fraction,0.1,1,pca_readout_recalibrated,4.64158883361278e-05,0.308859383932244
7,1,J=0,sampling_jitter_fraction,0.1,2,zero_shot,4.64158883361278e-05,0.320146908143073
7,1,J=0,sampling_jitter_fraction,0.1,2,pca_readout_recalibrated,4.64158883361278e-05,0.308859383932244
7,1,J=0,sampling_jitter_fraction,0.1,3,zero_shot,4.64158883361278e-05,0.320146908143073
7,1,J=0,sampling_jitter_fraction,0.1,3,pca_readout_recalibrated,4.64158883361278e-05,0.308859383932244
7,1,J=0,failed_modes,1,1,zero_shot,4.64158883361278e-05,0.867194273900019
7,1,J=0,failed_modes,1,1,pca_readout_recalibrated,4.64158883361278e-05,0.307822158018571
7,1,J=0,failed_modes,1,2,zero_shot,4.64158883361278e-05,0.72138109080634
7,1,J=0,failed_modes,1,2,pca_readout_recalibrated,4.64158883361278e-05,0.308493607206731
7,1,J=0,failed_modes,1,3,zero_shot,4.64158883361278e-05,2.84172768803244
7,1,J=0,failed_modes,1,3,pca_readout_recalibrated,4.64158883361278e-05,0.309465955776709
7,1,J=0,failed_modes,2,1,zero_shot,4.64158883361278e-05,0.99604745918616
7,1,J=0,failed_modes,2,1,pca_readout_recalibrated,4.64158883361278e-05,0.308983139046226
7,1,J=0,failed_modes,2,2,zero_shot,4.64158883361278e-05,0.99109350352792
7,1,J=0,failed_modes,2,2,pca_readout_recalibrated,4.64158883361278e-05,0.306502836265909
7,1,J=0,failed_modes,2,3,zero_shot,4.64158883361278e-05,2.48775670332214
7,1,J=0,failed_modes,2,3,pca_readout_recalibrated,4.64158883361278e-05,0.310283191513182
7,1,J=0,failed_modes,3,1,zero_shot,4.64158883361278e-05,2.69302748614966
7,1,J=0,failed_modes,3,1,pca_readout_recalibrated,4.64158883361278e-05,0.310121376240317
7,1,J=0,failed_modes,3,2,zero_shot,4.64158883361278e-05,3.62520717787784
7,1,J=0,failed_modes,3,2,pca_readout_recalibrated,4.64158883361278e-05,0.312819940230413
7,1,J=0,failed_modes,3,3,zero_shot,4.64158883361278e-05,2.1803635383221
7,1,J=0,failed_modes,3,3,pca_readout_recalibrated,4.64158883361278e-05,0.308086792382844
7,4,J=0.65,clean,0,1,zero_shot,0.001,0.280888142686089
7,4,J=0.65,detector_snr_db,40,1,zero_shot,0.001,1.65710406522896
7,4,J=0.65,detector_snr_db,40,1,pca_readout_recalibrated,0.001,0.333503161309341
7,4,J=0.65,detector_snr_db,40,2,zero_shot,0.001,1.63244478866964
7,4,J=0.65,detector_snr_db,40,2,pca_readout_recalibrated,0.001,0.33066890936439
7,4,J=0.65,detector_snr_db,40,3,zero_shot,0.001,1.66790554298245
7,4,J=0.65,detector_snr_db,40,3,pca_readout_recalibrated,0.001,0.331548556068639
7,4,J=0.65,detector_snr_db,30,1,zero_shot,0.001,5.07726295280575
7,4,J=0.65,detector_snr_db,30,1,pca_readout_recalibrated,0.001,0.359465595879068
7,4,J=0.65,detector_snr_db,30,2,zero_shot,0.001,5.14670477683087
7,4,J=0.65,detector_snr_db,30,2,pca_readout_recalibrated,0.001,0.360239972856208
7,4,J=0.65,detector_snr_db,30,3,zero_shot,0.001,5.05847592043139
7,4,J=0.65,detector_snr_db,30,3,pca_readout_recalibrated,0.001,0.367461917407562
7,4,J=0.65,detector_snr_db,20,1,zero_shot,0.001,16.2621527907431
7,4,J=0.65,detector_snr_db,20,1,pca_readout_recalibrated,0.001,0.387113154814781
7,4,J=0.65,detector_snr_db,20,2,zero_shot,0.001,16.770373753859
7,4,J=0.65,detector_snr_db,20,2,pca_readout_recalibrated,0.001,0.385535790523278
7,4,J=0.65,detector_snr_db,20,3,zero_shot,0.001,16.5431482929017
7,4,J=0.65,detector_snr_db,20,3,pca_readout_recalibrated,0.001,0.387936091724794
7,4,J=0.65,shot_noise_photons,100000,1,zero_shot,0.001,0.464054292919573
7,4,J=0.65,shot_noise_photons,100000,1,pca_readout_recalibrated,0.001,0.296334424474115
7,4,J=0.65,shot_noise_photons,100000,2,zero_shot,0.001,0.450440227037513
7,4,J=0.65,shot_noise_photons,100000,2,pca_readout_recalibrated,0.001,0.293793187370493
7,4,J=0.65,shot_noise_photons,100000,3,zero_shot,0.001,0.463343365630897
7,4,J=0.65,shot_noise_photons,100000,3,pca_readout_recalibrated,0.001,0.296449776876022
7,4,J=0.65,shot_noise_photons,10000,1,zero_shot,0.001,1.20459565547371
7,4,J=0.65,shot_noise_photons,10000,1,pca_readout_recalibrated,0.001,0.318854137038262
7,4,J=0.65,shot_noise_photons,10000,2,zero_shot,0.001,1.18219756205316
7,4,J=0.65,shot_noise_photons,10000,2,pca_readout_recalibrated,0.001,0.319178621903217
7,4,J=0.65,shot_noise_photons,10000,3,zero_shot,0.001,1.20949076453592
7,4,J=0.65,shot_noise_photons,10000,3,pca_readout_recalibrated,0.001,0.319123735670148
7,4,J=0.65,shot_noise_photons,1000,1,zero_shot,0.001,3.65130159251341
7,4,J=0.65,shot_noise_photons,1000,1,pca_readout_recalibrated,0.001,0.349369078717117
7,4,J=0.65,shot_noise_photons,1000,2,zero_shot,0.001,3.67493045184259
7,4,J=0.65,shot_noise_photons,1000,2,pca_readout_recalibrated,0.001,0.35570134082389
7,4,J=0.65,shot_noise_photons,1000,3,zero_shot,0.001,3.75889220573139
7,4,J=0.65,shot_noise_photons,1000,3,pca_readout_recalibrated,0.001,0.351278635259775
7,4,J=0.65,quantization_bits,12,1,zero_shot,0.001,0.289838788805681
7,4,J=0.65,quantization_bits,12,1,pca_readout_recalibrated,0.001,0.289191890588161
7,4,J=0.65,quantization_bits,12,2,zero_shot,0.001,0.289838788805681
7,4,J=0.65,quantization_bits,12,2,pca_readout_recalibrated,0.001,0.289191890588161
7,4,J=0.65,quantization_bits,12,3,zero_shot,0.001,0.289838788805681
7,4,J=0.65,quantization_bits,12,3,pca_readout_recalibrated,0.001,0.289191890588161
7,4,J=0.65,quantization_bits,8,1,zero_shot,0.001,0.318635540612921
7,4,J=0.65,quantization_bits,8,1,pca_readout_recalibrated,0.001,0.289752672794763
7,4,J=0.65,quantization_bits,8,2,zero_shot,0.001,0.318635540612921
7,4,J=0.65,quantization_bits,8,2,pca_readout_recalibrated,0.001,0.289752672794763
7,4,J=0.65,quantization_bits,8,3,zero_shot,0.001,0.318635540612921
7,4,J=0.65,quantization_bits,8,3,pca_readout_recalibrated,0.001,0.289752672794763
7,4,J=0.65,quantization_bits,6,1,zero_shot,0.001,0.568791202308038
7,4,J=0.65,quantization_bits,6,1,pca_readout_recalibrated,0.001,0.300400154664518
7,4,J=0.65,quantization_bits,6,2,zero_shot,0.001,0.568791202308038
7,4,J=0.65,quantization_bits,6,2,pca_readout_recalibrated,0.001,0.300400154664518
7,4,J=0.65,quantization_bits,6,3,zero_shot,0.001,0.568791202308038
7,4,J=0.65,quantization_bits,6,3,pca_readout_recalibrated,0.001,0.300400154664518
7,4,J=0.65,correlated_noise_fraction,0,1,zero_shot,0.001,5.25755229246919
7,4,J=0.65,correlated_noise_fraction,0,1,pca_readout_recalibrated,0.001,0.361019917283645
7,4,J=0.65,correlated_noise_fraction,0,2,zero_shot,0.001,5.30583242833788
7,4,J=0.65,correlated_noise_fraction,0,2,pca_readout_recalibrated,0.001,0.364577275609848
7,4,J=0.65,correlated_noise_fraction,0,3,zero_shot,0.001,5.10367882735408
7,4,J=0.65,correlated_noise_fraction,0,3,pca_readout_recalibrated,0.001,0.366994143474733
7,4,J=0.65,correlated_noise_fraction,0.5,1,zero_shot,0.001,11.7877003080499
7,4,J=0.65,correlated_noise_fraction,0.5,1,pca_readout_recalibrated,0.001,0.353893588198231
7,4,J=0.65,correlated_noise_fraction,0.5,2,zero_shot,0.001,11.7682966393454
7,4,J=0.65,correlated_noise_fraction,0.5,2,pca_readout_recalibrated,0.001,0.349845298856438
7,4,J=0.65,correlated_noise_fraction,0.5,3,zero_shot,0.001,11.310391928138
7,4,J=0.65,correlated_noise_fraction,0.5,3,pca_readout_recalibrated,0.001,0.354871418218864
7,4,J=0.65,correlated_noise_fraction,0.9,1,zero_shot,0.001,14.810356898072
7,4,J=0.65,correlated_noise_fraction,0.9,1,pca_readout_recalibrated,0.001,0.32766932284351
7,4,J=0.65,correlated_noise_fraction,0.9,2,zero_shot,0.001,14.6239150109104
7,4,J=0.65,correlated_noise_fraction,0.9,2,pca_readout_recalibrated,0.001,0.331485518739103
7,4,J=0.65,correlated_noise_fraction,0.9,3,zero_shot,0.001,15.4318640944671
7,4,J=0.65,correlated_noise_fraction,0.9,3,pca_readout_recalibrated,0.001,0.329118912125489
7,4,J=0.65,retained_channel_fraction,0.75,1,zero_shot,0.001,3.31656252526172
7,4,J=0.65,retained_channel_fraction,0.75,1,pca_readout_recalibrated,0.001,0.286873441095509
7,4,J=0.65,retained_channel_fraction,0.75,2,zero_shot,0.001,7.38419369842466
7,4,J=0.65,retained_channel_fraction,0.75,2,pca_readout_recalibrated,0.001,0.278162291213373
7,4,J=0.65,retained_channel_fraction,0.75,3,zero_shot,0.001,6.32379137390378
7,4,J=0.65,retained_channel_fraction,0.75,3,pca_readout_recalibrated,0.001,0.28174402561104
7,4,J=0.65,retained_channel_fraction,0.5,1,zero_shot,0.001,4.67312938990905
7,4,J=0.65,retained_channel_fraction,0.5,1,pca_readout_recalibrated,0.001,0.282276009039567
7,4,J=0.65,retained_channel_fraction,0.5,2,zero_shot,0.001,4.94745789990839
7,4,J=0.65,retained_channel_fraction,0.5,2,pca_readout_recalibrated,0.001,0.276294394022212
7,4,J=0.65,retained_channel_fraction,0.5,3,zero_shot,0.001,4.04380038555898
7,4,J=0.65,retained_channel_fraction,0.5,3,pca_readout_recalibrated,0.001,0.281569671304488
7,4,J=0.65,retained_channel_fraction,0.25,1,zero_shot,0.001,2.90713864056099
7,4,J=0.65,retained_channel_fraction,0.25,1,pca_readout_recalibrated,0.001,0.281160426888482
7,4,J=0.65,retained_channel_fraction,0.25,2,zero_shot,0.001,4.79439942490208
7,4,J=0.65,retained_channel_fraction,0.25,2,pca_readout_recalibrated,0.001,0.277489389667192
7,4,J=0.65,retained_channel_fraction,0.25,3,zero_shot,0.001,7.60464844530585
7,4,J=0.65,retained_channel_fraction,0.25,3,pca_readout_recalibrated,0.001,0.282294344024579
7,4,J=0.65,gain_mismatch_sigma,0.01,1,zero_shot,0.001,3.33568025706746
7,4,J=0.65,gain_mismatch_sigma,0.01,1,pca_readout_recalibrated,0.001,0.280888142690001
7,4,J=0.65,gain_mismatch_sigma,0.01,2,zero_shot,0.001,2.86365488969124
7,4,J=0.65,gain_mismatch_sigma,0.01,2,pca_readout_recalibrated,0.001,0.280888142689628
7,4,J=0.65,gain_mismatch_sigma,0.01,3,zero_shot,0.001,0.666339273067633
7,4,J=0.65,gain_mismatch_sigma,0.01,3,pca_readout_recalibrated,0.001,0.280888142690372
7,4,J=0.65,gain_mismatch_sigma,0.05,1,zero_shot,0.001,1.44888128317746
7,4,J=0.65,gain_mismatch_sigma,0.05,1,pca_readout_recalibrated,0.001,0.280888142691614
7,4,J=0.65,gain_mismatch_sigma,0.05,2,zero_shot,0.001,5.63386388568936
7,4,J=0.65,gain_mismatch_sigma,0.05,2,pca_readout_recalibrated,0.001,0.280888142685634
7,4,J=0.65,gain_mismatch_sigma,0.05,3,zero_shot,0.001,10.0979300847026
7,4,J=0.65,gain_mismatch_sigma,0.05,3,pca_readout_recalibrated,0.001,0.280888142689311
7,4,J=0.65,gain_mismatch_sigma,0.1,1,zero_shot,0.001,21.8486387217945
7,4,J=0.65,gain_mismatch_sigma,0.1,1,pca_readout_recalibrated,0.001,0.280888142688548
7,4,J=0.65,gain_mismatch_sigma,0.1,2,zero_shot,0.001,13.3012077986728
7,4,J=0.65,gain_mismatch_sigma,0.1,2,pca_readout_recalibrated,0.001,0.280888142688344
7,4,J=0.65,gain_mismatch_sigma,0.1,3,zero_shot,0.001,14.0057261109844
7,4,J=0.65,gain_mismatch_sigma,0.1,3,pca_readout_recalibrated,0.001,0.280888142687474
7,4,J=0.65,sampling_jitter_fraction,0.01,1,zero_shot,0.001,0.281085385146867
7,4,J=0.65,sampling_jitter_fraction,0.01,1,pca_readout_recalibrated,0.001,0.28078489078222
7,4,J=0.65,sampling_jitter_fraction,0.01,2,zero_shot,0.001,0.281085385146867
7,4,J=0.65,sampling_jitter_fraction,0.01,2,pca_readout_recalibrated,0.001,0.28078489078222
7,4,J=0.65,sampling_jitter_fraction,0.01,3,zero_shot,0.001,0.281085385146867
7,4,J=0.65,sampling_jitter_fraction,0.01,3,pca_readout_recalibrated,0.001,0.28078489078222
7,4,J=0.65,sampling_jitter_fraction,0.05,1,zero_shot,0.001,0.284244152265796
7,4,J=0.65,sampling_jitter_fraction,0.05,1,pca_readout_recalibrated,0.001,0.280350009142131
7,4,J=0.65,sampling_jitter_fraction,0.05,2,zero_shot,0.001,0.284244152265796
7,4,J=0.65,sampling_jitter_fraction,0.05,2,pca_readout_recalibrated,0.001,0.280350009142131
7,4,J=0.65,sampling_jitter_fraction,0.05,3,zero_shot,0.001,0.284244152265796
7,4,J=0.65,sampling_jitter_fraction,0.05,3,pca_readout_recalibrated,0.001,0.280350009142131
7,4,J=0.65,sampling_jitter_fraction,0.1,1,zero_shot,0.001,0.293338094974193
7,4,J=0.65,sampling_jitter_fraction,0.1,1,pca_readout_recalibrated,0.001,0.279758611630085
7,4,J=0.65,sampling_jitter_fraction,0.1,2,zero_shot,0.001,0.293338094974193
7,4,J=0.65,sampling_jitter_fraction,0.1,2,pca_readout_recalibrated,0.001,0.279758611630085
7,4,J=0.65,sampling_jitter_fraction,0.1,3,zero_shot,0.001,0.293338094974193
7,4,J=0.65,sampling_jitter_fraction,0.1,3,pca_readout_recalibrated,0.001,0.279758611630085
7,4,J=0.65,failed_modes,1,1,zero_shot,0.001,3.74085780051844
7,4,J=0.65,failed_modes,1,1,pca_readout_recalibrated,0.001,0.276762895311256
7,4,J=0.65,failed_modes,1,2,zero_shot,0.001,7.65949264949412
7,4,J=0.65,failed_modes,1,2,pca_readout_recalibrated,0.001,0.279552136884544
7,4,J=0.65,failed_modes,1,3,zero_shot,0.001,3.74085780051844
7,4,J=0.65,failed_modes,1,3,pca_readout_recalibrated,0.001,0.276762895311256
7,4,J=0.65,failed_modes,2,1,zero_shot,0.001,13.5422059316527
7,4,J=0.65,failed_modes,2,1,pca_readout_recalibrated,0.001,0.280629179838117
7,4,J=0.65,failed_modes,2,2,zero_shot,0.001,6.31504177375978
7,4,J=0.65,failed_modes,2,2,pca_readout_recalibrated,0.001,0.28154465356386
7,4,J=0.65,failed_modes,2,3,zero_shot,0.001,7.49385055066107
7,4,J=0.65,failed_modes,2,3,pca_readout_recalibrated,0.001,0.274506391199565
7,4,J=0.65,failed_modes,3,1,zero_shot,0.001,11.9113430286423
7,4,J=0.65,failed_modes,3,1,pca_readout_recalibrated,0.001,0.285054481590858
7,4,J=0.65,failed_modes,3,2,zero_shot,0.001,15.8373610477713
7,4,J=0.65,failed_modes,3,2,pca_readout_recalibrated,0.001,0.281749722905927
7,4,J=0.65,failed_modes,3,3,zero_shot,0.001,9.3054279130615
7,4,J=0.65,failed_modes,3,3,pca_readout_recalibrated,0.001,0.275958818430411
8,1,J=0,clean,0,1,zero_shot,0.0215443469003188,0.2941305169624
8,1,J=0,detector_snr_db,40,1,zero_shot,0.0215443469003188,1.97402947973626
8,1,J=0,detector_snr_db,40,1,pca_readout_recalibrated,0.0215443469003188,0.338342931013787
8,1,J=0,detector_snr_db,40,2,zero_shot,0.0215443469003188,2.02175588126253
8,1,J=0,detector_snr_db,40,2,pca_readout_recalibrated,0.0215443469003188,0.334078035665487
8,1,J=0,detector_snr_db,40,3,zero_shot,0.0215443469003188,1.98660421553561
8,1,J=0,detector_snr_db,40,3,pca_readout_recalibrated,0.0215443469003188,0.337167539563255
8,1,J=0,detector_snr_db,30,1,zero_shot,0.0215443469003188,6.21872033092512
8,1,J=0,detector_snr_db,30,1,pca_readout_recalibrated,0.0215443469003188,0.359709427065748
8,1,J=0,detector_snr_db,30,2,zero_shot,0.0215443469003188,6.30304564668315
8,1,J=0,detector_snr_db,30,2,pca_readout_recalibrated,0.0215443469003188,0.356648415980263
8,1,J=0,detector_snr_db,30,3,zero_shot,0.0215443469003188,6.19845475980966
8,1,J=0,detector_snr_db,30,3,pca_readout_recalibrated,0.0215443469003188,0.355663981681081
8,1,J=0,detector_snr_db,20,1,zero_shot,0.0215443469003188,19.6190558693901
8,1,J=0,detector_snr_db,20,1,pca_readout_recalibrated,0.0215443469003188,0.370855441460334
8,1,J=0,detector_snr_db,20,2,zero_shot,0.0215443469003188,19.6066642681156
8,1,J=0,detector_snr_db,20,2,pca_readout_recalibrated,0.0215443469003188,0.367290380324354
8,1,J=0,detector_snr_db,20,3,zero_shot,0.0215443469003188,19.835555188069
8,1,J=0,detector_snr_db,20,3,pca_readout_recalibrated,0.0215443469003188,0.36739681192106
8,1,J=0,shot_noise_photons,100000,1,zero_shot,0.0215443469003188,0.53360339000766
8,1,J=0,shot_noise_photons,100000,1,pca_readout_recalibrated,0.0215443469003188,0.310156863769319
8,1,J=0,shot_noise_photons,100000,2,zero_shot,0.0215443469003188,0.520976932376716
8,1,J=0,shot_noise_photons,100000,2,pca_readout_recalibrated,0.0215443469003188,0.304767268672954
8,1,J=0,shot_noise_photons,100000,3,zero_shot,0.0215443469003188,0.530093267367878
8,1,J=0,shot_noise_photons,100000,3,pca_readout_recalibrated,0.0215443469003188,0.304587763407965
8,1,J=0,shot_noise_photons,10000,1,zero_shot,0.0215443469003188,1.41305671415039
8,1,J=0,shot_noise_photons,10000,1,pca_readout_recalibrated,0.0215443469003188,0.329862341776563
8,1,J=0,shot_noise_photons,10000,2,zero_shot,0.0215443469003188,1.44193978989287
8,1,J=0,shot_noise_photons,10000,2,pca_readout_recalibrated,0.0215443469003188,0.325214541613272
8,1,J=0,shot_noise_photons,10000,3,zero_shot,0.0215443469003188,1.43398431344571
8,1,J=0,shot_noise_photons,10000,3,pca_readout_recalibrated,0.0215443469003188,0.329296848145048
8,1,J=0,shot_noise_photons,1000,1,zero_shot,0.0215443469003188,4.38308476313084
8,1,J=0,shot_noise_photons,1000,1,pca_readout_recalibrated,0.0215443469003188,0.35155318494365
8,1,J=0,shot_noise_photons,1000,2,zero_shot,0.0215443469003188,4.35547167658626
8,1,J=0,shot_noise_photons,1000,2,pca_readout_recalibrated,0.0215443469003188,0.350390830500457
8,1,J=0,shot_noise_photons,1000,3,zero_shot,0.0215443469003188,4.49962769522287
8,1,J=0,shot_noise_photons,1000,3,pca_readout_recalibrated,0.0215443469003188,0.35262740504477
8,1,J=0,quantization_bits,12,1,zero_shot,0.0215443469003188,0.342606688997973
8,1,J=0,quantization_bits,12,1,pca_readout_recalibrated,0.0215443469003188,0.342063664342565
8,1,J=0,quantization_bits,12,2,zero_shot,0.0215443469003188,0.342606688997973
8,1,J=0,quantization_bits,12,2,pca_readout_recalibrated,0.0215443469003188,0.342063664342565
8,1,J=0,quantization_bits,12,3,zero_shot,0.0215443469003188,0.342606688997973
8,1,J=0,quantization_bits,12,3,pca_readout_recalibrated,0.0215443469003188,0.342063664342565
8,1,J=0,quantization_bits,8,1,zero_shot,0.0215443469003188,0.34958051199877
8,1,J=0,quantization_bits,8,1,pca_readout_recalibrated,0.0215443469003188,0.328870398498724
8,1,J=0,quantization_bits,8,2,zero_shot,0.0215443469003188,0.34958051199877
8,1,J=0,quantization_bits,8,2,pca_readout_recalibrated,0.0215443469003188,0.328870398498724
8,1,J=0,quantization_bits,8,3,zero_shot,0.0215443469003188,0.34958051199877
8,1,J=0,quantization_bits,8,3,pca_readout_recalibrated,0.0215443469003188,0.328870398498724
8,1,J=0,quantization_bits,6,1,zero_shot,0.0215443469003188,0.440796456829521
8,1,J=0,quantization_bits,6,1,pca_readout_recalibrated,0.0215443469003188,0.30995994283918
8,1,J=0,quantization_bits,6,2,zero_shot,0.0215443469003188,0.440796456829521
8,1,J=0,quantization_bits,6,2,pca_readout_recalibrated,0.0215443469003188,0.30995994283918
8,1,J=0,quantization_bits,6,3,zero_shot,0.0215443469003188,0.440796456829521
8,1,J=0,quantization_bits,6,3,pca_readout_recalibrated,0.0215443469003188,0.30995994283918
8,1,J=0,correlated_noise_fraction,0,1,zero_shot,0.0215443469003188,6.2710747587094
8,1,J=0,correlated_noise_fraction,0,1,pca_readout_recalibrated,0.0215443469003188,0.356337100372802
8,1,J=0,correlated_noise_fraction,0,2,zero_shot,0.0215443469003188,6.18421023722774
8,1,J=0,correlated_noise_fraction,0,2,pca_readout_recalibrated,0.0215443469003188,0.357063710769727
8,1,J=0,correlated_noise_fraction,0,3,zero_shot,0.0215443469003188,6.30143652554231
8,1,J=0,correlated_noise_fraction,0,3,pca_readout_recalibrated,0.0215443469003188,0.355995521386857
8,1,J=0,correlated_noise_fraction,0.5,1,zero_shot,0.0215443469003188,10.8561832126138
8,1,J=0,correlated_noise_fraction,0.5,1,pca_readout_recalibrated,0.0215443469003188,0.346832189589499
8,1,J=0,correlated_noise_fraction,0.5,2,zero_shot,0.0215443469003188,10.8264358452295
8,1,J=0,correlated_noise_fraction,0.5,2,pca_readout_recalibrated,0.0215443469003188,0.348724354777115
8,1,J=0,correlated_noise_fraction,0.5,3,zero_shot,0.0215443469003188,10.5625635374381
8,1,J=0,correlated_noise_fraction,0.5,3,pca_readout_recalibrated,0.0215443469003188,0.348461332077928
8,1,J=0,correlated_noise_fraction,0.9,1,zero_shot,0.0215443469003188,13.3303056856774
8,1,J=0,correlated_noise_fraction,0.9,1,pca_readout_recalibrated,0.0215443469003188,0.323645710855517
8,1,J=0,correlated_noise_fraction,0.9,2,zero_shot,0.0215443469003188,13.3486579924265
8,1,J=0,correlated_noise_fraction,0.9,2,pca_readout_recalibrated,0.0215443469003188,0.3301709508567
8,1,J=0,correlated_noise_fraction,0.9,3,zero_shot,0.0215443469003188,13.3100614111024
8,1,J=0,correlated_noise_fraction,0.9,3,pca_readout_recalibrated,0.0215443469003188,0.324330963069306
8,1,J=0,retained_channel_fraction,0.75,1,zero_shot,0.0215443469003188,1.67203353938866
8,1,J=0,retained_channel_fraction,0.75,1,pca_readout_recalibrated,0.0215443469003188,0.294894291887644
8,1,J=0,retained_channel_fraction,0.75,2,zero_shot,0.0215443469003188,3.75828759103114
8,1,J=0,retained_channel_fraction,0.75,2,pca_readout_recalibrated,0.0215443469003188,0.295368494558985
8,1,J=0,retained_channel_fraction,0.75,3,zero_shot,0.0215443469003188,1.66589324167517
8,1,J=0,retained_channel_fraction,0.75,3,pca_readout_recalibrated,0.0215443469003188,0.294812223393214
8,1,J=0,retained_channel_fraction,0.5,1,zero_shot,0.0215443469003188,5.73880767995654
8,1,J=0,retained_channel_fraction,0.5,1,pca_readout_recalibrated,0.0215443469003188,0.296009400151648
8,1,J=0,retained_channel_fraction,0.5,2,zero_shot,0.0215443469003188,2.77358572610543
8,1,J=0,retained_channel_fraction,0.5,2,pca_readout_recalibrated,0.0215443469003188,0.294008116455677
8,1,J=0,retained_channel_fraction,0.5,3,zero_shot,0.0215443469003188,2.77997126055516
8,1,J=0,retained_channel_fraction,0.5,3,pca_readout_recalibrated,0.0215443469003188,0.295462761937331
8,1,J=0,retained_channel_fraction,0.25,1,zero_shot,0.0215443469003188,2.16231907020106
8,1,J=0,retained_channel_fraction,0.25,1,pca_readout_recalibrated,0.0215443469003188,0.295668573676005
8,1,J=0,retained_channel_fraction,0.25,2,zero_shot,0.0215443469003188,2.53652205448951
8,1,J=0,retained_channel_fraction,0.25,2,pca_readout_recalibrated,0.0215443469003188,0.293872349783121
8,1,J=0,retained_channel_fraction,0.25,3,zero_shot,0.0215443469003188,4.02123668542847
8,1,J=0,retained_channel_fraction,0.25,3,pca_readout_recalibrated,0.0215443469003188,0.294749995495729
8,1,J=0,gain_mismatch_sigma,0.01,1,zero_shot,0.0215443469003188,0.746275375597189
8,1,J=0,gain_mismatch_sigma,0.01,1,pca_readout_recalibrated,0.0215443469003188,0.294130516962448
8,1,J=0,gain_mismatch_sigma,0.01,2,zero_shot,0.0215443469003188,0.343905046019409
8,1,J=0,gain_mismatch_sigma,0.01,2,pca_readout_recalibrated,0.0215443469003188,0.294130516961947
8,1,J=0,gain_mismatch_sigma,0.01,3,zero_shot,0.0215443469003188,0.963807334697996
8,1,J=0,gain_mismatch_sigma,0.01,3,pca_readout_recalibrated,0.0215443469003188,0.294130516962334
8,1,J=0,gain_mismatch_sigma,0.05,1,zero_shot,0.0215443469003188,2.58140899633107
8,1,J=0,gain_mismatch_sigma,0.05,1,pca_readout_recalibrated,0.0215443469003188,0.294130516962025
8,1,J=0,gain_mismatch_sigma,0.05,2,zero_shot,0.0215443469003188,1.79458013435926
8,1,J=0,gain_mismatch_sigma,0.05,2,pca_readout_recalibrated,0.0215443469003188,0.29413051696222
8,1,J=0,gain_mismatch_sigma,0.05,3,zero_shot,0.0215443469003188,10.6255743119934
8,1,J=0,gain_mismatch_sigma,0.05,3,pca_readout_recalibrated,0.0215443469003188,0.294130516962159
8,1,J=0,gain_mismatch_sigma,0.1,1,zero_shot,0.0215443469003188,33.5936267830638
8,1,J=0,gain_mismatch_sigma,0.1,1,pca_readout_recalibrated,0.0215443469003188,0.294130516962635
8,1,J=0,gain_mismatch_sigma,0.1,2,zero_shot,0.0215443469003188,3.81330804627427
8,1,J=0,gain_mismatch_sigma,0.1,2,pca_readout_recalibrated,0.0215443469003188,0.294130516962855
8,1,J=0,gain_mismatch_sigma,0.1,3,zero_shot,0.0215443469003188,1.12610216713584
8,1,J=0,gain_mismatch_sigma,0.1,3,pca_readout_recalibrated,0.0215443469003188,0.294130516962425
8,1,J=0,sampling_jitter_fraction,0.01,1,zero_shot,0.0215443469003188,0.294234751453094
8,1,J=0,sampling_jitter_fraction,0.01,1,pca_readout_recalibrated,0.0215443469003188,0.294146580527519
8,1,J=0,sampling_jitter_fraction,0.01,2,zero_shot,0.0215443469003188,0.294234751453094
8,1,J=0,sampling_jitter_fraction,0.01,2,pca_readout_recalibrated,0.0215443469003188,0.294146580527519
8,1,J=0,sampling_jitter_fraction,0.01,3,zero_shot,0.0215443469003188,0.294234751453094
8,1,J=0,sampling_jitter_fraction,0.01,3,pca_readout_recalibrated,0.0215443469003188,0.294146580527519
8,1,J=0,sampling_jitter_fraction,0.05,1,zero_shot,0.0215443469003188,0.296957832884181
8,1,J=0,sampling_jitter_fraction,0.05,1,pca_readout_recalibrated,0.0215443469003188,0.294215324097443
8,1,J=0,sampling_jitter_fraction,0.05,2,zero_shot,0.0215443469003188,0.296957832884181
8,1,J=0,sampling_jitter_fraction,0.05,2,pca_readout_recalibrated,0.0215443469003188,0.294215324097443
8,1,J=0,sampling_jitter_fraction,0.05,3,zero_shot,0.0215443469003188,0.296957832884181
8,1,J=0,sampling_jitter_fraction,0.05,3,pca_readout_recalibrated,0.0215443469003188,0.294215324097443
8,1,J=0,sampling_jitter_fraction,0.1,1,zero_shot,0.0215443469003188,0.305395697979734
8,1,J=0,sampling_jitter_fraction,0.1,1,pca_readout_recalibrated,0.0215443469003188,0.294311675444107
8,1,J=0,sampling_jitter_fraction,0.1,2,zero_shot,0.0215443469003188,0.305395697979734
8,1,J=0,sampling_jitter_fraction,0.1,2,pca_readout_recalibrated,0.0215443469003188,0.294311675444107
8,1,J=0,sampling_jitter_fraction,0.1,3,zero_shot,0.0215443469003188,0.305395697979734
8,1,J=0,sampling_jitter_fraction,0.1,3,pca_readout_recalibrated,0.0215443469003188,0.294311675444107
8,1,J=0,failed_modes,1,1,zero_shot,0.0215443469003188,1.63677164763728
8,1,J=0,failed_modes,1,1,pca_readout_recalibrated,0.0215443469003188,0.293871573559766
8,1,J=0,failed_modes,1,2,zero_shot,0.0215443469003188,2.7804626206617
8,1,J=0,failed_modes,1,2,pca_readout_recalibrated,0.0215443469003188,0.293829661834798
8,1,J=0,failed_modes,1,3,zero_shot,0.0215443469003188,1.63677164763728
8,1,J=0,failed_modes,1,3,pca_readout_recalibrated,0.0215443469003188,0.293871573559766
8,1,J=0,failed_modes,2,1,zero_shot,0.0215443469003188,1.80015367057574
8,1,J=0,failed_modes,2,1,pca_readout_recalibrated,0.0215443469003188,0.294734509054809
8,1,J=0,failed_modes,2,2,zero_shot,0.0215443469003188,3.07904225582854
8,1,J=0,failed_modes,2,2,pca_readout_recalibrated,0.0215443469003188,0.293356022350745
8,1,J=0,failed_modes,2,3,zero_shot,0.0215443469003188,2.04823102021508
8,1,J=0,failed_modes,2,3,pca_readout_recalibrated,0.0215443469003188,0.297595756851981
8,1,J=0,failed_modes,3,1,zero_shot,0.0215443469003188,5.14102289462883
8,1,J=0,failed_modes,3,1,pca_readout_recalibrated,0.0215443469003188,0.293638324220785
8,1,J=0,failed_modes,3,2,zero_shot,0.0215443469003188,2.82766793688212
8,1,J=0,failed_modes,3,2,pca_readout_recalibrated,0.0215443469003188,0.301178230732303
8,1,J=0,failed_modes,3,3,zero_shot,0.0215443469003188,5.25891162149013
8,1,J=0,failed_modes,3,3,pca_readout_recalibrated,0.0215443469003188,0.293334735135593
8,4,J=0.65,clean,0,1,zero_shot,0.00215443469003188,0.256584167226685
8,4,J=0.65,detector_snr_db,40,1,zero_shot,0.00215443469003188,2.59813833579416
8,4,J=0.65,detector_snr_db,40,1,pca_readout_recalibrated,0.00215443469003188,0.339132532087671
8,4,J=0.65,detector_snr_db,40,2,zero_shot,0.00215443469003188,2.62722527007337
8,4,J=0.65,detector_snr_db,40,2,pca_readout_recalibrated,0.00215443469003188,0.34361673750761
8,4,J=0.65,detector_snr_db,40,3,zero_shot,0.00215443469003188,2.65360255634081
8,4,J=0.65,detector_snr_db,40,3,pca_readout_recalibrated,0.00215443469003188,0.341217499296751
8,4,J=0.65,detector_snr_db,30,1,zero_shot,0.00215443469003188,8.36731697100184
8,4,J=0.65,detector_snr_db,30,1,pca_readout_recalibrated,0.00215443469003188,0.364396991183771
8,4,J=0.65,detector_snr_db,30,2,zero_shot,0.00215443469003188,8.47101846472793
8,4,J=0.65,detector_snr_db,30,2,pca_readout_recalibrated,0.00215443469003188,0.361690346749134
8,4,J=0.65,detector_snr_db,30,3,zero_shot,0.00215443469003188,8.27416308968735
8,4,J=0.65,detector_snr_db,30,3,pca_readout_recalibrated,0.00215443469003188,0.363848147111176
8,4,J=0.65,detector_snr_db,20,1,zero_shot,0.00215443469003188,26.7075092842857
8,4,J=0.65,detector_snr_db,20,1,pca_readout_recalibrated,0.00215443469003188,0.39752009575916
8,4,J=0.65,detector_snr_db,20,2,zero_shot,0.00215443469003188,26.0407767421681
8,4,J=0.65,detector_snr_db,20,2,pca_readout_recalibrated,0.00215443469003188,0.390313959583389
8,4,J=0.65,detector_snr_db,20,3,zero_shot,0.00215443469003188,26.5216012985935
8,4,J=0.65,detector_snr_db,20,3,pca_readout_recalibrated,0.00215443469003188,0.400050227018902
8,4,J=0.65,shot_noise_photons,100000,1,zero_shot,0.00215443469003188,0.635694753913171
8,4,J=0.65,shot_noise_photons,100000,1,pca_readout_recalibrated,0.00215443469003188,0.291992700821418
8,4,J=0.65,shot_noise_photons,100000,2,zero_shot,0.00215443469003188,0.641608720248449
8,4,J=0.65,shot_noise_photons,100000,2,pca_readout_recalibrated,0.00215443469003188,0.291503417204326
8,4,J=0.65,shot_noise_photons,100000,3,zero_shot,0.00215443469003188,0.639546143008243
8,4,J=0.65,shot_noise_photons,100000,3,pca_readout_recalibrated,0.00215443469003188,0.293446863370637
8,4,J=0.65,shot_noise_photons,10000,1,zero_shot,0.00215443469003188,1.86943793983091
8,4,J=0.65,shot_noise_photons,10000,1,pca_readout_recalibrated,0.00215443469003188,0.330561591264469
8,4,J=0.65,shot_noise_photons,10000,2,zero_shot,0.00215443469003188,1.85065326465973
8,4,J=0.65,shot_noise_photons,10000,2,pca_readout_recalibrated,0.00215443469003188,0.33078322249855
8,4,J=0.65,shot_noise_photons,10000,3,zero_shot,0.00215443469003188,1.88289401906222
8,4,J=0.65,shot_noise_photons,10000,3,pca_readout_recalibrated,0.00215443469003188,0.325571919941013
8,4,J=0.65,shot_noise_photons,1000,1,zero_shot,0.00215443469003188,5.81755196922647
8,4,J=0.65,shot_noise_photons,1000,1,pca_readout_recalibrated,0.00215443469003188,0.358099043693042
8,4,J=0.65,shot_noise_photons,1000,2,zero_shot,0.00215443469003188,5.9348034525493
8,4,J=0.65,shot_noise_photons,1000,2,pca_readout_recalibrated,0.00215443469003188,0.361046242171639
8,4,J=0.65,shot_noise_photons,1000,3,zero_shot,0.00215443469003188,5.82412955903575
8,4,J=0.65,shot_noise_photons,1000,3,pca_readout_recalibrated,0.00215443469003188,0.356469904867916
8,4,J=0.65,quantization_bits,12,1,zero_shot,0.00215443469003188,0.271627810131459
8,4,J=0.65,quantization_bits,12,1,pca_readout_recalibrated,0.00215443469003188,0.270551451442197
8,4,J=0.65,quantization_bits,12,2,zero_shot,0.00215443469003188,0.271627810131459
8,4,J=0.65,quantization_bits,12,2,pca_readout_recalibrated,0.00215443469003188,0.270551451442197
8,4,J=0.65,quantization_bits,12,3,zero_shot,0.00215443469003188,0.271627810131459
8,4,J=0.65,quantization_bits,12,3,pca_readout_recalibrated,0.00215443469003188,0.270551451442197
8,4,J=0.65,quantization_bits,8,1,zero_shot,0.00215443469003188,0.29661022520481
8,4,J=0.65,quantization_bits,8,1,pca_readout_recalibrated,0.00215443469003188,0.270560948219212
8,4,J=0.65,quantization_bits,8,2,zero_shot,0.00215443469003188,0.29661022520481
8,4,J=0.65,quantization_bits,8,2,pca_readout_recalibrated,0.00215443469003188,0.270560948219212
8,4,J=0.65,quantization_bits,8,3,zero_shot,0.00215443469003188,0.29661022520481
8,4,J=0.65,quantization_bits,8,3,pca_readout_recalibrated,0.00215443469003188,0.270560948219212
8,4,J=0.65,quantization_bits,6,1,zero_shot,0.00215443469003188,0.539260468984546
8,4,J=0.65,quantization_bits,6,1,pca_readout_recalibrated,0.00215443469003188,0.290698187505074
8,4,J=0.65,quantization_bits,6,2,zero_shot,0.00215443469003188,0.539260468984546
8,4,J=0.65,quantization_bits,6,2,pca_readout_recalibrated,0.00215443469003188,0.290698187505074
8,4,J=0.65,quantization_bits,6,3,zero_shot,0.00215443469003188,0.539260468984546
8,4,J=0.65,quantization_bits,6,3,pca_readout_recalibrated,0.00215443469003188,0.290698187505074
8,4,J=0.65,correlated_noise_fraction,0,1,zero_shot,0.00215443469003188,8.23534146651792
8,4,J=0.65,correlated_noise_fraction,0,1,pca_readout_recalibrated,0.00215443469003188,0.364385868269399
8,4,J=0.65,correlated_noise_fraction,0,2,zero_shot,0.00215443469003188,8.44679576550148
8,4,J=0.65,correlated_noise_fraction,0,2,pca_readout_recalibrated,0.00215443469003188,0.363529771640531
8,4,J=0.65,correlated_noise_fraction,0,3,zero_shot,0.00215443469003188,8.35961334883533
8,4,J=0.65,correlated_noise_fraction,0,3,pca_readout_recalibrated,0.00215443469003188,0.36968632120705
8,4,J=0.65,correlated_noise_fraction,0.5,1,zero_shot,0.00215443469003188,9.05505067365822
8,4,J=0.65,correlated_noise_fraction,0.5,1,pca_readout_recalibrated,0.00215443469003188,0.357257851209174
8,4,J=0.65,correlated_noise_fraction,0.5,2,zero_shot,0.00215443469003188,8.98833197591752
8,4,J=0.65,correlated_noise_fraction,0.5,2,pca_readout_recalibrated,0.00215443469003188,0.360968421811593
8,4,J=0.65,correlated_noise_fraction,0.5,3,zero_shot,0.00215443469003188,8.83854438532736
8,4,J=0.65,correlated_noise_fraction,0.5,3,pca_readout_recalibrated,0.00215443469003188,0.355304768221567
8,4,J=0.65,correlated_noise_fraction,0.9,1,zero_shot,0.00215443469003188,9.68678858171634
8,4,J=0.65,correlated_noise_fraction,0.9,1,pca_readout_recalibrated,0.00215443469003188,0.336657646797948
8,4,J=0.65,correlated_noise_fraction,0.9,2,zero_shot,0.00215443469003188,9.44012524080936
8,4,J=0.65,correlated_noise_fraction,0.9,2,pca_readout_recalibrated,0.00215443469003188,0.341254331265195
8,4,J=0.65,correlated_noise_fraction,0.9,3,zero_shot,0.00215443469003188,9.44382472579776
8,4,J=0.65,correlated_noise_fraction,0.9,3,pca_readout_recalibrated,0.00215443469003188,0.333862419946063
8,4,J=0.65,retained_channel_fraction,0.75,1,zero_shot,0.00215443469003188,5.54052470359595
8,4,J=0.65,retained_channel_fraction,0.75,1,pca_readout_recalibrated,0.00215443469003188,0.255739695117068
8,4,J=0.65,retained_channel_fraction,0.75,2,zero_shot,0.00215443469003188,6.91314142544858
8,4,J=0.65,retained_channel_fraction,0.75,2,pca_readout_recalibrated,0.00215443469003188,0.258921565860269
8,4,J=0.65,retained_channel_fraction,0.75,3,zero_shot,0.00215443469003188,5.90083171325405
8,4,J=0.65,retained_channel_fraction,0.75,3,pca_readout_recalibrated,0.00215443469003188,0.258692590008422
8,4,J=0.65,retained_channel_fraction,0.5,1,zero_shot,0.00215443469003188,5.34375811792676
8,4,J=0.65,retained_channel_fraction,0.5,1,pca_readout_recalibrated,0.00215443469003188,0.266897532157708
8,4,J=0.65,retained_channel_fraction,0.5,2,zero_shot,0.00215443469003188,5.83961744867032
8,4,J=0.65,retained_channel_fraction,0.5,2,pca_readout_recalibrated,0.00215443469003188,0.260862376635149
8,4,J=0.65,retained_channel_fraction,0.5,3,zero_shot,0.00215443469003188,6.29919851473909
8,4,J=0.65,retained_channel_fraction,0.5,3,pca_readout_recalibrated,0.00215443469003188,0.25667884472178
8,4,J=0.65,retained_channel_fraction,0.25,1,zero_shot,0.00215443469003188,5.94110020697332
8,4,J=0.65,retained_channel_fraction,0.25,1,pca_readout_recalibrated,0.00215443469003188,0.257024175450597
8,4,J=0.65,retained_channel_fraction,0.25,2,zero_shot,0.00215443469003188,6.07708538390854
8,4,J=0.65,retained_channel_fraction,0.25,2,pca_readout_recalibrated,0.00215443469003188,0.262683869343114
8,4,J=0.65,retained_channel_fraction,0.25,3,zero_shot,0.00215443469003188,6.5274364300455
8,4,J=0.65,retained_channel_fraction,0.25,3,pca_readout_recalibrated,0.00215443469003188,0.259892096762746
8,4,J=0.65,gain_mismatch_sigma,0.01,1,zero_shot,0.00215443469003188,3.753615864905
8,4,J=0.65,gain_mismatch_sigma,0.01,1,pca_readout_recalibrated,0.00215443469003188,0.256584167227027
8,4,J=0.65,gain_mismatch_sigma,0.01,2,zero_shot,0.00215443469003188,4.39133874951031
8,4,J=0.65,gain_mismatch_sigma,0.01,2,pca_readout_recalibrated,0.00215443469003188,0.25658416722542
8,4,J=0.65,gain_mismatch_sigma,0.01,3,zero_shot,0.00215443469003188,0.279057205577758
8,4,J=0.65,gain_mismatch_sigma,0.01,3,pca_readout_recalibrated,0.00215443469003188,0.256584167225384
8,4,J=0.65,gain_mismatch_sigma,0.05,1,zero_shot,0.00215443469003188,10.7013654527857
8,4,J=0.65,gain_mismatch_sigma,0.05,1,pca_readout_recalibrated,0.00215443469003188,0.256584167226797
8,4,J=0.65,gain_mismatch_sigma,0.05,2,zero_shot,0.00215443469003188,11.0718800561883
8,4,J=0.65,gain_mismatch_sigma,0.05,2,pca_readout_recalibrated,0.00215443469003188,0.256584167229713
8,4,J=0.65,gain_mismatch_sigma,0.05,3,zero_shot,0.00215443469003188,1.45588490744797
8,4,J=0.65,gain_mismatch_sigma,0.05,3,pca_readout_recalibrated,0.00215443469003188,0.256584167225986
8,4,J=0.65,gain_mismatch_sigma,0.1,1,zero_shot,0.00215443469003188,17.2314972799754
8,4,J=0.65,gain_mismatch_sigma,0.1,1,pca_readout_recalibrated,0.00215443469003188,0.256584167227804
8,4,J=0.65,gain_mismatch_sigma,0.1,2,zero_shot,0.00215443469003188,37.9902066882979
8,4,J=0.65,gain_mismatch_sigma,0.1,2,pca_readout_recalibrated,0.00215443469003188,0.256584167227312
8,4,J=0.65,gain_mismatch_sigma,0.1,3,zero_shot,0.00215443469003188,4.58670809558652
8,4,J=0.65,gain_mismatch_sigma,0.1,3,pca_readout_recalibrated,0.00215443469003188,0.256584167226297
8,4,J=0.65,sampling_jitter_fraction,0.01,1,zero_shot,0.00215443469003188,0.256809759869926
8,4,J=0.65,sampling_jitter_fraction,0.01,1,pca_readout_recalibrated,0.00215443469003188,0.256528496571909
8,4,J=0.65,sampling_jitter_fraction,0.01,2,zero_shot,0.00215443469003188,0.256809759869926
8,4,J=0.65,sampling_jitter_fraction,0.01,2,pca_readout_recalibrated,0.00215443469003188,0.256528496571909
8,4,J=0.65,sampling_jitter_fraction,0.01,3,zero_shot,0.00215443469003188,0.256809759869926
8,4,J=0.65,sampling_jitter_fraction,0.01,3,pca_readout_recalibrated,0.00215443469003188,0.256528496571909
8,4,J=0.65,sampling_jitter_fraction,0.05,1,zero_shot,0.00215443469003188,0.260429459541587
8,4,J=0.65,sampling_jitter_fraction,0.05,1,pca_readout_recalibrated,0.00215443469003188,0.25633081967807
8,4,J=0.65,sampling_jitter_fraction,0.05,2,zero_shot,0.00215443469003188,0.260429459541587
8,4,J=0.65,sampling_jitter_fraction,0.05,2,pca_readout_recalibrated,0.00215443469003188,0.25633081967807
8,4,J=0.65,sampling_jitter_fraction,0.05,3,zero_shot,0.00215443469003188,0.260429459541587
8,4,J=0.65,sampling_jitter_fraction,0.05,3,pca_readout_recalibrated,0.00215443469003188,0.25633081967807
8,4,J=0.65,sampling_jitter_fraction,0.1,1,zero_shot,0.00215443469003188,0.270802547207648
8,4,J=0.65,sampling_jitter_fraction,0.1,1,pca_readout_recalibrated,0.00215443469003188,0.256130092753657
8,4,J=0.65,sampling_jitter_fraction,0.1,2,zero_shot,0.00215443469003188,0.270802547207648
8,4,J=0.65,sampling_jitter_fraction,0.1,2,pca_readout_recalibrated,0.00215443469003188,0.256130092753657
8,4,J=0.65,sampling_jitter_fraction,0.1,3,zero_shot,0.00215443469003188,0.270802547207648
8,4,J=0.65,sampling_jitter_fraction,0.1,3,pca_readout_recalibrated,0.00215443469003188,0.256130092753657
8,4,J=0.65,failed_modes,1,1,zero_shot,0.00215443469003188,10.8389706347557
8,4,J=0.65,failed_modes,1,1,pca_readout_recalibrated,0.00215443469003188,0.254666114703727
8,4,J=0.65,failed_modes,1,2,zero_shot,0.00215443469003188,4.62890236983345
8,4,J=0.65,failed_modes,1,2,pca_readout_recalibrated,0.00215443469003188,0.254825271345488
8,4,J=0.65,failed_modes,1,3,zero_shot,0.00215443469003188,7.8686390962229
8,4,J=0.65,failed_modes,1,3,pca_readout_recalibrated,0.00215443469003188,0.257444044034028
8,4,J=0.65,failed_modes,2,1,zero_shot,0.00215443469003188,12.9343512530236
8,4,J=0.65,failed_modes,2,1,pca_readout_recalibrated,0.00215443469003188,0.261386501964133
8,4,J=0.65,failed_modes,2,2,zero_shot,0.00215443469003188,8.01896334974238
8,4,J=0.65,failed_modes,2,2,pca_readout_recalibrated,0.00215443469003188,0.259464555650631
8,4,J=0.65,failed_modes,2,3,zero_shot,0.00215443469003188,11.3289715261428
8,4,J=0.65,failed_modes,2,3,pca_readout_recalibrated,0.00215443469003188,0.259116280675115
8,4,J=0.65,failed_modes,3,1,zero_shot,0.00215443469003188,11.5716279269253
8,4,J=0.65,failed_modes,3,1,pca_readout_recalibrated,0.00215443469003188,0.256959576837915
8,4,J=0.65,failed_modes,3,2,zero_shot,0.00215443469003188,9.41295007745239
8,4,J=0.65,failed_modes,3,2,pca_readout_recalibrated,0.00215443469003188,0.257931681305688
8,4,J=0.65,failed_modes,3,3,zero_shot,0.00215443469003188,11.3949234784964
8,4,J=0.65,failed_modes,3,3,pca_readout_recalibrated,0.00215443469003188,0.255347200580379
9,1,J=0,clean,0,1,zero_shot,0.00464158883361278,0.300569094764503
9,1,J=0,detector_snr_db,40,1,zero_shot,0.00464158883361278,9.87402136593981
9,1,J=0,detector_snr_db,40,1,pca_readout_recalibrated,0.00464158883361278,0.386323982474001
9,1,J=0,detector_snr_db,40,2,zero_shot,0.00464158883361278,9.86647509952276
9,1,J=0,detector_snr_db,40,2,pca_readout_recalibrated,0.00464158883361278,0.38743734722106
9,1,J=0,detector_snr_db,40,3,zero_shot,0.00464158883361278,10.0648690305454
9,1,J=0,detector_snr_db,40,3,pca_readout_recalibrated,0.00464158883361278,0.386528841175034
9,1,J=0,detector_snr_db,30,1,zero_shot,0.00464158883361278,31.4290983088616
9,1,J=0,detector_snr_db,30,1,pca_readout_recalibrated,0.00464158883361278,0.391731338254398
9,1,J=0,detector_snr_db,30,2,zero_shot,0.00464158883361278,31.4508091905565
9,1,J=0,detector_snr_db,30,2,pca_readout_recalibrated,0.00464158883361278,0.389989501697859
9,1,J=0,detector_snr_db,30,3,zero_shot,0.00464158883361278,31.9500192283276
9,1,J=0,detector_snr_db,30,3,pca_readout_recalibrated,0.00464158883361278,0.391425000898037
9,1,J=0,detector_snr_db,20,1,zero_shot,0.00464158883361278,100.8466855924
9,1,J=0,detector_snr_db,20,1,pca_readout_recalibrated,0.00464158883361278,0.404337342425567
9,1,J=0,detector_snr_db,20,2,zero_shot,0.00464158883361278,97.0187388933346
9,1,J=0,detector_snr_db,20,2,pca_readout_recalibrated,0.00464158883361278,0.400356099691385
9,1,J=0,detector_snr_db,20,3,zero_shot,0.00464158883361278,98.9808590911747
9,1,J=0,detector_snr_db,20,3,pca_readout_recalibrated,0.00464158883361278,0.410007809933427
9,1,J=0,shot_noise_photons,100000,1,zero_shot,0.00464158883361278,2.23061125811752
9,1,J=0,shot_noise_photons,100000,1,pca_readout_recalibrated,0.00464158883361278,0.359181530665622
9,1,J=0,shot_noise_photons,100000,2,zero_shot,0.00464158883361278,2.24242023073189
9,1,J=0,shot_noise_photons,100000,2,pca_readout_recalibrated,0.00464158883361278,0.354323140127743
9,1,J=0,shot_noise_photons,100000,3,zero_shot,0.00464158883361278,2.23129742617109
9,1,J=0,shot_noise_photons,100000,3,pca_readout_recalibrated,0.00464158883361278,0.351302807818143
9,1,J=0,shot_noise_photons,10000,1,zero_shot,0.00464158883361278,6.89452849851506
9,1,J=0,shot_noise_photons,10000,1,pca_readout_recalibrated,0.00464158883361278,0.383474917246044
9,1,J=0,shot_noise_photons,10000,2,zero_shot,0.00464158883361278,6.99555711848928
9,1,J=0,shot_noise_photons,10000,2,pca_readout_recalibrated,0.00464158883361278,0.387135958082681
9,1,J=0,shot_noise_photons,10000,3,zero_shot,0.00464158883361278,7.03928869531577
9,1,J=0,shot_noise_photons,10000,3,pca_readout_recalibrated,0.00464158883361278,0.382545490042378
9,1,J=0,shot_noise_photons,1000,1,zero_shot,0.00464158883361278,22.2796017398405
9,1,J=0,shot_noise_photons,1000,1,pca_readout_recalibrated,0.00464158883361278,0.388836864242351
9,1,J=0,shot_noise_photons,1000,2,zero_shot,0.00464158883361278,21.9283767561946
9,1,J=0,shot_noise_photons,1000,2,pca_readout_recalibrated,0.00464158883361278,0.388731226619129
9,1,J=0,shot_noise_photons,1000,3,zero_shot,0.00464158883361278,22.2927217661119
9,1,J=0,shot_noise_photons,1000,3,pca_readout_recalibrated,0.00464158883361278,0.388548116744522
9,1,J=0,quantization_bits,12,1,zero_shot,0.00464158883361278,0.351239748687199
9,1,J=0,quantization_bits,12,1,pca_readout_recalibrated,0.00464158883361278,0.346933104606341
9,1,J=0,quantization_bits,12,2,zero_shot,0.00464158883361278,0.351239748687199
9,1,J=0,quantization_bits,12,2,pca_readout_recalibrated,0.00464158883361278,0.346933104606341
9,1,J=0,quantization_bits,12,3,zero_shot,0.00464158883361278,0.351239748687199
9,1,J=0,quantization_bits,12,3,pca_readout_recalibrated,0.00464158883361278,0.346933104606341
9,1,J=0,quantization_bits,8,1,zero_shot,0.00464158883361278,0.378734289909606
9,1,J=0,quantization_bits,8,1,pca_readout_recalibrated,0.00464158883361278,0.327218043711522
9,1,J=0,quantization_bits,8,2,zero_shot,0.00464158883361278,0.378734289909606
9,1,J=0,quantization_bits,8,2,pca_readout_recalibrated,0.00464158883361278,0.327218043711522
9,1,J=0,quantization_bits,8,3,zero_shot,0.00464158883361278,0.378734289909606
9,1,J=0,quantization_bits,8,3,pca_readout_recalibrated,0.00464158883361278,0.327218043711522
9,1,J=0,quantization_bits,6,1,zero_shot,0.00464158883361278,0.678942134098299
9,1,J=0,quantization_bits,6,1,pca_readout_recalibrated,0.00464158883361278,0.339263644113741
9,1,J=0,quantization_bits,6,2,zero_shot,0.00464158883361278,0.678942134098299
9,1,J=0,quantization_bits,6,2,pca_readout_recalibrated,0.00464158883361278,0.339263644113741
9,1,J=0,quantization_bits,6,3,zero_shot,0.00464158883361278,0.678942134098299
9,1,J=0,quantization_bits,6,3,pca_readout_recalibrated,0.00464158883361278,0.339263644113741
9,1,J=0,correlated_noise_fraction,0,1,zero_shot,0.00464158883361278,31.3294780571957
9,1,J=0,correlated_noise_fraction,0,1,pca_readout_recalibrated,0.00464158883361278,0.395555662999266
9,1,J=0,correlated_noise_fraction,0,2,zero_shot,0.00464158883361278,30.8268790218085
9,1,J=0,correlated_noise_fraction,0,2,pca_readout_recalibrated,0.00464158883361278,0.389779752786891
9,1,J=0,correlated_noise_fraction,0,3,zero_shot,0.00464158883361278,31.1337475661393
9,1,J=0,correlated_noise_fraction,0,3,pca_readout_recalibrated,0.00464158883361278,0.389545514311238
9,1,J=0,correlated_noise_fraction,0.5,1,zero_shot,0.00464158883361278,37.5110631425578
9,1,J=0,correlated_noise_fraction,0.5,1,pca_readout_recalibrated,0.00464158883361278,0.388934181755004
9,1,J=0,correlated_noise_fraction,0.5,2,zero_shot,0.00464158883361278,37.4021789186589
9,1,J=0,correlated_noise_fraction,0.5,2,pca_readout_recalibrated,0.00464158883361278,0.390386179693801
9,1,J=0,correlated_noise_fraction,0.5,3,zero_shot,0.00464158883361278,36.710225672419
9,1,J=0,correlated_noise_fraction,0.5,3,pca_readout_recalibrated,0.00464158883361278,0.384950391165197
9,1,J=0,correlated_noise_fraction,0.9,1,zero_shot,0.00464158883361278,40.5383186539877
9,1,J=0,correlated_noise_fraction,0.9,1,pca_readout_recalibrated,0.00464158883361278,0.377644440208943
9,1,J=0,correlated_noise_fraction,0.9,2,zero_shot,0.00464158883361278,40.3307181062311
9,1,J=0,correlated_noise_fraction,0.9,2,pca_readout_recalibrated,0.00464158883361278,0.37103431413781
9,1,J=0,correlated_noise_fraction,0.9,3,zero_shot,0.00464158883361278,41.7091105455037
9,1,J=0,correlated_noise_fraction,0.9,3,pca_readout_recalibrated,0.00464158883361278,0.37741347432707
9,1,J=0,retained_channel_fraction,0.75,1,zero_shot,0.00464158883361278,3.35596664874969
9,1,J=0,retained_channel_fraction,0.75,1,pca_readout_recalibrated,0.00464158883361278,0.298016891092418
9,1,J=0,retained_channel_fraction,0.75,2,zero_shot,0.00464158883361278,4.84487901112834
9,1,J=0,retained_channel_fraction,0.75,2,pca_readout_recalibrated,0.00464158883361278,0.298938224605516
9,1,J=0,retained_channel_fraction,0.75,3,zero_shot,0.00464158883361278,3.89825077615827
9,1,J=0,retained_channel_fraction,0.75,3,pca_readout_recalibrated,0.00464158883361278,0.299934809518111
9,1,J=0,retained_channel_fraction,0.5,1,zero_shot,0.00464158883361278,6.18963110284736
9,1,J=0,retained_channel_fraction,0.5,1,pca_readout_recalibrated,0.00464158883361278,0.301302308459379
9,1,J=0,retained_channel_fraction,0.5,2,zero_shot,0.00464158883361278,5.31441214890039
9,1,J=0,retained_channel_fraction,0.5,2,pca_readout_recalibrated,0.00464158883361278,0.300733395737766
9,1,J=0,retained_channel_fraction,0.5,3,zero_shot,0.00464158883361278,4.50465717077858
9,1,J=0,retained_channel_fraction,0.5,3,pca_readout_recalibrated,0.00464158883361278,0.299135685265632
9,1,J=0,retained_channel_fraction,0.25,1,zero_shot,0.00464158883361278,2.98118435897434
9,1,J=0,retained_channel_fraction,0.25,1,pca_readout_recalibrated,0.00464158883361278,0.30239147248441
9,1,J=0,retained_channel_fraction,0.25,2,zero_shot,0.00464158883361278,3.71724117181221
9,1,J=0,retained_channel_fraction,0.25,2,pca_readout_recalibrated,0.00464158883361278,0.300672980140591
9,1,J=0,retained_channel_fraction,0.25,3,zero_shot,0.00464158883361278,3.75755017268035
9,1,J=0,retained_channel_fraction,0.25,3,pca_readout_recalibrated,0.00464158883361278,0.301009937975744
9,1,J=0,gain_mismatch_sigma,0.01,1,zero_shot,0.00464158883361278,9.17917250423126
9,1,J=0,gain_mismatch_sigma,0.01,1,pca_readout_recalibrated,0.00464158883361278,0.300569094765506
9,1,J=0,gain_mismatch_sigma,0.01,2,zero_shot,0.00464158883361278,7.91011021524399
9,1,J=0,gain_mismatch_sigma,0.01,2,pca_readout_recalibrated,0.00464158883361278,0.300569094764645
9,1,J=0,gain_mismatch_sigma,0.01,3,zero_shot,0.00464158883361278,3.60988790545017
9,1,J=0,gain_mismatch_sigma,0.01,3,pca_readout_recalibrated,0.00464158883361278,0.300569094762714
9,1,J=0,gain_mismatch_sigma,0.05,1,zero_shot,0.00464158883361278,5.81660669651916
9,1,J=0,gain_mismatch_sigma,0.05,1,pca_readout_recalibrated,0.00464158883361278,0.300569094765355
9,1,J=0,gain_mismatch_sigma,0.05,2,zero_shot,0.00464158883361278,39.194447070816
9,1,J=0,gain_mismatch_sigma,0.05,2,pca_readout_recalibrated,0.00464158883361278,0.300569094762938
9,1,J=0,gain_mismatch_sigma,0.05,3,zero_shot,0.00464158883361278,17.0972117656227
9,1,J=0,gain_mismatch_sigma,0.05,3,pca_readout_recalibrated,0.00464158883361278,0.300569094764943
9,1,J=0,gain_mismatch_sigma,0.1,1,zero_shot,0.00464158883361278,41.3905643289207
9,1,J=0,gain_mismatch_sigma,0.1,1,pca_readout_recalibrated,0.00464158883361278,0.300569094764906
9,1,J=0,gain_mismatch_sigma,0.1,2,zero_shot,0.00464158883361278,27.3115210809372
9,1,J=0,gain_mismatch_sigma,0.1,2,pca_readout_recalibrated,0.00464158883361278,0.300569094764155
9,1,J=0,gain_mismatch_sigma,0.1,3,zero_shot,0.00464158883361278,17.8779169350851
9,1,J=0,gain_mismatch_sigma,0.1,3,pca_readout_recalibrated,0.00464158883361278,0.300569094763095
9,1,J=0,sampling_jitter_fraction,0.01,1,zero_shot,0.00464158883361278,0.300548948773219
9,1,J=0,sampling_jitter_fraction,0.01,1,pca_readout_recalibrated,0.00464158883361278,0.3005613541752
9,1,J=0,sampling_jitter_fraction,0.01,2,zero_shot,0.00464158883361278,0.300548948773219
9,1,J=0,sampling_jitter_fraction,0.01,2,pca_readout_recalibrated,0.00464158883361278,0.3005613541752
9,1,J=0,sampling_jitter_fraction,0.01,3,zero_shot,0.00464158883361278,0.300548948773219
9,1,J=0,sampling_jitter_fraction,0.01,3,pca_readout_recalibrated,0.00464158883361278,0.3005613541752
9,1,J=0,sampling_jitter_fraction,0.05,1,zero_shot,0.00464158883361278,0.302464953747337
9,1,J=0,sampling_jitter_fraction,0.05,1,pca_readout_recalibrated,0.00464158883361278,0.300533461901226
9,1,J=0,sampling_jitter_fraction,0.05,2,zero_shot,0.00464158883361278,0.302464953747337
9,1,J=0,sampling_jitter_fraction,0.05,2,pca_readout_recalibrated,0.00464158883361278,0.300533461901226
9,1,J=0,sampling_jitter_fraction,0.05,3,zero_shot,0.00464158883361278,0.302464953747337
9,1,J=0,sampling_jitter_fraction,0.05,3,pca_readout_recalibrated,0.00464158883361278,0.300533461901226
9,1,J=0,sampling_jitter_fraction,0.1,1,zero_shot,0.00464158883361278,0.309253716297152
9,1,J=0,sampling_jitter_fraction,0.1,1,pca_readout_recalibrated,0.00464158883361278,0.300506653796048
9,1,J=0,sampling_jitter_fraction,0.1,2,zero_shot,0.00464158883361278,0.309253716297152
9,1,J=0,sampling_jitter_fraction,0.1,2,pca_readout_recalibrated,0.00464158883361278,0.300506653796048
9,1,J=0,sampling_jitter_fraction,0.1,3,zero_shot,0.00464158883361278,0.309253716297152
9,1,J=0,sampling_jitter_fraction,0.1,3,pca_readout_recalibrated,0.00464158883361278,0.300506653796048
9,1,J=0,failed_modes,1,1,zero_shot,0.00464158883361278,0.951601977089403
9,1,J=0,failed_modes,1,1,pca_readout_recalibrated,0.00464158883361278,0.300288953553354
9,1,J=0,failed_modes,1,2,zero_shot,0.00464158883361278,2.49261984857719
9,1,J=0,failed_modes,1,2,pca_readout_recalibrated,0.00464158883361278,0.300647817908247
9,1,J=0,failed_modes,1,3,zero_shot,0.00464158883361278,2.49261984857719
9,1,J=0,failed_modes,1,3,pca_readout_recalibrated,0.00464158883361278,0.300647817908247
9,1,J=0,failed_modes,2,1,zero_shot,0.00464158883361278,3.32476444535262
9,1,J=0,failed_modes,2,1,pca_readout_recalibrated,0.00464158883361278,0.30006988252122
9,1,J=0,failed_modes,2,2,zero_shot,0.00464158883361278,4.07394072663785
9,1,J=0,failed_modes,2,2,pca_readout_recalibrated,0.00464158883361278,0.30144151272125
9,1,J=0,failed_modes,2,3,zero_shot,0.00464158883361278,4.59451970556458
9,1,J=0,failed_modes,2,3,pca_readout_recalibrated,0.00464158883361278,0.305986161341865
9,1,J=0,failed_modes,3,1,zero_shot,0.00464158883361278,3.07921014699257
9,1,J=0,failed_modes,3,1,pca_readout_recalibrated,0.00464158883361278,0.299394147806601
9,1,J=0,failed_modes,3,2,zero_shot,0.00464158883361278,4.44996285356121
9,1,J=0,failed_modes,3,2,pca_readout_recalibrated,0.00464158883361278,0.308198020605185
9,1,J=0,failed_modes,3,3,zero_shot,0.00464158883361278,1.83996711032844
9,1,J=0,failed_modes,3,3,pca_readout_recalibrated,0.00464158883361278,0.306763443175452
9,4,J=0.65,clean,0,1,zero_shot,1e-06,0.275792620471907
9,4,J=0.65,detector_snr_db,40,1,zero_shot,1e-06,22.3922161710748
9,4,J=0.65,detector_snr_db,40,1,pca_readout_recalibrated,1e-06,0.390730136224763
9,4,J=0.65,detector_snr_db,40,2,zero_shot,1e-06,22.8453480790175
9,4,J=0.65,detector_snr_db,40,2,pca_readout_recalibrated,1e-06,0.384730675230956
9,4,J=0.65,detector_snr_db,40,3,zero_shot,1e-06,23.2734924138852
9,4,J=0.65,detector_snr_db,40,3,pca_readout_recalibrated,1e-06,0.389376025548686
9,4,J=0.65,detector_snr_db,30,1,zero_shot,1e-06,74.157998674564
9,4,J=0.65,detector_snr_db,30,1,pca_readout_recalibrated,1e-06,0.394800082927111
9,4,J=0.65,detector_snr_db,30,2,zero_shot,1e-06,70.0183714702979
9,4,J=0.65,detector_snr_db,30,2,pca_readout_recalibrated,1e-06,0.395218794063312
9,4,J=0.65,detector_snr_db,30,3,zero_shot,1e-06,72.3869594636436
9,4,J=0.65,detector_snr_db,30,3,pca_readout_recalibrated,1e-06,0.394968169488676
9,4,J=0.65,detector_snr_db,20,1,zero_shot,1e-06,222.948100902798
9,4,J=0.65,detector_snr_db,20,1,pca_readout_recalibrated,1e-06,0.425247155017384
9,4,J=0.65,detector_snr_db,20,2,zero_shot,1e-06,219.903854611935
9,4,J=0.65,detector_snr_db,20,2,pca_readout_recalibrated,1e-06,0.423457579962372
9,4,J=0.65,detector_snr_db,20,3,zero_shot,1e-06,224.672220124082
9,4,J=0.65,detector_snr_db,20,3,pca_readout_recalibrated,1e-06,0.423978501931515
9,4,J=0.65,shot_noise_photons,100000,1,zero_shot,1e-06,5.17635356750989
9,4,J=0.65,shot_noise_photons,100000,1,pca_readout_recalibrated,1e-06,0.359650725441783
9,4,J=0.65,shot_noise_photons,100000,2,zero_shot,1e-06,4.98271624837505
9,4,J=0.65,shot_noise_photons,100000,2,pca_readout_recalibrated,1e-06,0.354509936495013
9,4,J=0.65,shot_noise_photons,100000,3,zero_shot,1e-06,5.09458986027975
9,4,J=0.65,shot_noise_photons,100000,3,pca_readout_recalibrated,1e-06,0.368074976351164
9,4,J=0.65,shot_noise_photons,10000,1,zero_shot,1e-06,16.028838638784
9,4,J=0.65,shot_noise_photons,10000,1,pca_readout_recalibrated,1e-06,0.389686222175432
9,4,J=0.65,shot_noise_photons,10000,2,zero_shot,1e-06,16.0656940713747
9,4,J=0.65,shot_noise_photons,10000,2,pca_readout_recalibrated,1e-06,0.380979383603514
9,4,J=0.65,shot_noise_photons,10000,3,zero_shot,1e-06,15.8657936945703
9,4,J=0.65,shot_noise_photons,10000,3,pca_readout_recalibrated,1e-06,0.384482602564034
9,4,J=0.65,shot_noise_photons,1000,1,zero_shot,1e-06,50.3856238191998
9,4,J=0.65,shot_noise_photons,1000,1,pca_readout_recalibrated,1e-06,0.395230852461471
9,4,J=0.65,shot_noise_photons,1000,2,zero_shot,1e-06,51.347800447943
9,4,J=0.65,shot_noise_photons,1000,2,pca_readout_recalibrated,1e-06,0.393413193955105
9,4,J=0.65,shot_noise_photons,1000,3,zero_shot,1e-06,51.6799274165995
9,4,J=0.65,shot_noise_photons,1000,3,pca_readout_recalibrated,1e-06,0.394117881261945
9,4,J=0.65,quantization_bits,12,1,zero_shot,1e-06,0.494637466631712
9,4,J=0.65,quantization_bits,12,1,pca_readout_recalibrated,1e-06,0.431098001847077
9,4,J=0.65,quantization_bits,12,2,zero_shot,1e-06,0.494637466631712
9,4,J=0.65,quantization_bits,12,2,pca_readout_recalibrated,1e-06,0.431098001847077
9,4,J=0.65,quantization_bits,12,3,zero_shot,1e-06,0.494637466631712
9,4,J=0.65,quantization_bits,12,3,pca_readout_recalibrated,1e-06,0.431098001847077
9,4,J=0.65,quantization_bits,8,1,zero_shot,1e-06,0.68755507372758
9,4,J=0.65,quantization_bits,8,1,pca_readout_recalibrated,1e-06,0.314010861709179
9,4,J=0.65,quantization_bits,8,2,zero_shot,1e-06,0.68755507372758
9,4,J=0.65,quantization_bits,8,2,pca_readout_recalibrated,1e-06,0.314010861709179
9,4,J=0.65,quantization_bits,8,3,zero_shot,1e-06,0.68755507372758
9,4,J=0.65,quantization_bits,8,3,pca_readout_recalibrated,1e-06,0.314010861709179
9,4,J=0.65,quantization_bits,6,1,zero_shot,1e-06,2.00137052889299
9,4,J=0.65,quantization_bits,6,1,pca_readout_recalibrated,1e-06,0.338988584503782
9,4,J=0.65,quantization_bits,6,2,zero_shot,1e-06,2.00137052889299
9,4,J=0.65,quantization_bits,6,2,pca_readout_recalibrated,1e-06,0.338988584503782
9,4,J=0.65,quantization_bits,6,3,zero_shot,1e-06,2.00137052889299
9,4,J=0.65,quantization_bits,6,3,pca_readout_recalibrated,1e-06,0.338988584503782
9,4,J=0.65,correlated_noise_fraction,0,1,zero_shot,1e-06,71.6534482957559
9,4,J=0.65,correlated_noise_fraction,0,1,pca_readout_recalibrated,1e-06,0.400075908109216
9,4,J=0.65,correlated_noise_fraction,0,2,zero_shot,1e-06,72.797219794324
9,4,J=0.65,correlated_noise_fraction,0,2,pca_readout_recalibrated,1e-06,0.393440157213564
9,4,J=0.65,correlated_noise_fraction,0,3,zero_shot,1e-06,73.6852224308448
9,4,J=0.65,correlated_noise_fraction,0,3,pca_readout_recalibrated,1e-06,0.394403101112896
9,4,J=0.65,correlated_noise_fraction,0.5,1,zero_shot,1e-06,130.567262472286
9,4,J=0.65,correlated_noise_fraction,0.5,1,pca_readout_recalibrated,1e-06,0.395200236938822
9,4,J=0.65,correlated_noise_fraction,0.5,2,zero_shot,1e-06,131.165997909274
9,4,J=0.65,correlated_noise_fraction,0.5,2,pca_readout_recalibrated,1e-06,0.390643035279866
9,4,J=0.65,correlated_noise_fraction,0.5,3,zero_shot,1e-06,127.583195365356
9,4,J=0.65,correlated_noise_fraction,0.5,3,pca_readout_recalibrated,1e-06,0.392037848913329
9,4,J=0.65,correlated_noise_fraction,0.9,1,zero_shot,1e-06,165.184471589536
9,4,J=0.65,correlated_noise_fraction,0.9,1,pca_readout_recalibrated,1e-06,0.381680213886892
9,4,J=0.65,correlated_noise_fraction,0.9,2,zero_shot,1e-06,160.909236958573
9,4,J=0.65,correlated_noise_fraction,0.9,2,pca_readout_recalibrated,1e-06,0.38437270983877
9,4,J=0.65,correlated_noise_fraction,0.9,3,zero_shot,1e-06,161.849642456962
9,4,J=0.65,correlated_noise_fraction,0.9,3,pca_readout_recalibrated,1e-06,0.38635569331355
9,4,J=0.65,retained_channel_fraction,0.75,1,zero_shot,1e-06,15.9054618031095
9,4,J=0.65,retained_channel_fraction,0.75,1,pca_readout_recalibrated,1e-06,0.277926552685305
9,4,J=0.65,retained_channel_fraction,0.75,2,zero_shot,1e-06,15.3135447409034
9,4,J=0.65,retained_channel_fraction,0.75,2,pca_readout_recalibrated,1e-06,0.277958738733374
9,4,J=0.65,retained_channel_fraction,0.75,3,zero_shot,1e-06,13.0680220572764
9,4,J=0.65,retained_channel_fraction,0.75,3,pca_readout_recalibrated,1e-06,0.277190311520177
9,4,J=0.65,retained_channel_fraction,0.5,1,zero_shot,1e-06,22.159155936074
9,4,J=0.65,retained_channel_fraction,0.5,1,pca_readout_recalibrated,1e-06,0.278841533367395
9,4,J=0.65,retained_channel_fraction,0.5,2,zero_shot,1e-06,14.8079799593333
9,4,J=0.65,retained_channel_fraction,0.5,2,pca_readout_recalibrated,1e-06,0.281582404539952
9,4,J=0.65,retained_channel_fraction,0.5,3,zero_shot,1e-06,21.0281375135842
9,4,J=0.65,retained_channel_fraction,0.5,3,pca_readout_recalibrated,1e-06,0.280651476812224
9,4,J=0.65,retained_channel_fraction,0.25,1,zero_shot,1e-06,13.8502509248254
9,4,J=0.65,retained_channel_fraction,0.25,1,pca_readout_recalibrated,1e-06,0.282535176480713
9,4,J=0.65,retained_channel_fraction,0.25,2,zero_shot,1e-06,25.3089625042232
9,4,J=0.65,retained_channel_fraction,0.25,2,pca_readout_recalibrated,1e-06,0.276570164450886
9,4,J=0.65,retained_channel_fraction,0.25,3,zero_shot,1e-06,24.2024916990708
9,4,J=0.65,retained_channel_fraction,0.25,3,pca_readout_recalibrated,1e-06,0.283244703408047
9,4,J=0.65,gain_mismatch_sigma,0.01,1,zero_shot,1e-06,23.3676142483226
9,4,J=0.65,gain_mismatch_sigma,0.01,1,pca_readout_recalibrated,1e-06,0.275792620472667
9,4,J=0.65,gain_mismatch_sigma,0.01,2,zero_shot,1e-06,7.79174944531459
9,4,J=0.65,gain_mismatch_sigma,0.01,2,pca_readout_recalibrated,1e-06,0.27579262045101
9,4,J=0.65,gain_mismatch_sigma,0.01,3,zero_shot,1e-06,11.6166865590948
9,4,J=0.65,gain_mismatch_sigma,0.01,3,pca_readout_recalibrated,1e-06,0.275792620483232
9,4,J=0.65,gain_mismatch_sigma,0.05,1,zero_shot,1e-06,5.14835375455583
9,4,J=0.65,gain_mismatch_sigma,0.05,1,pca_readout_recalibrated,1e-06,0.275792620464197
9,4,J=0.65,gain_mismatch_sigma,0.05,2,zero_shot,1e-06,3.41703446780416
9,4,J=0.65,gain_mismatch_sigma,0.05,2,pca_readout_recalibrated,1e-06,0.275792620477521
9,4,J=0.65,gain_mismatch_sigma,0.05,3,zero_shot,1e-06,78.4810795103577
9,4,J=0.65,gain_mismatch_sigma,0.05,3,pca_readout_recalibrated,1e-06,0.275792620470713
9,4,J=0.65,gain_mismatch_sigma,0.1,1,zero_shot,1e-06,119.811766397406
9,4,J=0.65,gain_mismatch_sigma,0.1,1,pca_readout_recalibrated,1e-06,0.275792620447306
9,4,J=0.65,gain_mismatch_sigma,0.1,2,zero_shot,1e-06,36.7107861307851
9,4,J=0.65,gain_mismatch_sigma,0.1,2,pca_readout_recalibrated,1e-06,0.275792620481334
9,4,J=0.65,gain_mismatch_sigma,0.1,3,zero_shot,1e-06,76.2825163708231
9,4,J=0.65,gain_mismatch_sigma,0.1,3,pca_readout_recalibrated,1e-06,0.2757926204658
9,4,J=0.65,sampling_jitter_fraction,0.01,1,zero_shot,1e-06,0.27579001558498
9,4,J=0.65,sampling_jitter_fraction,0.01,1,pca_readout_recalibrated,1e-06,0.275713527213603
9,4,J=0.65,sampling_jitter_fraction,0.01,2,zero_shot,1e-06,0.27579001558498
9,4,J=0.65,sampling_jitter_fraction,0.01,2,pca_readout_recalibrated,1e-06,0.275713527213603
9,4,J=0.65,sampling_jitter_fraction,0.01,3,zero_shot,1e-06,0.27579001558498
9,4,J=0.65,sampling_jitter_fraction,0.01,3,pca_readout_recalibrated,1e-06,0.275713527213603
9,4,J=0.65,sampling_jitter_fraction,0.05,1,zero_shot,1e-06,0.278033035917281
9,4,J=0.65,sampling_jitter_fraction,0.05,1,pca_readout_recalibrated,1e-06,0.275405914275052
9,4,J=0.65,sampling_jitter_fraction,0.05,2,zero_shot,1e-06,0.278033035917281
9,4,J=0.65,sampling_jitter_fraction,0.05,2,pca_readout_recalibrated,1e-06,0.275405914275052
9,4,J=0.65,sampling_jitter_fraction,0.05,3,zero_shot,1e-06,0.278033035917281
9,4,J=0.65,sampling_jitter_fraction,0.05,3,pca_readout_recalibrated,1e-06,0.275405914275052
9,4,J=0.65,sampling_jitter_fraction,0.1,1,zero_shot,1e-06,0.285767611237772
9,4,J=0.65,sampling_jitter_fraction,0.1,1,pca_readout_recalibrated,1e-06,0.275036635993336
9,4,J=0.65,sampling_jitter_fraction,0.1,2,zero_shot,1e-06,0.285767611237772
9,4,J=0.65,sampling_jitter_fraction,0.1,2,pca_readout_recalibrated,1e-06,0.275036635993336
9,4,J=0.65,sampling_jitter_fraction,0.1,3,zero_shot,1e-06,0.285767611237772
9,4,J=0.65,sampling_jitter_fraction,0.1,3,pca_readout_recalibrated,1e-06,0.275036635993336
9,4,J=0.65,failed_modes,1,1,zero_shot,1e-06,16.4140247534092
9,4,J=0.65,failed_modes,1,1,pca_readout_recalibrated,1e-06,0.274097442821044
9,4,J=0.65,failed_modes,1,2,zero_shot,1e-06,30.2815773411195
9,4,J=0.65,failed_modes,1,2,pca_readout_recalibrated,1e-06,0.27558032422745
9,4,J=0.65,failed_modes,1,3,zero_shot,1e-06,25.6952404115045
9,4,J=0.65,failed_modes,1,3,pca_readout_recalibrated,1e-06,0.272419413466931
9,4,J=0.65,failed_modes,2,1,zero_shot,1e-06,17.4316502669699
9,4,J=0.65,failed_modes,2,1,pca_readout_recalibrated,1e-06,0.276391543832165
9,4,J=0.65,failed_modes,2,2,zero_shot,1e-06,22.1518018894081
9,4,J=0.65,failed_modes,2,2,pca_readout_recalibrated,1e-06,0.274119304951109
9,4,J=0.65,failed_modes,2,3,zero_shot,1e-06,40.662791202485
9,4,J=0.65,failed_modes,2,3,pca_readout_recalibrated,1e-06,0.274418544882755
9,4,J=0.65,failed_modes,3,1,zero_shot,1e-06,28.9538497389693
9,4,J=0.65,failed_modes,3,1,pca_readout_recalibrated,1e-06,0.280889420501588
9,4,J=0.65,failed_modes,3,2,zero_shot,1e-06,23.0298318479102
9,4,J=0.65,failed_modes,3,2,pca_readout_recalibrated,1e-06,0.274276551140506
9,4,J=0.65,failed_modes,3,3,zero_shot,1e-06,26.9631919187839
9,4,J=0.65,failed_modes,3,3,pca_readout_recalibrated,1e-06,0.277404691695078
10,1,J=0,clean,0,1,zero_shot,0.215443469003188,0.304991900771122
10,1,J=0,detector_snr_db,40,1,zero_shot,0.215443469003188,0.355890299628909
10,1,J=0,detector_snr_db,40,1,pca_readout_recalibrated,0.215443469003188,0.31476004006131
10,1,J=0,detector_snr_db,40,2,zero_shot,0.215443469003188,0.356370218753149
10,1,J=0,detector_snr_db,40,2,pca_readout_recalibrated,0.215443469003188,0.314680175206297
10,1,J=0,detector_snr_db,40,3,zero_shot,0.215443469003188,0.358648981180553
10,1,J=0,detector_snr_db,40,3,pca_readout_recalibrated,0.215443469003188,0.316635115662181
10,1,J=0,detector_snr_db,30,1,zero_shot,0.215443469003188,0.669638757734562
10,1,J=0,detector_snr_db,30,1,pca_readout_recalibrated,0.215443469003188,0.335783884352275
10,1,J=0,detector_snr_db,30,2,zero_shot,0.215443469003188,0.652583435948502
10,1,J=0,detector_snr_db,30,2,pca_readout_recalibrated,0.215443469003188,0.331361706237176
10,1,J=0,detector_snr_db,30,3,zero_shot,0.215443469003188,0.659001415993823
10,1,J=0,detector_snr_db,30,3,pca_readout_recalibrated,0.215443469003188,0.333750697555869
10,1,J=0,detector_snr_db,20,1,zero_shot,0.215443469003188,1.88686803234931
10,1,J=0,detector_snr_db,20,1,pca_readout_recalibrated,0.215443469003188,0.353525815857783
10,1,J=0,detector_snr_db,20,2,zero_shot,0.215443469003188,1.86222178305388
10,1,J=0,detector_snr_db,20,2,pca_readout_recalibrated,0.215443469003188,0.357900514919989
10,1,J=0,detector_snr_db,20,3,zero_shot,0.215443469003188,1.84459034575466
10,1,J=0,detector_snr_db,20,3,pca_readout_recalibrated,0.215443469003188,0.354911899639085
10,1,J=0,shot_noise_photons,100000,1,zero_shot,0.215443469003188,0.307846754668823
10,1,J=0,shot_noise_photons,100000,1,pca_readout_recalibrated,0.215443469003188,0.307075904496108
10,1,J=0,shot_noise_photons,100000,2,zero_shot,0.215443469003188,0.307820545028
10,1,J=0,shot_noise_photons,100000,2,pca_readout_recalibrated,0.215443469003188,0.30672967233295
10,1,J=0,shot_noise_photons,100000,3,zero_shot,0.215443469003188,0.307554424866039
10,1,J=0,shot_noise_photons,100000,3,pca_readout_recalibrated,0.215443469003188,0.306084852495144
10,1,J=0,shot_noise_photons,10000,1,zero_shot,0.215443469003188,0.330492695467506
10,1,J=0,shot_noise_photons,10000,1,pca_readout_recalibrated,0.215443469003188,0.31097479599672
10,1,J=0,shot_noise_photons,10000,2,zero_shot,0.215443469003188,0.328753960803501
10,1,J=0,shot_noise_photons,10000,2,pca_readout_recalibrated,0.215443469003188,0.310677227695669
10,1,J=0,shot_noise_photons,10000,3,zero_shot,0.215443469003188,0.330773449204511
10,1,J=0,shot_noise_photons,10000,3,pca_readout_recalibrated,0.215443469003188,0.310132239554958
10,1,J=0,shot_noise_photons,1000,1,zero_shot,0.215443469003188,0.513156226156151
10,1,J=0,shot_noise_photons,1000,1,pca_readout_recalibrated,0.215443469003188,0.325631297178214
10,1,J=0,shot_noise_photons,1000,2,zero_shot,0.215443469003188,0.513845843847174
10,1,J=0,shot_noise_photons,1000,2,pca_readout_recalibrated,0.215443469003188,0.323953711480455
10,1,J=0,shot_noise_photons,1000,3,zero_shot,0.215443469003188,0.511858775197914
10,1,J=0,shot_noise_photons,1000,3,pca_readout_recalibrated,0.215443469003188,0.327364892627714
10,1,J=0,quantization_bits,12,1,zero_shot,0.215443469003188,0.305688783422767
10,1,J=0,quantization_bits,12,1,pca_readout_recalibrated,0.215443469003188,0.305681599759309
10,1,J=0,quantization_bits,12,2,zero_shot,0.215443469003188,0.305688783422767
10,1,J=0,quantization_bits,12,2,pca_readout_recalibrated,0.215443469003188,0.305681599759309
10,1,J=0,quantization_bits,12,3,zero_shot,0.215443469003188,0.305688783422767
10,1,J=0,quantization_bits,12,3,pca_readout_recalibrated,0.215443469003188,0.305681599759309
10,1,J=0,quantization_bits,8,1,zero_shot,0.215443469003188,0.307073702595076
10,1,J=0,quantization_bits,8,1,pca_readout_recalibrated,0.215443469003188,0.306504155532977
10,1,J=0,quantization_bits,8,2,zero_shot,0.215443469003188,0.307073702595076
10,1,J=0,quantization_bits,8,2,pca_readout_recalibrated,0.215443469003188,0.306504155532977
10,1,J=0,quantization_bits,8,3,zero_shot,0.215443469003188,0.307073702595076
10,1,J=0,quantization_bits,8,3,pca_readout_recalibrated,0.215443469003188,0.306504155532977
10,1,J=0,quantization_bits,6,1,zero_shot,0.215443469003188,0.316903004943171
10,1,J=0,quantization_bits,6,1,pca_readout_recalibrated,0.215443469003188,0.309686521759578
10,1,J=0,quantization_bits,6,2,zero_shot,0.215443469003188,0.316903004943171
10,1,J=0,quantization_bits,6,2,pca_readout_recalibrated,0.215443469003188,0.309686521759578
10,1,J=0,quantization_bits,6,3,zero_shot,0.215443469003188,0.316903004943171
10,1,J=0,quantization_bits,6,3,pca_readout_recalibrated,0.215443469003188,0.309686521759578
10,1,J=0,correlated_noise_fraction,0,1,zero_shot,0.215443469003188,0.65404487498128
10,1,J=0,correlated_noise_fraction,0,1,pca_readout_recalibrated,0.215443469003188,0.329530794332807
10,1,J=0,correlated_noise_fraction,0,2,zero_shot,0.215443469003188,0.648945380073737
10,1,J=0,correlated_noise_fraction,0,2,pca_readout_recalibrated,0.215443469003188,0.332779037242178
10,1,J=0,correlated_noise_fraction,0,3,zero_shot,0.215443469003188,0.652128030776684
10,1,J=0,correlated_noise_fraction,0,3,pca_readout_recalibrated,0.215443469003188,0.330954181151877
10,1,J=0,correlated_noise_fraction,0.5,1,zero_shot,0.215443469003188,0.770420060499447
10,1,J=0,correlated_noise_fraction,0.5,1,pca_readout_recalibrated,0.215443469003188,0.323515490723717
10,1,J=0,correlated_noise_fraction,0.5,2,zero_shot,0.215443469003188,0.781458570090722
10,1,J=0,correlated_noise_fraction,0.5,2,pca_readout_recalibrated,0.215443469003188,0.324251349949557
10,1,J=0,correlated_noise_fraction,0.5,3,zero_shot,0.215443469003188,0.773274530644604
10,1,J=0,correlated_noise_fraction,0.5,3,pca_readout_recalibrated,0.215443469003188,0.324422609296398
10,1,J=0,correlated_noise_fraction,0.9,1,zero_shot,0.215443469003188,0.867157800025716
10,1,J=0,correlated_noise_fraction,0.9,1,pca_readout_recalibrated,0.215443469003188,0.314384736770586
10,1,J=0,correlated_noise_fraction,0.9,2,zero_shot,0.215443469003188,0.873668481058644
10,1,J=0,correlated_noise_fraction,0.9,2,pca_readout_recalibrated,0.215443469003188,0.313684346463047
10,1,J=0,correlated_noise_fraction,0.9,3,zero_shot,0.215443469003188,0.852197389100195
10,1,J=0,correlated_noise_fraction,0.9,3,pca_readout_recalibrated,0.215443469003188,0.31116797057181
10,1,J=0,retained_channel_fraction,0.75,1,zero_shot,0.215443469003188,0.915859403916217
10,1,J=0,retained_channel_fraction,0.75,1,pca_readout_recalibrated,0.215443469003188,0.305347892000586
10,1,J=0,retained_channel_fraction,0.75,2,zero_shot,0.215443469003188,0.660306888221639
10,1,J=0,retained_channel_fraction,0.75,2,pca_readout_recalibrated,0.215443469003188,0.304904731866752
10,1,J=0,retained_channel_fraction,0.75,3,zero_shot,0.215443469003188,0.792820328909968
10,1,J=0,retained_channel_fraction,0.75,3,pca_readout_recalibrated,0.215443469003188,0.305690526835152
10,1,J=0,retained_channel_fraction,0.5,1,zero_shot,0.215443469003188,0.941987620569829
10,1,J=0,retained_channel_fraction,0.5,1,pca_readout_recalibrated,0.215443469003188,0.305134623389019
10,1,J=0,retained_channel_fraction,0.5,2,zero_shot,0.215443469003188,1.29298885052437
10,1,J=0,retained_channel_fraction,0.5,2,pca_readout_recalibrated,0.215443469003188,0.3055898617093
10,1,J=0,retained_channel_fraction,0.5,3,zero_shot,0.215443469003188,0.74268986552827
10,1,J=0,retained_channel_fraction,0.5,3,pca_readout_recalibrated,0.215443469003188,0.305655390563747
10,1,J=0,retained_channel_fraction,0.25,1,zero_shot,0.215443469003188,0.893246806978084
10,1,J=0,retained_channel_fraction,0.25,1,pca_readout_recalibrated,0.215443469003188,0.304219599379159
10,1,J=0,retained_channel_fraction,0.25,2,zero_shot,0.215443469003188,0.905600366488409
10,1,J=0,retained_channel_fraction,0.25,2,pca_readout_recalibrated,0.215443469003188,0.305858692929459
10,1,J=0,retained_channel_fraction,0.25,3,zero_shot,0.215443469003188,0.958866711239504
10,1,J=0,retained_channel_fraction,0.25,3,pca_readout_recalibrated,0.215443469003188,0.306428456696767
10,1,J=0,gain_mismatch_sigma,0.01,1,zero_shot,0.215443469003188,0.313332704250817
10,1,J=0,gain_mismatch_sigma,0.01,1,pca_readout_recalibrated,0.215443469003188,0.304991900771131
10,1,J=0,gain_mismatch_sigma,0.01,2,zero_shot,0.215443469003188,0.311325504823168
10,1,J=0,gain_mismatch_sigma,0.01,2,pca_readout_recalibrated,0.215443469003188,0.304991900771119
10,1,J=0,gain_mismatch_sigma,0.01,3,zero_shot,0.215443469003188,0.331007630053577
10,1,J=0,gain_mismatch_sigma,0.01,3,pca_readout_recalibrated,0.215443469003188,0.304991900771126
10,1,J=0,gain_mismatch_sigma,0.05,1,zero_shot,0.215443469003188,0.549991548699898
10,1,J=0,gain_mismatch_sigma,0.05,1,pca_readout_recalibrated,0.215443469003188,0.304991900771128
10,1,J=0,gain_mismatch_sigma,0.05,2,zero_shot,0.215443469003188,0.626567391771645
10,1,J=0,gain_mismatch_sigma,0.05,2,pca_readout_recalibrated,0.215443469003188,0.304991900771138
10,1,J=0,gain_mismatch_sigma,0.05,3,zero_shot,0.215443469003188,0.943713909219472
10,1,J=0,gain_mismatch_sigma,0.05,3,pca_readout_recalibrated,0.215443469003188,0.304991900771147
10,1,J=0,gain_mismatch_sigma,0.1,1,zero_shot,0.215443469003188,3.51299849119721
10,1,J=0,gain_mismatch_sigma,0.1,1,pca_readout_recalibrated,0.215443469003188,0.304991900771129
10,1,J=0,gain_mismatch_sigma,0.1,2,zero_shot,0.215443469003188,0.788173481263681
10,1,J=0,gain_mismatch_sigma,0.1,2,pca_readout_recalibrated,0.215443469003188,0.304991900771166
10,1,J=0,gain_mismatch_sigma,0.1,3,zero_shot,0.215443469003188,0.52123987748316
10,1,J=0,gain_mismatch_sigma,0.1,3,pca_readout_recalibrated,0.215443469003188,0.30499190077113
10,1,J=0,sampling_jitter_fraction,0.01,1,zero_shot,0.215443469003188,0.30517766535202
10,1,J=0,sampling_jitter_fraction,0.01,1,pca_readout_recalibrated,0.215443469003188,0.304969993320724
10,1,J=0,sampling_jitter_fraction,0.01,2,zero_shot,0.215443469003188,0.30517766535202
10,1,J=0,sampling_jitter_fraction,0.01,2,pca_readout_recalibrated,0.215443469003188,0.304969993320724
10,1,J=0,sampling_jitter_fraction,0.01,3,zero_shot,0.215443469003188,0.30517766535202
10,1,J=0,sampling_jitter_fraction,0.01,3,pca_readout_recalibrated,0.215443469003188,0.304969993320724
10,1,J=0,sampling_jitter_fraction,0.05,1,zero_shot,0.215443469003188,0.308177957063439
10,1,J=0,sampling_jitter_fraction,0.05,1,pca_readout_recalibrated,0.215443469003188,0.30488163588987
10,1,J=0,sampling_jitter_fraction,0.05,2,zero_shot,0.215443469003188,0.308177957063439
10,1,J=0,sampling_jitter_fraction,0.05,2,pca_readout_recalibrated,0.215443469003188,0.30488163588987
10,1,J=0,sampling_jitter_fraction,0.05,3,zero_shot,0.215443469003188,0.308177957063439
10,1,J=0,sampling_jitter_fraction,0.05,3,pca_readout_recalibrated,0.215443469003188,0.30488163588987
10,1,J=0,sampling_jitter_fraction,0.1,1,zero_shot,0.215443469003188,0.316850725802461
10,1,J=0,sampling_jitter_fraction,0.1,1,pca_readout_recalibrated,0.215443469003188,0.304777171877751
10,1,J=0,sampling_jitter_fraction,0.1,2,zero_shot,0.215443469003188,0.316850725802461
10,1,J=0,sampling_jitter_fraction,0.1,2,pca_readout_recalibrated,0.215443469003188,0.304777171877751
10,1,J=0,sampling_jitter_fraction,0.1,3,zero_shot,0.215443469003188,0.316850725802461
10,1,J=0,sampling_jitter_fraction,0.1,3,pca_readout_recalibrated,0.215443469003188,0.304777171877751
10,1,J=0,failed_modes,1,1,zero_shot,0.215443469003188,0.429312516302267
10,1,J=0,failed_modes,1,1,pca_readout_recalibrated,0.215443469003188,0.304372729226128
10,1,J=0,failed_modes,1,2,zero_shot,0.215443469003188,1.10310043179538
10,1,J=0,failed_modes,1,2,pca_readout_recalibrated,0.215443469003188,0.304516977087878
10,1,J=0,failed_modes,1,3,zero_shot,0.215443469003188,0.716978913398238
10,1,J=0,failed_modes,1,3,pca_readout_recalibrated,0.215443469003188,0.304872749795209
10,1,J=0,failed_modes,2,1,zero_shot,0.215443469003188,0.726659474092744
10,1,J=0,failed_modes,2,1,pca_readout_recalibrated,0.215443469003188,0.304564423695503
10,1,J=0,failed_modes,2,2,zero_shot,0.215443469003188,0.509859543412887
10,1,J=0,failed_modes,2,2,pca_readout_recalibrated,0.215443469003188,0.304382201282018
10,1,J=0,failed_modes,2,3,zero_shot,0.215443469003188,1.06261864310333
10,1,J=0,failed_modes,2,3,pca_readout_recalibrated,0.215443469003188,0.306085968727124
10,1,J=0,failed_modes,3,1,zero_shot,0.215443469003188,0.895535196354363
10,1,J=0,failed_modes,3,1,pca_readout_recalibrated,0.215443469003188,0.31462697878698
10,1,J=0,failed_modes,3,2,zero_shot,0.215443469003188,0.58677650368456
10,1,J=0,failed_modes,3,2,pca_readout_recalibrated,0.215443469003188,0.30361761435239
10,1,J=0,failed_modes,3,3,zero_shot,0.215443469003188,1.01649921060531
10,1,J=0,failed_modes,3,3,pca_readout_recalibrated,0.215443469003188,0.31412320194955
10,4,J=0.65,clean,0,1,zero_shot,0.01,0.273798654905114
10,4,J=0.65,detector_snr_db,40,1,zero_shot,0.01,0.433516164118546
10,4,J=0.65,detector_snr_db,40,1,pca_readout_recalibrated,0.01,0.299728756008822
10,4,J=0.65,detector_snr_db,40,2,zero_shot,0.01,0.425456492887298
10,4,J=0.65,detector_snr_db,40,2,pca_readout_recalibrated,0.01,0.299725291483269
10,4,J=0.65,detector_snr_db,40,3,zero_shot,0.01,0.434671827891683
10,4,J=0.65,detector_snr_db,40,3,pca_readout_recalibrated,0.01,0.301010754660727
10,4,J=0.65,detector_snr_db,30,1,zero_shot,0.01,1.08349825059112
10,4,J=0.65,detector_snr_db,30,1,pca_readout_recalibrated,0.01,0.332470845564859
10,4,J=0.65,detector_snr_db,30,2,zero_shot,0.01,1.06880690690085
10,4,J=0.65,detector_snr_db,30,2,pca_readout_recalibrated,0.01,0.340247855859133
10,4,J=0.65,detector_snr_db,30,3,zero_shot,0.01,1.0681835000761
10,4,J=0.65,detector_snr_db,30,3,pca_readout_recalibrated,0.01,0.336904655468285
10,4,J=0.65,detector_snr_db,20,1,zero_shot,0.01,3.25108420239355
10,4,J=0.65,detector_snr_db,20,1,pca_readout_recalibrated,0.01,0.373493776566447
10,4,J=0.65,detector_snr_db,20,2,zero_shot,0.01,3.30419720256352
10,4,J=0.65,detector_snr_db,20,2,pca_readout_recalibrated,0.01,0.376325674740989
10,4,J=0.65,detector_snr_db,20,3,zero_shot,0.01,3.25179802830822
10,4,J=0.65,detector_snr_db,20,3,pca_readout_recalibrated,0.01,0.378418554941715
10,4,J=0.65,shot_noise_photons,100000,1,zero_shot,0.01,0.283246511065963
10,4,J=0.65,shot_noise_photons,100000,1,pca_readout_recalibrated,0.01,0.278399427443406
10,4,J=0.65,shot_noise_photons,100000,2,zero_shot,0.01,0.280604067628771
10,4,J=0.65,shot_noise_photons,100000,2,pca_readout_recalibrated,0.01,0.276797787794495
10,4,J=0.65,shot_noise_photons,100000,3,zero_shot,0.01,0.28388625000217
10,4,J=0.65,shot_noise_photons,100000,3,pca_readout_recalibrated,0.01,0.278892301461385
10,4,J=0.65,shot_noise_photons,10000,1,zero_shot,0.01,0.361159467526043
10,4,J=0.65,shot_noise_photons,10000,1,pca_readout_recalibrated,0.01,0.293120676621259
10,4,J=0.65,shot_noise_photons,10000,2,zero_shot,0.01,0.355787031838782
10,4,J=0.65,shot_noise_photons,10000,2,pca_readout_recalibrated,0.01,0.291240644927485
10,4,J=0.65,shot_noise_photons,10000,3,zero_shot,0.01,0.361414236975253
10,4,J=0.65,shot_noise_photons,10000,3,pca_readout_recalibrated,0.01,0.294708371890741
10,4,J=0.65,shot_noise_photons,1000,1,zero_shot,0.01,0.785842337763508
10,4,J=0.65,shot_noise_photons,1000,1,pca_readout_recalibrated,0.01,0.324891004639177
10,4,J=0.65,shot_noise_photons,1000,2,zero_shot,0.01,0.787121468086321
10,4,J=0.65,shot_noise_photons,1000,2,pca_readout_recalibrated,0.01,0.327096991115762
10,4,J=0.65,shot_noise_photons,1000,3,zero_shot,0.01,0.78294307889006
10,4,J=0.65,shot_noise_photons,1000,3,pca_readout_recalibrated,0.01,0.322947613787973
10,4,J=0.65,quantization_bits,12,1,zero_shot,0.01,0.274252329725414
10,4,J=0.65,quantization_bits,12,1,pca_readout_recalibrated,0.01,0.27424178423297
10,4,J=0.65,quantization_bits,12,2,zero_shot,0.01,0.274252329725414
10,4,J=0.65,quantization_bits,12,2,pca_readout_recalibrated,0.01,0.27424178423297
10,4,J=0.65,quantization_bits,12,3,zero_shot,0.01,0.274252329725414
10,4,J=0.65,quantization_bits,12,3,pca_readout_recalibrated,0.01,0.27424178423297
10,4,J=0.65,quantization_bits,8,1,zero_shot,0.01,0.275878449120755
10,4,J=0.65,quantization_bits,8,1,pca_readout_recalibrated,0.01,0.275251099781657
10,4,J=0.65,quantization_bits,8,2,zero_shot,0.01,0.275878449120755
10,4,J=0.65,quantization_bits,8,2,pca_readout_recalibrated,0.01,0.275251099781657
10,4,J=0.65,quantization_bits,8,3,zero_shot,0.01,0.275878449120755
10,4,J=0.65,quantization_bits,8,3,pca_readout_recalibrated,0.01,0.275251099781657
10,4,J=0.65,quantization_bits,6,1,zero_shot,0.01,0.304472258682735
10,4,J=0.65,quantization_bits,6,1,pca_readout_recalibrated,0.01,0.282509706368882
10,4,J=0.65,quantization_bits,6,2,zero_shot,0.01,0.304472258682735
10,4,J=0.65,quantization_bits,6,2,pca_readout_recalibrated,0.01,0.282509706368882
10,4,J=0.65,quantization_bits,6,3,zero_shot,0.01,0.304472258682735
10,4,J=0.65,quantization_bits,6,3,pca_readout_recalibrated,0.01,0.282509706368882
10,4,J=0.65,correlated_noise_fraction,0,1,zero_shot,0.01,1.07538284953294
10,4,J=0.65,correlated_noise_fraction,0,1,pca_readout_recalibrated,0.01,0.335980217210811
10,4,J=0.65,correlated_noise_fraction,0,2,zero_shot,0.01,1.08701359336529
10,4,J=0.65,correlated_noise_fraction,0,2,pca_readout_recalibrated,0.01,0.332322584551912
10,4,J=0.65,correlated_noise_fraction,0,3,zero_shot,0.01,1.08673894807314
10,4,J=0.65,correlated_noise_fraction,0,3,pca_readout_recalibrated,0.01,0.336478488335908
10,4,J=0.65,correlated_noise_fraction,0.5,1,zero_shot,0.01,2.16013040155134
10,4,J=0.65,correlated_noise_fraction,0.5,1,pca_readout_recalibrated,0.01,0.324885948078604
10,4,J=0.65,correlated_noise_fraction,0.5,2,zero_shot,0.01,2.25390731015065
10,4,J=0.65,correlated_noise_fraction,0.5,2,pca_readout_recalibrated,0.01,0.323604053126435
10,4,J=0.65,correlated_noise_fraction,0.5,3,zero_shot,0.01,2.15628833482199
10,4,J=0.65,correlated_noise_fraction,0.5,3,pca_readout_recalibrated,0.01,0.324110905598211
10,4,J=0.65,correlated_noise_fraction,0.9,1,zero_shot,0.01,2.65236341048228
10,4,J=0.65,correlated_noise_fraction,0.9,1,pca_readout_recalibrated,0.01,0.298243484415964
10,4,J=0.65,correlated_noise_fraction,0.9,2,zero_shot,0.01,2.67584070387231
10,4,J=0.65,correlated_noise_fraction,0.9,2,pca_readout_recalibrated,0.01,0.298134103387381
10,4,J=0.65,correlated_noise_fraction,0.9,3,zero_shot,0.01,2.64579443646077
10,4,J=0.65,correlated_noise_fraction,0.9,3,pca_readout_recalibrated,0.01,0.303001804046417
10,4,J=0.65,retained_channel_fraction,0.75,1,zero_shot,0.01,1.81235227148756
10,4,J=0.65,retained_channel_fraction,0.75,1,pca_readout_recalibrated,0.01,0.27466503371914
10,4,J=0.65,retained_channel_fraction,0.75,2,zero_shot,0.01,2.21027757752611
10,4,J=0.65,retained_channel_fraction,0.75,2,pca_readout_recalibrated,0.01,0.275782200503118
10,4,J=0.65,retained_channel_fraction,0.75,3,zero_shot,0.01,2.01291015227241
10,4,J=0.65,retained_channel_fraction,0.75,3,pca_readout_recalibrated,0.01,0.273241915602652
10,4,J=0.65,retained_channel_fraction,0.5,1,zero_shot,0.01,1.60495173788327
10,4,J=0.65,retained_channel_fraction,0.5,1,pca_readout_recalibrated,0.01,0.275411273747831
10,4,J=0.65,retained_channel_fraction,0.5,2,zero_shot,0.01,2.28628307686349
10,4,J=0.65,retained_channel_fraction,0.5,2,pca_readout_recalibrated,0.01,0.272806033256054
10,4,J=0.65,retained_channel_fraction,0.5,3,zero_shot,0.01,1.75820085859251
10,4,J=0.65,retained_channel_fraction,0.5,3,pca_readout_recalibrated,0.01,0.274904546650292
10,4,J=0.65,retained_channel_fraction,0.25,1,zero_shot,0.01,1.72411858186507
10,4,J=0.65,retained_channel_fraction,0.25,1,pca_readout_recalibrated,0.01,0.274702825443225
10,4,J=0.65,retained_channel_fraction,0.25,2,zero_shot,0.01,1.82732730078548
10,4,J=0.65,retained_channel_fraction,0.25,2,pca_readout_recalibrated,0.01,0.276499244297673
10,4,J=0.65,retained_channel_fraction,0.25,3,zero_shot,0.01,1.64050699668512
10,4,J=0.65,retained_channel_fraction,0.25,3,pca_readout_recalibrated,0.01,0.276231293134858
10,4,J=0.65,gain_mismatch_sigma,0.01,1,zero_shot,0.01,0.27795172203318
10,4,J=0.65,gain_mismatch_sigma,0.01,1,pca_readout_recalibrated,0.01,0.273798654904832
10,4,J=0.65,gain_mismatch_sigma,0.01,2,zero_shot,0.01,0.287915946607129
10,4,J=0.65,gain_mismatch_sigma,0.01,2,pca_readout_recalibrated,0.01,0.273798654904874
10,4,J=0.65,gain_mismatch_sigma,0.01,3,zero_shot,0.01,0.275351535163503
10,4,J=0.65,gain_mismatch_sigma,0.01,3,pca_readout_recalibrated,0.01,0.273798654904829
10,4,J=0.65,gain_mismatch_sigma,0.05,1,zero_shot,0.01,1.35686486218955
10,4,J=0.65,gain_mismatch_sigma,0.05,1,pca_readout_recalibrated,0.01,0.273798654905016
10,4,J=0.65,gain_mismatch_sigma,0.05,2,zero_shot,0.01,1.52407762474718
10,4,J=0.65,gain_mismatch_sigma,0.05,2,pca_readout_recalibrated,0.01,0.273798654905152
10,4,J=0.65,gain_mismatch_sigma,0.05,3,zero_shot,0.01,1.12715383431487
10,4,J=0.65,gain_mismatch_sigma,0.05,3,pca_readout_recalibrated,0.01,0.273798654905073
10,4,J=0.65,gain_mismatch_sigma,0.1,1,zero_shot,0.01,2.24779894144955
10,4,J=0.65,gain_mismatch_sigma,0.1,1,pca_readout_recalibrated,0.01,0.273798654904832
10,4,J=0.65,gain_mismatch_sigma,0.1,2,zero_shot,0.01,4.37709304571026
10,4,J=0.65,gain_mismatch_sigma,0.1,2,pca_readout_recalibrated,0.01,0.273798654904761
10,4,J=0.65,gain_mismatch_sigma,0.1,3,zero_shot,0.01,2.08654127594689
10,4,J=0.65,gain_mismatch_sigma,0.1,3,pca_readout_recalibrated,0.01,0.273798654904722
10,4,J=0.65,sampling_jitter_fraction,0.01,1,zero_shot,0.01,0.273990978642855
10,4,J=0.65,sampling_jitter_fraction,0.01,1,pca_readout_recalibrated,0.01,0.273727370333579
10,4,J=0.65,sampling_jitter_fraction,0.01,2,zero_shot,0.01,0.273990978642855
10,4,J=0.65,sampling_jitter_fraction,0.01,2,pca_readout_recalibrated,0.01,0.273727370333579
10,4,J=0.65,sampling_jitter_fraction,0.01,3,zero_shot,0.01,0.273990978642855
10,4,J=0.65,sampling_jitter_fraction,0.01,3,pca_readout_recalibrated,0.01,0.273727370333579
10,4,J=0.65,sampling_jitter_fraction,0.05,1,zero_shot,0.01,0.277366245364063
10,4,J=0.65,sampling_jitter_fraction,0.05,1,pca_readout_recalibrated,0.01,0.273413129838486
10,4,J=0.65,sampling_jitter_fraction,0.05,2,zero_shot,0.01,0.277366245364063
10,4,J=0.65,sampling_jitter_fraction,0.05,2,pca_readout_recalibrated,0.01,0.273413129838486
10,4,J=0.65,sampling_jitter_fraction,0.05,3,zero_shot,0.01,0.277366245364063
10,4,J=0.65,sampling_jitter_fraction,0.05,3,pca_readout_recalibrated,0.01,0.273413129838486
10,4,J=0.65,sampling_jitter_fraction,0.1,1,zero_shot,0.01,0.287223396388404
10,4,J=0.65,sampling_jitter_fraction,0.1,1,pca_readout_recalibrated,0.01,0.272946628729452
10,4,J=0.65,sampling_jitter_fraction,0.1,2,zero_shot,0.01,0.287223396388404
10,4,J=0.65,sampling_jitter_fraction,0.1,2,pca_readout_recalibrated,0.01,0.272946628729452
10,4,J=0.65,sampling_jitter_fraction,0.1,3,zero_shot,0.01,0.287223396388404
10,4,J=0.65,sampling_jitter_fraction,0.1,3,pca_readout_recalibrated,0.01,0.272946628729452
10,4,J=0.65,failed_modes,1,1,zero_shot,0.01,2.47858537875525
10,4,J=0.65,failed_modes,1,1,pca_readout_recalibrated,0.01,0.275410144325535
10,4,J=0.65,failed_modes,1,2,zero_shot,0.01,2.87515277514907
10,4,J=0.65,failed_modes,1,2,pca_readout_recalibrated,0.01,0.275471924434732
10,4,J=0.65,failed_modes,1,3,zero_shot,0.01,1.66528641920818
10,4,J=0.65,failed_modes,1,3,pca_readout_recalibrated,0.01,0.274789906404201
10,4,J=0.65,failed_modes,2,1,zero_shot,0.01,3.60240695627124
10,4,J=0.65,failed_modes,2,1,pca_readout_recalibrated,0.01,0.274643978337023
10,4,J=0.65,failed_modes,2,2,zero_shot,0.01,3.43755989872794
10,4,J=0.65,failed_modes,2,2,pca_readout_recalibrated,0.01,0.274618382599487
10,4,J=0.65,failed_modes,2,3,zero_shot,0.01,2.74497746804371
10,4,J=0.65,failed_modes,2,3,pca_readout_recalibrated,0.01,0.272045987956265
10,4,J=0.65,failed_modes,3,1,zero_shot,0.01,3.47237788864058
10,4,J=0.65,failed_modes,3,1,pca_readout_recalibrated,0.01,0.271572609403991
10,4,J=0.65,failed_modes,3,2,zero_shot,0.01,2.08433142119449
10,4,J=0.65,failed_modes,3,2,pca_readout_recalibrated,0.01,0.276998653701596
10,4,J=0.65,failed_modes,3,3,zero_shot,0.01,3.18588346533305
10,4,J=0.65,failed_modes,3,3,pca_readout_recalibrated,0.01,0.274896955876842
