seedIndex,conditionIndex,condition,capacityType,lagA,lagB,capacity
1,1,"J=0, heterogeneous, both",linear,1,0,0.836134794966588
1,1,"J=0, heterogeneous, both",linear,2,0,0.414256173005344
1,1,"J=0, heterogeneous, both",linear,3,0,0.41306755537709
1,1,"J=0, heterogeneous, both",linear,4,0,0.341080618901263
1,1,"J=0, heterogeneous, both",linear,5,0,0.330528505810558
1,1,"J=0, heterogeneous, both",linear,6,0,0.328761263288032
1,1,"J=0, heterogeneous, both",linear,7,0,0.306012908755311
1,1,"J=0, heterogeneous, both",linear,8,0,0.301127795531699
1,1,"J=0, heterogeneous, both",linear,9,0,0.301407306552571
1,1,"J=0, heterogeneous, both",linear,10,0,0.292654959323628
1,1,"J=0, heterogeneous, both",linear,11,0,0.28962971262239
1,1,"J=0, heterogeneous, both",linear,12,0,0.291422252969944
1,1,"J=0, heterogeneous, both",linear,13,0,0.290247359848606
1,1,"J=0, heterogeneous, both",linear,14,0,0.282804432951032
1,1,"J=0, heterogeneous, both",linear,15,0,0.281916344041521
1,1,"J=0, heterogeneous, both",linear,16,0,0.281893424678375
1,1,"J=0, heterogeneous, both",linear,17,0,0.276057660338181
1,1,"J=0, heterogeneous, both",linear,18,0,0.271519500580895
1,1,"J=0, heterogeneous, both",linear,19,0,0.272794111026886
1,1,"J=0, heterogeneous, both",linear,20,0,0.27529019403507
1,1,"J=0, heterogeneous, both",quadratic,1,1,0
1,1,"J=0, heterogeneous, both",quadratic,2,2,0
1,1,"J=0, heterogeneous, both",quadratic,3,3,0.000222747082190611
1,1,"J=0, heterogeneous, both",quadratic,4,4,0.0013710760459007
1,1,"J=0, heterogeneous, both",quadratic,5,5,0.00247166271748256
1,1,"J=0, heterogeneous, both",quadratic,6,6,5.62211899364229e-05
1,1,"J=0, heterogeneous, both",quadratic,7,7,0
1,1,"J=0, heterogeneous, both",quadratic,8,8,0
1,1,"J=0, heterogeneous, both",quadratic,9,9,0
1,1,"J=0, heterogeneous, both",quadratic,10,10,0
1,1,"J=0, heterogeneous, both",cross_product,1,2,0.000782197624630276
1,1,"J=0, heterogeneous, both",cross_product,1,3,0.00489428649114321
1,1,"J=0, heterogeneous, both",cross_product,1,4,0.0165332914867118
1,1,"J=0, heterogeneous, both",cross_product,1,5,0.00567984990544512
1,1,"J=0, heterogeneous, both",cross_product,1,6,8.062134890785e-05
1,1,"J=0, heterogeneous, both",cross_product,1,7,0.000627488497137452
1,1,"J=0, heterogeneous, both",cross_product,1,8,0
1,1,"J=0, heterogeneous, both",cross_product,1,9,0.0101899848296974
1,1,"J=0, heterogeneous, both",cross_product,1,10,0.00845189689873793
1,1,"J=0, heterogeneous, both",cross_product,2,3,0.00356212567331005
1,1,"J=0, heterogeneous, both",cross_product,2,4,0.00768564726427245
1,1,"J=0, heterogeneous, both",cross_product,2,5,0.0120615273008482
1,1,"J=0, heterogeneous, both",cross_product,2,6,0.00316733454854834
1,1,"J=0, heterogeneous, both",cross_product,2,7,0
1,1,"J=0, heterogeneous, both",cross_product,2,8,0.00173052399542106
1,1,"J=0, heterogeneous, both",cross_product,2,9,0
1,1,"J=0, heterogeneous, both",cross_product,2,10,0.0142324433364018
1,1,"J=0, heterogeneous, both",cross_product,3,4,0.00632537143380563
1,1,"J=0, heterogeneous, both",cross_product,3,5,0.00649115805726974
1,1,"J=0, heterogeneous, both",cross_product,3,6,0.00516853895258684
1,1,"J=0, heterogeneous, both",cross_product,3,7,0
1,1,"J=0, heterogeneous, both",cross_product,3,8,0
1,1,"J=0, heterogeneous, both",cross_product,3,9,0.00598732834323701
1,1,"J=0, heterogeneous, both",cross_product,3,10,0.00333524623638448
1,1,"J=0, heterogeneous, both",cross_product,4,5,0.00696655977042138
1,1,"J=0, heterogeneous, both",cross_product,4,6,0.00482305655971649
1,1,"J=0, heterogeneous, both",cross_product,4,7,6.16476883857908e-05
1,1,"J=0, heterogeneous, both",cross_product,4,8,0
1,1,"J=0, heterogeneous, both",cross_product,4,9,0
1,1,"J=0, heterogeneous, both",cross_product,4,10,0.0103728371260295
1,1,"J=0, heterogeneous, both",cross_product,5,6,0.00398607431364095
1,1,"J=0, heterogeneous, both",cross_product,5,7,0.00257493099396644
1,1,"J=0, heterogeneous, both",cross_product,5,8,0
1,1,"J=0, heterogeneous, both",cross_product,5,9,0
1,1,"J=0, heterogeneous, both",cross_product,5,10,0
1,1,"J=0, heterogeneous, both",cross_product,6,7,0.00230441566212003
1,1,"J=0, heterogeneous, both",cross_product,6,8,0.000396290711766834
1,1,"J=0, heterogeneous, both",cross_product,6,9,0.00518963718543086
1,1,"J=0, heterogeneous, both",cross_product,6,10,0.0014850173299269
1,1,"J=0, heterogeneous, both",cross_product,7,8,0.00277066679852733
1,1,"J=0, heterogeneous, both",cross_product,7,9,5.75608603287092e-05
1,1,"J=0, heterogeneous, both",cross_product,7,10,0.011864026310773
1,1,"J=0, heterogeneous, both",cross_product,8,9,0.00549865418900253
1,1,"J=0, heterogeneous, both",cross_product,8,10,0.00168218509695561
1,1,"J=0, heterogeneous, both",cross_product,9,10,0.00773718950502111
2,1,"J=0, heterogeneous, both",linear,1,0,0.87493311529929
2,1,"J=0, heterogeneous, both",linear,2,0,0.440011711282011
2,1,"J=0, heterogeneous, both",linear,3,0,0.433178478050534
2,1,"J=0, heterogeneous, both",linear,4,0,0.349088774657861
2,1,"J=0, heterogeneous, both",linear,5,0,0.348193434707056
2,1,"J=0, heterogeneous, both",linear,6,0,0.340196980820523
2,1,"J=0, heterogeneous, both",linear,7,0,0.320726891342261
2,1,"J=0, heterogeneous, both",linear,8,0,0.319217445192209
2,1,"J=0, heterogeneous, both",linear,9,0,0.31750428333557
2,1,"J=0, heterogeneous, both",linear,10,0,0.307089258522181
2,1,"J=0, heterogeneous, both",linear,11,0,0.30548698788564
2,1,"J=0, heterogeneous, both",linear,12,0,0.307328974916095
2,1,"J=0, heterogeneous, both",linear,13,0,0.302372762545879
2,1,"J=0, heterogeneous, both",linear,14,0,0.300349038402214
2,1,"J=0, heterogeneous, both",linear,15,0,0.302148399767236
2,1,"J=0, heterogeneous, both",linear,16,0,0.301859906122719
2,1,"J=0, heterogeneous, both",linear,17,0,0.29580629998002
2,1,"J=0, heterogeneous, both",linear,18,0,0.295901772754584
2,1,"J=0, heterogeneous, both",linear,19,0,0.296912807679202
2,1,"J=0, heterogeneous, both",linear,20,0,0.292244690499068
2,1,"J=0, heterogeneous, both",quadratic,1,1,0
2,1,"J=0, heterogeneous, both",quadratic,2,2,5.07649358131301e-05
2,1,"J=0, heterogeneous, both",quadratic,3,3,0
2,1,"J=0, heterogeneous, both",quadratic,4,4,0.000276818183006622
2,1,"J=0, heterogeneous, both",quadratic,5,5,0.000422496517154314
2,1,"J=0, heterogeneous, both",quadratic,6,6,0.000531846548381232
2,1,"J=0, heterogeneous, both",quadratic,7,7,0
2,1,"J=0, heterogeneous, both",quadratic,8,8,0
2,1,"J=0, heterogeneous, both",quadratic,9,9,0
2,1,"J=0, heterogeneous, both",quadratic,10,10,0
2,1,"J=0, heterogeneous, both",cross_product,1,2,0
2,1,"J=0, heterogeneous, both",cross_product,1,3,0.00155790492551533
2,1,"J=0, heterogeneous, both",cross_product,1,4,0.00519730936227514
2,1,"J=0, heterogeneous, both",cross_product,1,5,0.00083385870431163
2,1,"J=0, heterogeneous, both",cross_product,1,6,0.00362016786510733
2,1,"J=0, heterogeneous, both",cross_product,1,7,0
2,1,"J=0, heterogeneous, both",cross_product,1,8,0
2,1,"J=0, heterogeneous, both",cross_product,1,9,0
2,1,"J=0, heterogeneous, both",cross_product,1,10,0
2,1,"J=0, heterogeneous, both",cross_product,2,3,0.000299489023114052
2,1,"J=0, heterogeneous, both",cross_product,2,4,0.00390468841533009
2,1,"J=0, heterogeneous, both",cross_product,2,5,0.00453351719219408
2,1,"J=0, heterogeneous, both",cross_product,2,6,0.00207750869506285
2,1,"J=0, heterogeneous, both",cross_product,2,7,0
2,1,"J=0, heterogeneous, both",cross_product,2,8,0
2,1,"J=0, heterogeneous, both",cross_product,2,9,0
2,1,"J=0, heterogeneous, both",cross_product,2,10,0
2,1,"J=0, heterogeneous, both",cross_product,3,4,0.00307866622184227
2,1,"J=0, heterogeneous, both",cross_product,3,5,0.00576252822705581
2,1,"J=0, heterogeneous, both",cross_product,3,6,0.00318897456878686
2,1,"J=0, heterogeneous, both",cross_product,3,7,0.000242735448209519
2,1,"J=0, heterogeneous, both",cross_product,3,8,0
2,1,"J=0, heterogeneous, both",cross_product,3,9,0
2,1,"J=0, heterogeneous, both",cross_product,3,10,0
2,1,"J=0, heterogeneous, both",cross_product,4,5,0.00214626701761156
2,1,"J=0, heterogeneous, both",cross_product,4,6,0.00348729154680727
2,1,"J=0, heterogeneous, both",cross_product,4,7,0.000350820072326674
2,1,"J=0, heterogeneous, both",cross_product,4,8,0
2,1,"J=0, heterogeneous, both",cross_product,4,9,0
2,1,"J=0, heterogeneous, both",cross_product,4,10,0
2,1,"J=0, heterogeneous, both",cross_product,5,6,0.00099715834643499
2,1,"J=0, heterogeneous, both",cross_product,5,7,0
2,1,"J=0, heterogeneous, both",cross_product,5,8,0
2,1,"J=0, heterogeneous, both",cross_product,5,9,0
2,1,"J=0, heterogeneous, both",cross_product,5,10,0
2,1,"J=0, heterogeneous, both",cross_product,6,7,0
2,1,"J=0, heterogeneous, both",cross_product,6,8,0
2,1,"J=0, heterogeneous, both",cross_product,6,9,0
2,1,"J=0, heterogeneous, both",cross_product,6,10,0
2,1,"J=0, heterogeneous, both",cross_product,7,8,0
2,1,"J=0, heterogeneous, both",cross_product,7,9,0
2,1,"J=0, heterogeneous, both",cross_product,7,10,0
2,1,"J=0, heterogeneous, both",cross_product,8,9,0
2,1,"J=0, heterogeneous, both",cross_product,8,10,0.000488891478642506
2,1,"J=0, heterogeneous, both",cross_product,9,10,0
3,1,"J=0, heterogeneous, both",linear,1,0,0.750639329474226
3,1,"J=0, heterogeneous, both",linear,2,0,0.387801144371756
3,1,"J=0, heterogeneous, both",linear,3,0,0.38714017733052
3,1,"J=0, heterogeneous, both",linear,4,0,0.340671496632615
3,1,"J=0, heterogeneous, both",linear,5,0,0.316132571338747
3,1,"J=0, heterogeneous, both",linear,6,0,0.317985103921993
3,1,"J=0, heterogeneous, both",linear,7,0,0.309180437983382
3,1,"J=0, heterogeneous, both",linear,8,0,0.299604258490402
3,1,"J=0, heterogeneous, both",linear,9,0,0.299319544444667
3,1,"J=0, heterogeneous, both",linear,10,0,0.296039548007263
3,1,"J=0, heterogeneous, both",linear,11,0,0.287069749229699
3,1,"J=0, heterogeneous, both",linear,12,0,0.286724547687745
3,1,"J=0, heterogeneous, both",linear,13,0,0.2881897586577
3,1,"J=0, heterogeneous, both",linear,14,0,0.281002277911327
3,1,"J=0, heterogeneous, both",linear,15,0,0.276424833334671
3,1,"J=0, heterogeneous, both",linear,16,0,0.277109254391247
3,1,"J=0, heterogeneous, both",linear,17,0,0.273988792877985
3,1,"J=0, heterogeneous, both",linear,18,0,0.27254651753106
3,1,"J=0, heterogeneous, both",linear,19,0,0.272865563808296
3,1,"J=0, heterogeneous, both",linear,20,0,0.274159494714534
3,1,"J=0, heterogeneous, both",quadratic,1,1,0.00331179910604817
3,1,"J=0, heterogeneous, both",quadratic,2,2,0.0044626225417026
3,1,"J=0, heterogeneous, both",quadratic,3,3,0.00490185286421507
3,1,"J=0, heterogeneous, both",quadratic,4,4,0.00478528182176086
3,1,"J=0, heterogeneous, both",quadratic,5,5,0.00347782457831813
3,1,"J=0, heterogeneous, both",quadratic,6,6,0.00210788836425901
3,1,"J=0, heterogeneous, both",quadratic,7,7,0.00129988120479319
3,1,"J=0, heterogeneous, both",quadratic,8,8,0.000927546240746979
3,1,"J=0, heterogeneous, both",quadratic,9,9,0.000981546972684932
3,1,"J=0, heterogeneous, both",quadratic,10,10,0.00118381447423632
3,1,"J=0, heterogeneous, both",cross_product,1,2,0.0200842431563758
3,1,"J=0, heterogeneous, both",cross_product,1,3,0.0265633105192679
3,1,"J=0, heterogeneous, both",cross_product,1,4,0.0160794445996386
3,1,"J=0, heterogeneous, both",cross_product,1,5,0.0244092337142363
3,1,"J=0, heterogeneous, both",cross_product,1,6,0.0307602236207853
3,1,"J=0, heterogeneous, both",cross_product,1,7,0.0150324553326135
3,1,"J=0, heterogeneous, both",cross_product,1,8,0.0103422027909387
3,1,"J=0, heterogeneous, both",cross_product,1,9,0.0125541962610926
3,1,"J=0, heterogeneous, both",cross_product,1,10,0.0147492292900666
3,1,"J=0, heterogeneous, both",cross_product,2,3,0.0272140551836932
3,1,"J=0, heterogeneous, both",cross_product,2,4,0.0336359948081374
3,1,"J=0, heterogeneous, both",cross_product,2,5,0.0207507010218368
3,1,"J=0, heterogeneous, both",cross_product,2,6,0.0254615113263472
3,1,"J=0, heterogeneous, both",cross_product,2,7,0.0258371153797474
3,1,"J=0, heterogeneous, both",cross_product,2,8,0.0141257423990279
3,1,"J=0, heterogeneous, both",cross_product,2,9,0.00855940214282902
3,1,"J=0, heterogeneous, both",cross_product,2,10,0.0131337147294616
3,1,"J=0, heterogeneous, both",cross_product,3,4,0.030896534403445
3,1,"J=0, heterogeneous, both",cross_product,3,5,0.0344564293549774
3,1,"J=0, heterogeneous, both",cross_product,3,6,0.0177607829326233
3,1,"J=0, heterogeneous, both",cross_product,3,7,0.0212676625789636
3,1,"J=0, heterogeneous, both",cross_product,3,8,0.0213069953489398
3,1,"J=0, heterogeneous, both",cross_product,3,9,0.0139935929465389
3,1,"J=0, heterogeneous, both",cross_product,3,10,0.00952219655323083
3,1,"J=0, heterogeneous, both",cross_product,4,5,0.0334170582871416
3,1,"J=0, heterogeneous, both",cross_product,4,6,0.0311299908752848
3,1,"J=0, heterogeneous, both",cross_product,4,7,0.0158228041680261
3,1,"J=0, heterogeneous, both",cross_product,4,8,0.0173443110514132
3,1,"J=0, heterogeneous, both",cross_product,4,9,0.017549752686432
3,1,"J=0, heterogeneous, both",cross_product,4,10,0.0129733584500733
3,1,"J=0, heterogeneous, both",cross_product,5,6,0.0333291600186593
3,1,"J=0, heterogeneous, both",cross_product,5,7,0.024470502244884
3,1,"J=0, heterogeneous, both",cross_product,5,8,0.010995702420886
3,1,"J=0, heterogeneous, both",cross_product,5,9,0.0149311632797529
3,1,"J=0, heterogeneous, both",cross_product,5,10,0.0140528195948542
3,1,"J=0, heterogeneous, both",cross_product,6,7,0.0272751166130825
3,1,"J=0, heterogeneous, both",cross_product,6,8,0.0192795095566478
3,1,"J=0, heterogeneous, both",cross_product,6,9,0.00892738497390422
3,1,"J=0, heterogeneous, both",cross_product,6,10,0.0141518763557942
3,1,"J=0, heterogeneous, both",cross_product,7,8,0.0229030989437025
3,1,"J=0, heterogeneous, both",cross_product,7,9,0.0153746598278626
3,1,"J=0, heterogeneous, both",cross_product,7,10,0.00816089036988199
3,1,"J=0, heterogeneous, both",cross_product,8,9,0.02036519184301
3,1,"J=0, heterogeneous, both",cross_product,8,10,0.0138107569818737
3,1,"J=0, heterogeneous, both",cross_product,9,10,0.0202586351118088
4,1,"J=0, heterogeneous, both",linear,1,0,0.788184873071095
4,1,"J=0, heterogeneous, both",linear,2,0,0.439723329894196
4,1,"J=0, heterogeneous, both",linear,3,0,0.44124565566708
4,1,"J=0, heterogeneous, both",linear,4,0,0.379642151168049
4,1,"J=0, heterogeneous, both",linear,5,0,0.373150475395195
4,1,"J=0, heterogeneous, both",linear,6,0,0.373776117027708
4,1,"J=0, heterogeneous, both",linear,7,0,0.351691178293679
4,1,"J=0, heterogeneous, both",linear,8,0,0.348393968200914
4,1,"J=0, heterogeneous, both",linear,9,0,0.346821325708582
4,1,"J=0, heterogeneous, both",linear,10,0,0.333442414878231
4,1,"J=0, heterogeneous, both",linear,11,0,0.332900083030598
4,1,"J=0, heterogeneous, both",linear,12,0,0.334100345826975
4,1,"J=0, heterogeneous, both",linear,13,0,0.331426015191863
4,1,"J=0, heterogeneous, both",linear,14,0,0.326695509889599
4,1,"J=0, heterogeneous, both",linear,15,0,0.3279470035447
4,1,"J=0, heterogeneous, both",linear,16,0,0.326065584104254
4,1,"J=0, heterogeneous, both",linear,17,0,0.321225682033522
4,1,"J=0, heterogeneous, both",linear,18,0,0.323148964311071
4,1,"J=0, heterogeneous, both",linear,19,0,0.322842031125765
4,1,"J=0, heterogeneous, both",linear,20,0,0.314248747117852
4,1,"J=0, heterogeneous, both",quadratic,1,1,0.00208567917564173
4,1,"J=0, heterogeneous, both",quadratic,2,2,0.00104383037372002
4,1,"J=0, heterogeneous, both",quadratic,3,3,0.00144983257331144
4,1,"J=0, heterogeneous, both",quadratic,4,4,0.00131643021352401
4,1,"J=0, heterogeneous, both",quadratic,5,5,0.000891967902946322
4,1,"J=0, heterogeneous, both",quadratic,6,6,0
4,1,"J=0, heterogeneous, both",quadratic,7,7,0
4,1,"J=0, heterogeneous, both",quadratic,8,8,0
4,1,"J=0, heterogeneous, both",quadratic,9,9,0
4,1,"J=0, heterogeneous, both",quadratic,10,10,0
4,1,"J=0, heterogeneous, both",cross_product,1,2,0.0154994979856895
4,1,"J=0, heterogeneous, both",cross_product,1,3,0.0163370071685145
4,1,"J=0, heterogeneous, both",cross_product,1,4,0.0126343848027634
4,1,"J=0, heterogeneous, both",cross_product,1,5,0.0126457227736718
4,1,"J=0, heterogeneous, both",cross_product,1,6,0.0119352807507408
4,1,"J=0, heterogeneous, both",cross_product,1,7,0.00993855635572549
4,1,"J=0, heterogeneous, both",cross_product,1,8,0
4,1,"J=0, heterogeneous, both",cross_product,1,9,0.00615439266222217
4,1,"J=0, heterogeneous, both",cross_product,1,10,0.00930991077320875
4,1,"J=0, heterogeneous, both",cross_product,2,3,0.0143628149190622
4,1,"J=0, heterogeneous, both",cross_product,2,4,0.0162412555275012
4,1,"J=0, heterogeneous, both",cross_product,2,5,0.0115419061319607
4,1,"J=0, heterogeneous, both",cross_product,2,6,0.0119976907336815
4,1,"J=0, heterogeneous, both",cross_product,2,7,0.0108608660563653
4,1,"J=0, heterogeneous, both",cross_product,2,8,0.0079680857082729
4,1,"J=0, heterogeneous, both",cross_product,2,9,0
4,1,"J=0, heterogeneous, both",cross_product,2,10,0.00512602421067521
4,1,"J=0, heterogeneous, both",cross_product,3,4,0.0124489186778218
4,1,"J=0, heterogeneous, both",cross_product,3,5,0.0156956665243788
4,1,"J=0, heterogeneous, both",cross_product,3,6,0.00976984145108239
4,1,"J=0, heterogeneous, both",cross_product,3,7,0.0131797773821154
4,1,"J=0, heterogeneous, both",cross_product,3,8,0.00967886557459385
4,1,"J=0, heterogeneous, both",cross_product,3,9,0.00862118763894848
4,1,"J=0, heterogeneous, both",cross_product,3,10,0
4,1,"J=0, heterogeneous, both",cross_product,4,5,0.0103488428200377
4,1,"J=0, heterogeneous, both",cross_product,4,6,0.0138142601753487
4,1,"J=0, heterogeneous, both",cross_product,4,7,0.00799568036523401
4,1,"J=0, heterogeneous, both",cross_product,4,8,0.0120317339151937
4,1,"J=0, heterogeneous, both",cross_product,4,9,0.00889596252927494
4,1,"J=0, heterogeneous, both",cross_product,4,10,0.00919181639239763
4,1,"J=0, heterogeneous, both",cross_product,5,6,0.00963776806335803
4,1,"J=0, heterogeneous, both",cross_product,5,7,0.0115880243506173
4,1,"J=0, heterogeneous, both",cross_product,5,8,0.0078394464888234
4,1,"J=0, heterogeneous, both",cross_product,5,9,0.0106924806601602
4,1,"J=0, heterogeneous, both",cross_product,5,10,0.00794946502220129
4,1,"J=0, heterogeneous, both",cross_product,6,7,0.00822444325917171
4,1,"J=0, heterogeneous, both",cross_product,6,8,0.011094900303169
4,1,"J=0, heterogeneous, both",cross_product,6,9,0.00623067362906304
4,1,"J=0, heterogeneous, both",cross_product,6,10,0.0114298298714282
4,1,"J=0, heterogeneous, both",cross_product,7,8,0.00658868653385625
4,1,"J=0, heterogeneous, both",cross_product,7,9,0.00959223512195051
4,1,"J=0, heterogeneous, both",cross_product,7,10,0.00501953628263474
4,1,"J=0, heterogeneous, both",cross_product,8,9,0.00693520001829373
4,1,"J=0, heterogeneous, both",cross_product,8,10,0.00927842328529249
4,1,"J=0, heterogeneous, both",cross_product,9,10,0.00545309470398381
5,1,"J=0, heterogeneous, both",linear,1,0,0.857569860927861
5,1,"J=0, heterogeneous, both",linear,2,0,0.420145918148303
5,1,"J=0, heterogeneous, both",linear,3,0,0.417684639013
5,1,"J=0, heterogeneous, both",linear,4,0,0.346997789430447
5,1,"J=0, heterogeneous, both",linear,5,0,0.332944224899862
5,1,"J=0, heterogeneous, both",linear,6,0,0.33139225209508
5,1,"J=0, heterogeneous, both",linear,7,0,0.304881682419799
5,1,"J=0, heterogeneous, both",linear,8,0,0.299445499635415
5,1,"J=0, heterogeneous, both",linear,9,0,0.300680859716544
5,1,"J=0, heterogeneous, both",linear,10,0,0.289515350344885
5,1,"J=0, heterogeneous, both",linear,11,0,0.283163010418614
5,1,"J=0, heterogeneous, both",linear,12,0,0.286090536608394
5,1,"J=0, heterogeneous, both",linear,13,0,0.284640698011124
5,1,"J=0, heterogeneous, both",linear,14,0,0.273218419697883
5,1,"J=0, heterogeneous, both",linear,15,0,0.274657596143254
5,1,"J=0, heterogeneous, both",linear,16,0,0.275024750886698
5,1,"J=0, heterogeneous, both",linear,17,0,0.269403388159862
5,1,"J=0, heterogeneous, both",linear,18,0,0.265716238581615
5,1,"J=0, heterogeneous, both",linear,19,0,0.267059667614518
5,1,"J=0, heterogeneous, both",linear,20,0,0.265885134344166
5,1,"J=0, heterogeneous, both",quadratic,1,1,0
5,1,"J=0, heterogeneous, both",quadratic,2,2,0.000200157656727873
5,1,"J=0, heterogeneous, both",quadratic,3,3,0.00240904048963209
5,1,"J=0, heterogeneous, both",quadratic,4,4,0.00261867374560842
5,1,"J=0, heterogeneous, both",quadratic,5,5,0.00435187623614253
5,1,"J=0, heterogeneous, both",quadratic,6,6,0.00497683978770058
5,1,"J=0, heterogeneous, both",quadratic,7,7,0.00437666686728122
5,1,"J=0, heterogeneous, both",quadratic,8,8,0.00358654088816335
5,1,"J=0, heterogeneous, both",quadratic,9,9,0.00150979238826787
5,1,"J=0, heterogeneous, both",quadratic,10,10,0.000627862342421626
5,1,"J=0, heterogeneous, both",cross_product,1,2,0.0161483396608199
5,1,"J=0, heterogeneous, both",cross_product,1,3,0.0199007529589027
5,1,"J=0, heterogeneous, both",cross_product,1,4,0.0180951696840933
5,1,"J=0, heterogeneous, both",cross_product,1,5,0.0128374788195527
5,1,"J=0, heterogeneous, both",cross_product,1,6,0.0266191485663853
5,1,"J=0, heterogeneous, both",cross_product,1,7,0.0145847020837442
5,1,"J=0, heterogeneous, both",cross_product,1,8,0.0135504151097023
5,1,"J=0, heterogeneous, both",cross_product,1,9,0.00270191901505634
5,1,"J=0, heterogeneous, both",cross_product,1,10,0.00364918446895457
5,1,"J=0, heterogeneous, both",cross_product,2,3,0.0190557551451502
5,1,"J=0, heterogeneous, both",cross_product,2,4,0.0213351949656214
5,1,"J=0, heterogeneous, both",cross_product,2,5,0.0158864502365853
5,1,"J=0, heterogeneous, both",cross_product,2,6,0.0153582266326138
5,1,"J=0, heterogeneous, both",cross_product,2,7,0.0209881250088896
5,1,"J=0, heterogeneous, both",cross_product,2,8,0.0104330942977874
5,1,"J=0, heterogeneous, both",cross_product,2,9,0.0110372636416224
5,1,"J=0, heterogeneous, both",cross_product,2,10,0.00131646535710683
5,1,"J=0, heterogeneous, both",cross_product,3,4,0.0184863345432433
5,1,"J=0, heterogeneous, both",cross_product,3,5,0.0203329896998095
5,1,"J=0, heterogeneous, both",cross_product,3,6,0.0178880706048415
5,1,"J=0, heterogeneous, both",cross_product,3,7,0.0153039852298678
5,1,"J=0, heterogeneous, both",cross_product,3,8,0.0137214637501835
5,1,"J=0, heterogeneous, both",cross_product,3,9,0.00611777056051666
5,1,"J=0, heterogeneous, both",cross_product,3,10,0.00856669157567935
5,1,"J=0, heterogeneous, both",cross_product,4,5,0.0190000486639079
5,1,"J=0, heterogeneous, both",cross_product,4,6,0.0181703903578683
5,1,"J=0, heterogeneous, both",cross_product,4,7,0.0155821352009277
5,1,"J=0, heterogeneous, both",cross_product,4,8,0.01205883827176
5,1,"J=0, heterogeneous, both",cross_product,4,9,0.00966100725311037
5,1,"J=0, heterogeneous, both",cross_product,4,10,0.00203150942880126
5,1,"J=0, heterogeneous, both",cross_product,5,6,0.0201568926596539
5,1,"J=0, heterogeneous, both",cross_product,5,7,0.0143987460264655
5,1,"J=0, heterogeneous, both",cross_product,5,8,0.0116036743638183
5,1,"J=0, heterogeneous, both",cross_product,5,9,0.00755791007566631
5,1,"J=0, heterogeneous, both",cross_product,5,10,0.00477335215544583
5,1,"J=0, heterogeneous, both",cross_product,6,7,0.0190955170247283
5,1,"J=0, heterogeneous, both",cross_product,6,8,0.0123204423989001
5,1,"J=0, heterogeneous, both",cross_product,6,9,0.00809427467852719
5,1,"J=0, heterogeneous, both",cross_product,6,10,0.00427387161308557
5,1,"J=0, heterogeneous, both",cross_product,7,8,0.0149124201649966
5,1,"J=0, heterogeneous, both",cross_product,7,9,0.0078712199338522
5,1,"J=0, heterogeneous, both",cross_product,7,10,0.00492728188487501
5,1,"J=0, heterogeneous, both",cross_product,8,9,0.00872788354582077
5,1,"J=0, heterogeneous, both",cross_product,8,10,0.00216358510140824
5,1,"J=0, heterogeneous, both",cross_product,9,10,0.00320034549306769
6,1,"J=0, heterogeneous, both",linear,1,0,0.815671201475471
6,1,"J=0, heterogeneous, both",linear,2,0,0.418362154937954
6,1,"J=0, heterogeneous, both",linear,3,0,0.411177390140822
6,1,"J=0, heterogeneous, both",linear,4,0,0.361110714536907
6,1,"J=0, heterogeneous, both",linear,5,0,0.352147609716488
6,1,"J=0, heterogeneous, both",linear,6,0,0.349018701939987
6,1,"J=0, heterogeneous, both",linear,7,0,0.333750527912205
6,1,"J=0, heterogeneous, both",linear,8,0,0.3304371869131
6,1,"J=0, heterogeneous, both",linear,9,0,0.326838892327049
6,1,"J=0, heterogeneous, both",linear,10,0,0.31886213111072
6,1,"J=0, heterogeneous, both",linear,11,0,0.318449491002622
6,1,"J=0, heterogeneous, both",linear,12,0,0.317374788915751
6,1,"J=0, heterogeneous, both",linear,13,0,0.311682641021486
6,1,"J=0, heterogeneous, both",linear,14,0,0.308234165946905
6,1,"J=0, heterogeneous, both",linear,15,0,0.307805860005334
6,1,"J=0, heterogeneous, both",linear,16,0,0.303602497768503
6,1,"J=0, heterogeneous, both",linear,17,0,0.301479527422482
6,1,"J=0, heterogeneous, both",linear,18,0,0.301920497835355
6,1,"J=0, heterogeneous, both",linear,19,0,0.302274666461522
6,1,"J=0, heterogeneous, both",linear,20,0,0.291999941696905
6,1,"J=0, heterogeneous, both",quadratic,1,1,0
6,1,"J=0, heterogeneous, both",quadratic,2,2,0
6,1,"J=0, heterogeneous, both",quadratic,3,3,0
6,1,"J=0, heterogeneous, both",quadratic,4,4,0
6,1,"J=0, heterogeneous, both",quadratic,5,5,0
6,1,"J=0, heterogeneous, both",quadratic,6,6,0
6,1,"J=0, heterogeneous, both",quadratic,7,7,0
6,1,"J=0, heterogeneous, both",quadratic,8,8,0
6,1,"J=0, heterogeneous, both",quadratic,9,9,0
6,1,"J=0, heterogeneous, both",quadratic,10,10,0
6,1,"J=0, heterogeneous, both",cross_product,1,2,0.00949554701155786
6,1,"J=0, heterogeneous, both",cross_product,1,3,0.011102055255268
6,1,"J=0, heterogeneous, both",cross_product,1,4,0.0119850140734409
6,1,"J=0, heterogeneous, both",cross_product,1,5,0.0128046046011401
6,1,"J=0, heterogeneous, both",cross_product,1,6,0.00660225617251087
6,1,"J=0, heterogeneous, both",cross_product,1,7,0.00627026594926028
6,1,"J=0, heterogeneous, both",cross_product,1,8,0.00459342474703706
6,1,"J=0, heterogeneous, both",cross_product,1,9,0.0067886571674225
6,1,"J=0, heterogeneous, both",cross_product,1,10,0.00459374595367956
6,1,"J=0, heterogeneous, both",cross_product,2,3,0.00884376279173527
6,1,"J=0, heterogeneous, both",cross_product,2,4,0.0112826808164943
6,1,"J=0, heterogeneous, both",cross_product,2,5,0.0139288457534875
6,1,"J=0, heterogeneous, both",cross_product,2,6,0.0134788069025585
6,1,"J=0, heterogeneous, both",cross_product,2,7,0.00826423157276612
6,1,"J=0, heterogeneous, both",cross_product,2,8,0.00643863696827363
6,1,"J=0, heterogeneous, both",cross_product,2,9,0.00425502989757542
6,1,"J=0, heterogeneous, both",cross_product,2,10,0.00639916743198943
6,1,"J=0, heterogeneous, both",cross_product,3,4,0.00855062304137644
6,1,"J=0, heterogeneous, both",cross_product,3,5,0.0128905134012656
6,1,"J=0, heterogeneous, both",cross_product,3,6,0.0163366282249042
6,1,"J=0, heterogeneous, both",cross_product,3,7,0.0130273074933083
6,1,"J=0, heterogeneous, both",cross_product,3,8,0.00842430501746771
6,1,"J=0, heterogeneous, both",cross_product,3,9,0.00591468105401605
6,1,"J=0, heterogeneous, both",cross_product,3,10,0.00605979072964602
6,1,"J=0, heterogeneous, both",cross_product,4,5,0.0093381979733157
6,1,"J=0, heterogeneous, both",cross_product,4,6,0.0125997282585706
6,1,"J=0, heterogeneous, both",cross_product,4,7,0.0165957784563888
6,1,"J=0, heterogeneous, both",cross_product,4,8,0.0144672652960707
6,1,"J=0, heterogeneous, both",cross_product,4,9,0.00843427967354704
6,1,"J=0, heterogeneous, both",cross_product,4,10,0.00766508309177005
6,1,"J=0, heterogeneous, both",cross_product,5,6,0.0105937278339938
6,1,"J=0, heterogeneous, both",cross_product,5,7,0.0119167096595485
6,1,"J=0, heterogeneous, both",cross_product,5,8,0.0191048056342648
6,1,"J=0, heterogeneous, both",cross_product,5,9,0.013565681699609
6,1,"J=0, heterogeneous, both",cross_product,5,10,0.00864970127019848
6,1,"J=0, heterogeneous, both",cross_product,6,7,0.0112544489419372
6,1,"J=0, heterogeneous, both",cross_product,6,8,0.0118897662105274
6,1,"J=0, heterogeneous, both",cross_product,6,9,0.0188475135231548
6,1,"J=0, heterogeneous, both",cross_product,6,10,0.0132547823002167
6,1,"J=0, heterogeneous, both",cross_product,7,8,0.0104136176002719
6,1,"J=0, heterogeneous, both",cross_product,7,9,0.0118384002435628
6,1,"J=0, heterogeneous, both",cross_product,7,10,0.0205436002891682
6,1,"J=0, heterogeneous, both",cross_product,8,9,0.00937864495367535
6,1,"J=0, heterogeneous, both",cross_product,8,10,0.0111949168342259
6,1,"J=0, heterogeneous, both",cross_product,9,10,0.0122592847920594
7,1,"J=0, heterogeneous, both",linear,1,0,0.829605756118547
7,1,"J=0, heterogeneous, both",linear,2,0,0.393001240476439
7,1,"J=0, heterogeneous, both",linear,3,0,0.407970262053012
7,1,"J=0, heterogeneous, both",linear,4,0,0.343773417801266
7,1,"J=0, heterogeneous, both",linear,5,0,0.320247757035335
7,1,"J=0, heterogeneous, both",linear,6,0,0.32850933648412
7,1,"J=0, heterogeneous, both",linear,7,0,0.309294483813705
7,1,"J=0, heterogeneous, both",linear,8,0,0.291601698077414
7,1,"J=0, heterogeneous, both",linear,9,0,0.296110170118538
7,1,"J=0, heterogeneous, both",linear,10,0,0.290814386096242
7,1,"J=0, heterogeneous, both",linear,11,0,0.276981538149123
7,1,"J=0, heterogeneous, both",linear,12,0,0.276459071451848
7,1,"J=0, heterogeneous, both",linear,13,0,0.279517723963774
7,1,"J=0, heterogeneous, both",linear,14,0,0.275453123867217
7,1,"J=0, heterogeneous, both",linear,15,0,0.269180385200332
7,1,"J=0, heterogeneous, both",linear,16,0,0.270899247987782
7,1,"J=0, heterogeneous, both",linear,17,0,0.268337551102813
7,1,"J=0, heterogeneous, both",linear,18,0,0.264237689501105
7,1,"J=0, heterogeneous, both",linear,19,0,0.263647185335523
7,1,"J=0, heterogeneous, both",linear,20,0,0.264675697887362
7,1,"J=0, heterogeneous, both",quadratic,1,1,0.0051967982684985
7,1,"J=0, heterogeneous, both",quadratic,2,2,0.00416323475073765
7,1,"J=0, heterogeneous, both",quadratic,3,3,0.00355723087587545
7,1,"J=0, heterogeneous, both",quadratic,4,4,0.00370105579224456
7,1,"J=0, heterogeneous, both",quadratic,5,5,0.00164732341866325
7,1,"J=0, heterogeneous, both",quadratic,6,6,0
7,1,"J=0, heterogeneous, both",quadratic,7,7,0.000464642650606084
7,1,"J=0, heterogeneous, both",quadratic,8,8,0.00111144560340215
7,1,"J=0, heterogeneous, both",quadratic,9,9,0
7,1,"J=0, heterogeneous, both",quadratic,10,10,0
7,1,"J=0, heterogeneous, both",cross_product,1,2,0.0227034262069943
7,1,"J=0, heterogeneous, both",cross_product,1,3,0.0308561065481209
7,1,"J=0, heterogeneous, both",cross_product,1,4,0.0210867146083391
7,1,"J=0, heterogeneous, both",cross_product,1,5,0.00779859692455009
7,1,"J=0, heterogeneous, both",cross_product,1,6,0.0116632326878982
7,1,"J=0, heterogeneous, both",cross_product,1,7,0.0230531253960209
7,1,"J=0, heterogeneous, both",cross_product,1,8,0.0169356578857511
7,1,"J=0, heterogeneous, both",cross_product,1,9,0.0195395121578407
7,1,"J=0, heterogeneous, both",cross_product,1,10,0.0110769834801869
7,1,"J=0, heterogeneous, both",cross_product,2,3,0.0241845895041457
7,1,"J=0, heterogeneous, both",cross_product,2,4,0.029495190180337
7,1,"J=0, heterogeneous, both",cross_product,2,5,0.0181492886234462
7,1,"J=0, heterogeneous, both",cross_product,2,6,0.00667281396324515
7,1,"J=0, heterogeneous, both",cross_product,2,7,0.00931124150751594
7,1,"J=0, heterogeneous, both",cross_product,2,8,0.0208776951023362
7,1,"J=0, heterogeneous, both",cross_product,2,9,0.0170060763746595
7,1,"J=0, heterogeneous, both",cross_product,2,10,0.0201155777848481
7,1,"J=0, heterogeneous, both",cross_product,3,4,0.0219724498547124
7,1,"J=0, heterogeneous, both",cross_product,3,5,0.0262749316914382
7,1,"J=0, heterogeneous, both",cross_product,3,6,0.0149270190397507
7,1,"J=0, heterogeneous, both",cross_product,3,7,0.00749729679565314
7,1,"J=0, heterogeneous, both",cross_product,3,8,0.00529068423088863
7,1,"J=0, heterogeneous, both",cross_product,3,9,0.018545681055496
7,1,"J=0, heterogeneous, both",cross_product,3,10,0.0146862005848389
7,1,"J=0, heterogeneous, both",cross_product,4,5,0.0168739360100981
7,1,"J=0, heterogeneous, both",cross_product,4,6,0.0233593251939853
7,1,"J=0, heterogeneous, both",cross_product,4,7,0.0146579859050457
7,1,"J=0, heterogeneous, both",cross_product,4,8,0.00608757040360286
7,1,"J=0, heterogeneous, both",cross_product,4,9,0.00364913005518452
7,1,"J=0, heterogeneous, both",cross_product,4,10,0.0163479615904895
7,1,"J=0, heterogeneous, both",cross_product,5,6,0.0141735473388035
7,1,"J=0, heterogeneous, both",cross_product,5,7,0.0208682089956833
7,1,"J=0, heterogeneous, both",cross_product,5,8,0.0144808287191226
7,1,"J=0, heterogeneous, both",cross_product,5,9,0.00557553187221504
7,1,"J=0, heterogeneous, both",cross_product,5,10,0.00291422801122387
7,1,"J=0, heterogeneous, both",cross_product,6,7,0.0141413552072841
7,1,"J=0, heterogeneous, both",cross_product,6,8,0.0186228047098437
7,1,"J=0, heterogeneous, both",cross_product,6,9,0.0144267294142474
7,1,"J=0, heterogeneous, both",cross_product,6,10,0.00574617586304449
7,1,"J=0, heterogeneous, both",cross_product,7,8,0.0128547467355998
7,1,"J=0, heterogeneous, both",cross_product,7,9,0.015708896963878
7,1,"J=0, heterogeneous, both",cross_product,7,10,0.0133499003800999
7,1,"J=0, heterogeneous, both",cross_product,8,9,0.0108718358857682
7,1,"J=0, heterogeneous, both",cross_product,8,10,0.0143271800714992
7,1,"J=0, heterogeneous, both",cross_product,9,10,0.00777258549772741
8,1,"J=0, heterogeneous, both",linear,1,0,0.720626264621008
8,1,"J=0, heterogeneous, both",linear,2,0,0.396634288648084
8,1,"J=0, heterogeneous, both",linear,3,0,0.390000323958564
8,1,"J=0, heterogeneous, both",linear,4,0,0.354703567780778
8,1,"J=0, heterogeneous, both",linear,5,0,0.323122570967839
8,1,"J=0, heterogeneous, both",linear,6,0,0.327555925976913
8,1,"J=0, heterogeneous, both",linear,7,0,0.323758721738665
8,1,"J=0, heterogeneous, both",linear,8,0,0.308806586730666
8,1,"J=0, heterogeneous, both",linear,9,0,0.305432813689632
8,1,"J=0, heterogeneous, both",linear,10,0,0.304242505312399
8,1,"J=0, heterogeneous, both",linear,11,0,0.296996618369767
8,1,"J=0, heterogeneous, both",linear,12,0,0.2963133028164
8,1,"J=0, heterogeneous, both",linear,13,0,0.297503548149794
8,1,"J=0, heterogeneous, both",linear,14,0,0.294293043038564
8,1,"J=0, heterogeneous, both",linear,15,0,0.290181716036534
8,1,"J=0, heterogeneous, both",linear,16,0,0.288585167364111
8,1,"J=0, heterogeneous, both",linear,17,0,0.290023678364891
8,1,"J=0, heterogeneous, both",linear,18,0,0.286575643237902
8,1,"J=0, heterogeneous, both",linear,19,0,0.282345307274052
8,1,"J=0, heterogeneous, both",linear,20,0,0.284003923451893
8,1,"J=0, heterogeneous, both",quadratic,1,1,0.000206380897374459
8,1,"J=0, heterogeneous, both",quadratic,2,2,0
8,1,"J=0, heterogeneous, both",quadratic,3,3,0
8,1,"J=0, heterogeneous, both",quadratic,4,4,0
8,1,"J=0, heterogeneous, both",quadratic,5,5,0
8,1,"J=0, heterogeneous, both",quadratic,6,6,0
8,1,"J=0, heterogeneous, both",quadratic,7,7,0
8,1,"J=0, heterogeneous, both",quadratic,8,8,0
8,1,"J=0, heterogeneous, both",quadratic,9,9,0
8,1,"J=0, heterogeneous, both",quadratic,10,10,0
8,1,"J=0, heterogeneous, both",cross_product,1,2,0.0139630200648414
8,1,"J=0, heterogeneous, both",cross_product,1,3,0.013453501941778
8,1,"J=0, heterogeneous, both",cross_product,1,4,0.0200009368125187
8,1,"J=0, heterogeneous, both",cross_product,1,5,0.0147241993677957
8,1,"J=0, heterogeneous, both",cross_product,1,6,0.00907944452150278
8,1,"J=0, heterogeneous, both",cross_product,1,7,0.00891818563684621
8,1,"J=0, heterogeneous, both",cross_product,1,8,0.00620403986587781
8,1,"J=0, heterogeneous, both",cross_product,1,9,0.00452340937622897
8,1,"J=0, heterogeneous, both",cross_product,1,10,0.00357404977495546
8,1,"J=0, heterogeneous, both",cross_product,2,3,0.0164722404143866
8,1,"J=0, heterogeneous, both",cross_product,2,4,0.0122555358386184
8,1,"J=0, heterogeneous, both",cross_product,2,5,0.0171566646350482
8,1,"J=0, heterogeneous, both",cross_product,2,6,0.012449436317973
8,1,"J=0, heterogeneous, both",cross_product,2,7,0.00949857690905753
8,1,"J=0, heterogeneous, both",cross_product,2,8,0.00957088082514579
8,1,"J=0, heterogeneous, both",cross_product,2,9,0.00579630981677948
8,1,"J=0, heterogeneous, both",cross_product,2,10,0.00473030602754909
8,1,"J=0, heterogeneous, both",cross_product,3,4,0.0165702423844563
8,1,"J=0, heterogeneous, both",cross_product,3,5,0.012326866740717
8,1,"J=0, heterogeneous, both",cross_product,3,6,0.0179684923587202
8,1,"J=0, heterogeneous, both",cross_product,3,7,0.00989120664626697
8,1,"J=0, heterogeneous, both",cross_product,3,8,0.00787060932774974
8,1,"J=0, heterogeneous, both",cross_product,3,9,0.00623532856287468
8,1,"J=0, heterogeneous, both",cross_product,3,10,0.00485249232015672
8,1,"J=0, heterogeneous, both",cross_product,4,5,0.0135661536513664
8,1,"J=0, heterogeneous, both",cross_product,4,6,0.0140845645353932
8,1,"J=0, heterogeneous, both",cross_product,4,7,0.0170671971949251
8,1,"J=0, heterogeneous, both",cross_product,4,8,0.00922950902914554
8,1,"J=0, heterogeneous, both",cross_product,4,9,0.00927567205277757
8,1,"J=0, heterogeneous, both",cross_product,4,10,0.00541809538548066
8,1,"J=0, heterogeneous, both",cross_product,5,6,0.0119990335717938
8,1,"J=0, heterogeneous, both",cross_product,5,7,0.012287488611309
8,1,"J=0, heterogeneous, both",cross_product,5,8,0.0131578093276233
8,1,"J=0, heterogeneous, both",cross_product,5,9,0.00836818168868592
8,1,"J=0, heterogeneous, both",cross_product,5,10,0.00773644340569368
8,1,"J=0, heterogeneous, both",cross_product,6,7,0.00886506036189449
8,1,"J=0, heterogeneous, both",cross_product,6,8,0.0106037628869432
8,1,"J=0, heterogeneous, both",cross_product,6,9,0.0135421662384247
8,1,"J=0, heterogeneous, both",cross_product,6,10,0.00901032443321337
8,1,"J=0, heterogeneous, both",cross_product,7,8,0.00958732469553047
8,1,"J=0, heterogeneous, both",cross_product,7,9,0.0107923920938827
8,1,"J=0, heterogeneous, both",cross_product,7,10,0.012823433557109
8,1,"J=0, heterogeneous, both",cross_product,8,9,0.00871966950502467
8,1,"J=0, heterogeneous, both",cross_product,8,10,0.00777501430278904
8,1,"J=0, heterogeneous, both",cross_product,9,10,0.00802266732291346
9,1,"J=0, heterogeneous, both",linear,1,0,0.880630203848023
9,1,"J=0, heterogeneous, both",linear,2,0,0.42561495001895
9,1,"J=0, heterogeneous, both",linear,3,0,0.414191120586646
9,1,"J=0, heterogeneous, both",linear,4,0,0.339065252304871
9,1,"J=0, heterogeneous, both",linear,5,0,0.340833690648066
9,1,"J=0, heterogeneous, both",linear,6,0,0.333694487707938
9,1,"J=0, heterogeneous, both",linear,7,0,0.306991698988389
9,1,"J=0, heterogeneous, both",linear,8,0,0.309346592042467
9,1,"J=0, heterogeneous, both",linear,9,0,0.309381317296345
9,1,"J=0, heterogeneous, both",linear,10,0,0.302652503940281
9,1,"J=0, heterogeneous, both",linear,11,0,0.29580593472964
9,1,"J=0, heterogeneous, both",linear,12,0,0.300607453762043
9,1,"J=0, heterogeneous, both",linear,13,0,0.295412004917704
9,1,"J=0, heterogeneous, both",linear,14,0,0.286285717085795
9,1,"J=0, heterogeneous, both",linear,15,0,0.289826361259172
9,1,"J=0, heterogeneous, both",linear,16,0,0.291400625803396
9,1,"J=0, heterogeneous, both",linear,17,0,0.287024633316727
9,1,"J=0, heterogeneous, both",linear,18,0,0.283516922483726
9,1,"J=0, heterogeneous, both",linear,19,0,0.28774939253744
9,1,"J=0, heterogeneous, both",linear,20,0,0.286488416865692
9,1,"J=0, heterogeneous, both",quadratic,1,1,0
9,1,"J=0, heterogeneous, both",quadratic,2,2,0
9,1,"J=0, heterogeneous, both",quadratic,3,3,0
9,1,"J=0, heterogeneous, both",quadratic,4,4,0
9,1,"J=0, heterogeneous, both",quadratic,5,5,0
9,1,"J=0, heterogeneous, both",quadratic,6,6,0
9,1,"J=0, heterogeneous, both",quadratic,7,7,0
9,1,"J=0, heterogeneous, both",quadratic,8,8,0
9,1,"J=0, heterogeneous, both",quadratic,9,9,0
9,1,"J=0, heterogeneous, both",quadratic,10,10,0
9,1,"J=0, heterogeneous, both",cross_product,1,2,0.00055010229092245
9,1,"J=0, heterogeneous, both",cross_product,1,3,0
9,1,"J=0, heterogeneous, both",cross_product,1,4,0.00340330554161161
9,1,"J=0, heterogeneous, both",cross_product,1,5,0
9,1,"J=0, heterogeneous, both",cross_product,1,6,0
9,1,"J=0, heterogeneous, both",cross_product,1,7,0
9,1,"J=0, heterogeneous, both",cross_product,1,8,0
9,1,"J=0, heterogeneous, both",cross_product,1,9,0
9,1,"J=0, heterogeneous, both",cross_product,1,10,0
9,1,"J=0, heterogeneous, both",cross_product,2,3,0
9,1,"J=0, heterogeneous, both",cross_product,2,4,0
9,1,"J=0, heterogeneous, both",cross_product,2,5,0.00226917646911584
9,1,"J=0, heterogeneous, both",cross_product,2,6,0
9,1,"J=0, heterogeneous, both",cross_product,2,7,0
9,1,"J=0, heterogeneous, both",cross_product,2,8,0
9,1,"J=0, heterogeneous, both",cross_product,2,9,0
9,1,"J=0, heterogeneous, both",cross_product,2,10,0
9,1,"J=0, heterogeneous, both",cross_product,3,4,0.000650408620135989
9,1,"J=0, heterogeneous, both",cross_product,3,5,0
9,1,"J=0, heterogeneous, both",cross_product,3,6,0.00289739260480382
9,1,"J=0, heterogeneous, both",cross_product,3,7,0
9,1,"J=0, heterogeneous, both",cross_product,3,8,0
9,1,"J=0, heterogeneous, both",cross_product,3,9,0
9,1,"J=0, heterogeneous, both",cross_product,3,10,0
9,1,"J=0, heterogeneous, both",cross_product,4,5,0.000679729197437307
9,1,"J=0, heterogeneous, both",cross_product,4,6,0
9,1,"J=0, heterogeneous, both",cross_product,4,7,0.00399357222098506
9,1,"J=0, heterogeneous, both",cross_product,4,8,0
9,1,"J=0, heterogeneous, both",cross_product,4,9,0
9,1,"J=0, heterogeneous, both",cross_product,4,10,0
9,1,"J=0, heterogeneous, both",cross_product,5,6,0.00109263337576515
9,1,"J=0, heterogeneous, both",cross_product,5,7,0
9,1,"J=0, heterogeneous, both",cross_product,5,8,0.00451521970133206
9,1,"J=0, heterogeneous, both",cross_product,5,9,0
9,1,"J=0, heterogeneous, both",cross_product,5,10,0
9,1,"J=0, heterogeneous, both",cross_product,6,7,0.00107354872220511
9,1,"J=0, heterogeneous, both",cross_product,6,8,0
9,1,"J=0, heterogeneous, both",cross_product,6,9,0.00283544245833856
9,1,"J=0, heterogeneous, both",cross_product,6,10,0
9,1,"J=0, heterogeneous, both",cross_product,7,8,0.0011780145185446
9,1,"J=0, heterogeneous, both",cross_product,7,9,0
9,1,"J=0, heterogeneous, both",cross_product,7,10,0.00230071004027066
9,1,"J=0, heterogeneous, both",cross_product,8,9,0.000955719199400407
9,1,"J=0, heterogeneous, both",cross_product,8,10,0
9,1,"J=0, heterogeneous, both",cross_product,9,10,0.000620862390372512
10,1,"J=0, heterogeneous, both",linear,1,0,0.760648198560176
10,1,"J=0, heterogeneous, both",linear,2,0,0.383073949921734
10,1,"J=0, heterogeneous, both",linear,3,0,0.383899373290764
10,1,"J=0, heterogeneous, both",linear,4,0,0.344059831791973
10,1,"J=0, heterogeneous, both",linear,5,0,0.316051644369646
10,1,"J=0, heterogeneous, both",linear,6,0,0.317612665761704
10,1,"J=0, heterogeneous, both",linear,7,0,0.308582811256048
10,1,"J=0, heterogeneous, both",linear,8,0,0.298802764590363
10,1,"J=0, heterogeneous, both",linear,9,0,0.297366141566605
10,1,"J=0, heterogeneous, both",linear,10,0,0.293519155978484
10,1,"J=0, heterogeneous, both",linear,11,0,0.289615980408001
10,1,"J=0, heterogeneous, both",linear,12,0,0.287269989065783
10,1,"J=0, heterogeneous, both",linear,13,0,0.286013208247283
10,1,"J=0, heterogeneous, both",linear,14,0,0.27830275048952
10,1,"J=0, heterogeneous, both",linear,15,0,0.277543144351374
10,1,"J=0, heterogeneous, both",linear,16,0,0.276649085707483
10,1,"J=0, heterogeneous, both",linear,17,0,0.275602829000074
10,1,"J=0, heterogeneous, both",linear,18,0,0.275753757579824
10,1,"J=0, heterogeneous, both",linear,19,0,0.273007511959026
10,1,"J=0, heterogeneous, both",linear,20,0,0.273998736919247
10,1,"J=0, heterogeneous, both",quadratic,1,1,0.000852646771359322
10,1,"J=0, heterogeneous, both",quadratic,2,2,0.00446532130935617
10,1,"J=0, heterogeneous, both",quadratic,3,3,0.00818950656376893
10,1,"J=0, heterogeneous, both",quadratic,4,4,0.00846664901596261
10,1,"J=0, heterogeneous, both",quadratic,5,5,0.00787883651641996
10,1,"J=0, heterogeneous, both",quadratic,6,6,0.0077349184040777
10,1,"J=0, heterogeneous, both",quadratic,7,7,0.006591154262796
10,1,"J=0, heterogeneous, both",quadratic,8,8,0.00484621961918963
10,1,"J=0, heterogeneous, both",quadratic,9,9,0.00446585067418892
10,1,"J=0, heterogeneous, both",quadratic,10,10,0.00432657989677609
10,1,"J=0, heterogeneous, both",cross_product,1,2,0.0210991538452078
10,1,"J=0, heterogeneous, both",cross_product,1,3,0.0377531983665603
10,1,"J=0, heterogeneous, both",cross_product,1,4,0.0442394744179416
10,1,"J=0, heterogeneous, both",cross_product,1,5,0.0421239036276099
10,1,"J=0, heterogeneous, both",cross_product,1,6,0.0298312222760519
10,1,"J=0, heterogeneous, both",cross_product,1,7,0.0325889810088723
10,1,"J=0, heterogeneous, both",cross_product,1,8,0.0247147045738845
10,1,"J=0, heterogeneous, both",cross_product,1,9,0.0185597678356078
10,1,"J=0, heterogeneous, both",cross_product,1,10,0.0215025557081087
10,1,"J=0, heterogeneous, both",cross_product,2,3,0.031795252233017
10,1,"J=0, heterogeneous, both",cross_product,2,4,0.0446727784640396
10,1,"J=0, heterogeneous, both",cross_product,2,5,0.0432594390417509
10,1,"J=0, heterogeneous, both",cross_product,2,6,0.0354284584621704
10,1,"J=0, heterogeneous, both",cross_product,2,7,0.0227983050513836
10,1,"J=0, heterogeneous, both",cross_product,2,8,0.023190768157821
10,1,"J=0, heterogeneous, both",cross_product,2,9,0.0237153978994621
10,1,"J=0, heterogeneous, both",cross_product,2,10,0.0174869722652981
10,1,"J=0, heterogeneous, both",cross_product,3,4,0.0392430059246602
10,1,"J=0, heterogeneous, both",cross_product,3,5,0.0416004955170856
10,1,"J=0, heterogeneous, both",cross_product,3,6,0.0331782780552953
10,1,"J=0, heterogeneous, both",cross_product,3,7,0.0277243330522502
10,1,"J=0, heterogeneous, both",cross_product,3,8,0.0188744104091103
10,1,"J=0, heterogeneous, both",cross_product,3,9,0.0169701968393451
10,1,"J=0, heterogeneous, both",cross_product,3,10,0.0222376799538622
10,1,"J=0, heterogeneous, both",cross_product,4,5,0.0383337138827554
10,1,"J=0, heterogeneous, both",cross_product,4,6,0.0368908457913245
10,1,"J=0, heterogeneous, both",cross_product,4,7,0.0233449400056928
10,1,"J=0, heterogeneous, both",cross_product,4,8,0.0224825711023242
10,1,"J=0, heterogeneous, both",cross_product,4,9,0.0177791040286356
10,1,"J=0, heterogeneous, both",cross_product,4,10,0.0135178577474468
10,1,"J=0, heterogeneous, both",cross_product,5,6,0.0310929261342441
10,1,"J=0, heterogeneous, both",cross_product,5,7,0.031139855768522
10,1,"J=0, heterogeneous, both",cross_product,5,8,0.0189693516370101
10,1,"J=0, heterogeneous, both",cross_product,5,9,0.0196717722029368
10,1,"J=0, heterogeneous, both",cross_product,5,10,0.0163505309624893
10,1,"J=0, heterogeneous, both",cross_product,6,7,0.0246270651937532
10,1,"J=0, heterogeneous, both",cross_product,6,8,0.0255940207965689
10,1,"J=0, heterogeneous, both",cross_product,6,9,0.0159398309760188
10,1,"J=0, heterogeneous, both",cross_product,6,10,0.0185309261789323
10,1,"J=0, heterogeneous, both",cross_product,7,8,0.0191397949903225
10,1,"J=0, heterogeneous, both",cross_product,7,9,0.0239604031161444
10,1,"J=0, heterogeneous, both",cross_product,7,10,0.0134280462166002
10,1,"J=0, heterogeneous, both",cross_product,8,9,0.0193191537922582
10,1,"J=0, heterogeneous, both",cross_product,8,10,0.0225346013502415
10,1,"J=0, heterogeneous, both",cross_product,9,10,0.0193856727570267
1,2,"J=.65, uniform G, detuning",linear,1,0,0.863244865112677
1,2,"J=.65, uniform G, detuning",linear,2,0,0.618734574643518
1,2,"J=.65, uniform G, detuning",linear,3,0,0.571448318694645
1,2,"J=.65, uniform G, detuning",linear,4,0,0.570836649790684
1,2,"J=.65, uniform G, detuning",linear,5,0,0.548085655298604
1,2,"J=.65, uniform G, detuning",linear,6,0,0.551585794207104
1,2,"J=.65, uniform G, detuning",linear,7,0,0.549626543117891
1,2,"J=.65, uniform G, detuning",linear,8,0,0.538607119796065
1,2,"J=.65, uniform G, detuning",linear,9,0,0.540808611030837
1,2,"J=.65, uniform G, detuning",linear,10,0,0.523623547229747
1,2,"J=.65, uniform G, detuning",linear,11,0,0.522902159998941
1,2,"J=.65, uniform G, detuning",linear,12,0,0.519896672867548
1,2,"J=.65, uniform G, detuning",linear,13,0,0.519567182137143
1,2,"J=.65, uniform G, detuning",linear,14,0,0.495854363362525
1,2,"J=.65, uniform G, detuning",linear,15,0,0.503887580872237
1,2,"J=.65, uniform G, detuning",linear,16,0,0.465048281513347
1,2,"J=.65, uniform G, detuning",linear,17,0,0.464160744825774
1,2,"J=.65, uniform G, detuning",linear,18,0,0.452460864422565
1,2,"J=.65, uniform G, detuning",linear,19,0,0.455560032984362
1,2,"J=.65, uniform G, detuning",linear,20,0,0.46461224179627
1,2,"J=.65, uniform G, detuning",quadratic,1,1,0.00075949280888743
1,2,"J=.65, uniform G, detuning",quadratic,2,2,0.000105021665724903
1,2,"J=.65, uniform G, detuning",quadratic,3,3,0
1,2,"J=.65, uniform G, detuning",quadratic,4,4,0
1,2,"J=.65, uniform G, detuning",quadratic,5,5,0
1,2,"J=.65, uniform G, detuning",quadratic,6,6,0
1,2,"J=.65, uniform G, detuning",quadratic,7,7,0
1,2,"J=.65, uniform G, detuning",quadratic,8,8,0
1,2,"J=.65, uniform G, detuning",quadratic,9,9,0
1,2,"J=.65, uniform G, detuning",quadratic,10,10,0
1,2,"J=.65, uniform G, detuning",cross_product,1,2,0.0123623134561895
1,2,"J=.65, uniform G, detuning",cross_product,1,3,0.00895268631223956
1,2,"J=.65, uniform G, detuning",cross_product,1,4,0.00327460710242145
1,2,"J=.65, uniform G, detuning",cross_product,1,5,0.00139478832432149
1,2,"J=.65, uniform G, detuning",cross_product,1,6,0
1,2,"J=.65, uniform G, detuning",cross_product,1,7,0
1,2,"J=.65, uniform G, detuning",cross_product,1,8,0
1,2,"J=.65, uniform G, detuning",cross_product,1,9,0.000410306960549556
1,2,"J=.65, uniform G, detuning",cross_product,1,10,0.000180751125640644
1,2,"J=.65, uniform G, detuning",cross_product,2,3,0.00823466174887366
1,2,"J=.65, uniform G, detuning",cross_product,2,4,0.00379891409603306
1,2,"J=.65, uniform G, detuning",cross_product,2,5,0
1,2,"J=.65, uniform G, detuning",cross_product,2,6,0
1,2,"J=.65, uniform G, detuning",cross_product,2,7,0
1,2,"J=.65, uniform G, detuning",cross_product,2,8,0
1,2,"J=.65, uniform G, detuning",cross_product,2,9,0
1,2,"J=.65, uniform G, detuning",cross_product,2,10,0.00344602631014568
1,2,"J=.65, uniform G, detuning",cross_product,3,4,0.00710859354958249
1,2,"J=.65, uniform G, detuning",cross_product,3,5,0
1,2,"J=.65, uniform G, detuning",cross_product,3,6,0
1,2,"J=.65, uniform G, detuning",cross_product,3,7,0
1,2,"J=.65, uniform G, detuning",cross_product,3,8,0
1,2,"J=.65, uniform G, detuning",cross_product,3,9,0
1,2,"J=.65, uniform G, detuning",cross_product,3,10,0
1,2,"J=.65, uniform G, detuning",cross_product,4,5,0.00483818959843363
1,2,"J=.65, uniform G, detuning",cross_product,4,6,0
1,2,"J=.65, uniform G, detuning",cross_product,4,7,0
1,2,"J=.65, uniform G, detuning",cross_product,4,8,0
1,2,"J=.65, uniform G, detuning",cross_product,4,9,0
1,2,"J=.65, uniform G, detuning",cross_product,4,10,0
1,2,"J=.65, uniform G, detuning",cross_product,5,6,0.00199410287828949
1,2,"J=.65, uniform G, detuning",cross_product,5,7,0
1,2,"J=.65, uniform G, detuning",cross_product,5,8,0
1,2,"J=.65, uniform G, detuning",cross_product,5,9,0
1,2,"J=.65, uniform G, detuning",cross_product,5,10,0
1,2,"J=.65, uniform G, detuning",cross_product,6,7,0.00129523482666261
1,2,"J=.65, uniform G, detuning",cross_product,6,8,0
1,2,"J=.65, uniform G, detuning",cross_product,6,9,0
1,2,"J=.65, uniform G, detuning",cross_product,6,10,0
1,2,"J=.65, uniform G, detuning",cross_product,7,8,0.00240752103106701
1,2,"J=.65, uniform G, detuning",cross_product,7,9,0
1,2,"J=.65, uniform G, detuning",cross_product,7,10,0.00429719420207741
1,2,"J=.65, uniform G, detuning",cross_product,8,9,0.00336962572659116
1,2,"J=.65, uniform G, detuning",cross_product,8,10,0
1,2,"J=.65, uniform G, detuning",cross_product,9,10,0.0042965009501067
2,2,"J=.65, uniform G, detuning",linear,1,0,0.893934347420481
2,2,"J=.65, uniform G, detuning",linear,2,0,0.639034493975291
2,2,"J=.65, uniform G, detuning",linear,3,0,0.562786457620203
2,2,"J=.65, uniform G, detuning",linear,4,0,0.577373412077888
2,2,"J=.65, uniform G, detuning",linear,5,0,0.533240187159322
2,2,"J=.65, uniform G, detuning",linear,6,0,0.550954475664416
2,2,"J=.65, uniform G, detuning",linear,7,0,0.530258167420429
2,2,"J=.65, uniform G, detuning",linear,8,0,0.533663286859138
2,2,"J=.65, uniform G, detuning",linear,9,0,0.522810442855387
2,2,"J=.65, uniform G, detuning",linear,10,0,0.51590462684201
2,2,"J=.65, uniform G, detuning",linear,11,0,0.511109738590252
2,2,"J=.65, uniform G, detuning",linear,12,0,0.511195856887982
2,2,"J=.65, uniform G, detuning",linear,13,0,0.513678966565251
2,2,"J=.65, uniform G, detuning",linear,14,0,0.498602026134617
2,2,"J=.65, uniform G, detuning",linear,15,0,0.499290607857436
2,2,"J=.65, uniform G, detuning",linear,16,0,0.457819995270697
2,2,"J=.65, uniform G, detuning",linear,17,0,0.478101059410796
2,2,"J=.65, uniform G, detuning",linear,18,0,0.448419236904036
2,2,"J=.65, uniform G, detuning",linear,19,0,0.431978942420219
2,2,"J=.65, uniform G, detuning",linear,20,0,0.476081589242979
2,2,"J=.65, uniform G, detuning",quadratic,1,1,0.000644216830796518
2,2,"J=.65, uniform G, detuning",quadratic,2,2,0.000644385976175554
2,2,"J=.65, uniform G, detuning",quadratic,3,3,0
2,2,"J=.65, uniform G, detuning",quadratic,4,4,0
2,2,"J=.65, uniform G, detuning",quadratic,5,5,0
2,2,"J=.65, uniform G, detuning",quadratic,6,6,0
2,2,"J=.65, uniform G, detuning",quadratic,7,7,0
2,2,"J=.65, uniform G, detuning",quadratic,8,8,0
2,2,"J=.65, uniform G, detuning",quadratic,9,9,0
2,2,"J=.65, uniform G, detuning",quadratic,10,10,0
2,2,"J=.65, uniform G, detuning",cross_product,1,2,0
2,2,"J=.65, uniform G, detuning",cross_product,1,3,0.00111174215150656
2,2,"J=.65, uniform G, detuning",cross_product,1,4,0.00445186248678642
2,2,"J=.65, uniform G, detuning",cross_product,1,5,0
2,2,"J=.65, uniform G, detuning",cross_product,1,6,0
2,2,"J=.65, uniform G, detuning",cross_product,1,7,0.00544241235982112
2,2,"J=.65, uniform G, detuning",cross_product,1,8,0
2,2,"J=.65, uniform G, detuning",cross_product,1,9,0.00136269258823529
2,2,"J=.65, uniform G, detuning",cross_product,1,10,0.000459582577865492
2,2,"J=.65, uniform G, detuning",cross_product,2,3,0
2,2,"J=.65, uniform G, detuning",cross_product,2,4,0.00114190310518836
2,2,"J=.65, uniform G, detuning",cross_product,2,5,0.00443474483531514
2,2,"J=.65, uniform G, detuning",cross_product,2,6,0
2,2,"J=.65, uniform G, detuning",cross_product,2,7,0.000162347526386886
2,2,"J=.65, uniform G, detuning",cross_product,2,8,0.00512265114703914
2,2,"J=.65, uniform G, detuning",cross_product,2,9,0
2,2,"J=.65, uniform G, detuning",cross_product,2,10,0.000821086076236766
2,2,"J=.65, uniform G, detuning",cross_product,3,4,0
2,2,"J=.65, uniform G, detuning",cross_product,3,5,0.00145954193345221
2,2,"J=.65, uniform G, detuning",cross_product,3,6,0.00315248927261791
2,2,"J=.65, uniform G, detuning",cross_product,3,7,0.00114950085992471
2,2,"J=.65, uniform G, detuning",cross_product,3,8,0
2,2,"J=.65, uniform G, detuning",cross_product,3,9,0.003973947620456
2,2,"J=.65, uniform G, detuning",cross_product,3,10,0
2,2,"J=.65, uniform G, detuning",cross_product,4,5,0
2,2,"J=.65, uniform G, detuning",cross_product,4,6,0.00198450089570867
2,2,"J=.65, uniform G, detuning",cross_product,4,7,0.00200889814021943
2,2,"J=.65, uniform G, detuning",cross_product,4,8,0.00118357325793494
2,2,"J=.65, uniform G, detuning",cross_product,4,9,0
2,2,"J=.65, uniform G, detuning",cross_product,4,10,0.003904837164726
2,2,"J=.65, uniform G, detuning",cross_product,5,6,0
2,2,"J=.65, uniform G, detuning",cross_product,5,7,0.00166660770739901
2,2,"J=.65, uniform G, detuning",cross_product,5,8,0.00231478950777431
2,2,"J=.65, uniform G, detuning",cross_product,5,9,0.000367879518448855
2,2,"J=.65, uniform G, detuning",cross_product,5,10,0
2,2,"J=.65, uniform G, detuning",cross_product,6,7,0
2,2,"J=.65, uniform G, detuning",cross_product,6,8,0.00168591876811719
2,2,"J=.65, uniform G, detuning",cross_product,6,9,0.00237007405348788
2,2,"J=.65, uniform G, detuning",cross_product,6,10,0
2,2,"J=.65, uniform G, detuning",cross_product,7,8,0
2,2,"J=.65, uniform G, detuning",cross_product,7,9,0.000556694802317015
2,2,"J=.65, uniform G, detuning",cross_product,7,10,0.00141809798123516
2,2,"J=.65, uniform G, detuning",cross_product,8,9,0
2,2,"J=.65, uniform G, detuning",cross_product,8,10,0
2,2,"J=.65, uniform G, detuning",cross_product,9,10,0
3,2,"J=.65, uniform G, detuning",linear,1,0,0.841280170846455
3,2,"J=.65, uniform G, detuning",linear,2,0,0.622890911703206
3,2,"J=.65, uniform G, detuning",linear,3,0,0.57727308396398
3,2,"J=.65, uniform G, detuning",linear,4,0,0.57898101534339
3,2,"J=.65, uniform G, detuning",linear,5,0,0.553077033743745
3,2,"J=.65, uniform G, detuning",linear,6,0,0.554258134769557
3,2,"J=.65, uniform G, detuning",linear,7,0,0.548495501976274
3,2,"J=.65, uniform G, detuning",linear,8,0,0.543021112345095
3,2,"J=.65, uniform G, detuning",linear,9,0,0.538823182135465
3,2,"J=.65, uniform G, detuning",linear,10,0,0.52212603312674
3,2,"J=.65, uniform G, detuning",linear,11,0,0.518541653656285
3,2,"J=.65, uniform G, detuning",linear,12,0,0.500192224299529
3,2,"J=.65, uniform G, detuning",linear,13,0,0.506789355981488
3,2,"J=.65, uniform G, detuning",linear,14,0,0.477180242392212
3,2,"J=.65, uniform G, detuning",linear,15,0,0.475657223174388
3,2,"J=.65, uniform G, detuning",linear,16,0,0.456052358016772
3,2,"J=.65, uniform G, detuning",linear,17,0,0.432777332375869
3,2,"J=.65, uniform G, detuning",linear,18,0,0.422016182917441
3,2,"J=.65, uniform G, detuning",linear,19,0,0.424147360914349
3,2,"J=.65, uniform G, detuning",linear,20,0,0.42677608172668
3,2,"J=.65, uniform G, detuning",quadratic,1,1,0.00109963115473655
3,2,"J=.65, uniform G, detuning",quadratic,2,2,0.00125467836459991
3,2,"J=.65, uniform G, detuning",quadratic,3,3,0.0014740932254812
3,2,"J=.65, uniform G, detuning",quadratic,4,4,0.0012554049009329
3,2,"J=.65, uniform G, detuning",quadratic,5,5,0.000793773282285026
3,2,"J=.65, uniform G, detuning",quadratic,6,6,0
3,2,"J=.65, uniform G, detuning",quadratic,7,7,3.47886276421683e-05
3,2,"J=.65, uniform G, detuning",quadratic,8,8,0.000273520856985177
3,2,"J=.65, uniform G, detuning",quadratic,9,9,0.000558694689209105
3,2,"J=.65, uniform G, detuning",quadratic,10,10,0.00071489439393424
3,2,"J=.65, uniform G, detuning",cross_product,1,2,0.00976612493322015
3,2,"J=.65, uniform G, detuning",cross_product,1,3,0.00855061950057712
3,2,"J=.65, uniform G, detuning",cross_product,1,4,0.00443320742946307
3,2,"J=.65, uniform G, detuning",cross_product,1,5,0.0052653976750674
3,2,"J=.65, uniform G, detuning",cross_product,1,6,0.0133482903698046
3,2,"J=.65, uniform G, detuning",cross_product,1,7,0.00511899616945721
3,2,"J=.65, uniform G, detuning",cross_product,1,8,0
3,2,"J=.65, uniform G, detuning",cross_product,1,9,0.0063356414651613
3,2,"J=.65, uniform G, detuning",cross_product,1,10,0.0057868691356725
3,2,"J=.65, uniform G, detuning",cross_product,2,3,0.0093139207298939
3,2,"J=.65, uniform G, detuning",cross_product,2,4,0.00969808415350981
3,2,"J=.65, uniform G, detuning",cross_product,2,5,0.00526490626360188
3,2,"J=.65, uniform G, detuning",cross_product,2,6,0.00566439656648854
3,2,"J=.65, uniform G, detuning",cross_product,2,7,0.0111763603942288
3,2,"J=.65, uniform G, detuning",cross_product,2,8,0.0046314553701382
3,2,"J=.65, uniform G, detuning",cross_product,2,9,0
3,2,"J=.65, uniform G, detuning",cross_product,2,10,0.00513022731733337
3,2,"J=.65, uniform G, detuning",cross_product,3,4,0.00722586499475675
3,2,"J=.65, uniform G, detuning",cross_product,3,5,0.00848630800307004
3,2,"J=.65, uniform G, detuning",cross_product,3,6,0.00340795610696087
3,2,"J=.65, uniform G, detuning",cross_product,3,7,0.00519789534135884
3,2,"J=.65, uniform G, detuning",cross_product,3,8,0.0100917003703292
3,2,"J=.65, uniform G, detuning",cross_product,3,9,0.00373285736795437
3,2,"J=.65, uniform G, detuning",cross_product,3,10,0
3,2,"J=.65, uniform G, detuning",cross_product,4,5,0.00881650897972963
3,2,"J=.65, uniform G, detuning",cross_product,4,6,0.00831726013760004
3,2,"J=.65, uniform G, detuning",cross_product,4,7,0.00440823219414055
3,2,"J=.65, uniform G, detuning",cross_product,4,8,0.00378599757588949
3,2,"J=.65, uniform G, detuning",cross_product,4,9,0.00920819952781837
3,2,"J=.65, uniform G, detuning",cross_product,4,10,0.00358705518796132
3,2,"J=.65, uniform G, detuning",cross_product,5,6,0.0089995650229413
3,2,"J=.65, uniform G, detuning",cross_product,5,7,0.00416277067552884
3,2,"J=.65, uniform G, detuning",cross_product,5,8,0.00331601635426559
3,2,"J=.65, uniform G, detuning",cross_product,5,9,0.00351939591154415
3,2,"J=.65, uniform G, detuning",cross_product,5,10,0.00828097283904017
3,2,"J=.65, uniform G, detuning",cross_product,6,7,0.00663758581488061
3,2,"J=.65, uniform G, detuning",cross_product,6,8,0.00249889694216932
3,2,"J=.65, uniform G, detuning",cross_product,6,9,0.00319655729689028
3,2,"J=.65, uniform G, detuning",cross_product,6,10,0.00359401950783356
3,2,"J=.65, uniform G, detuning",cross_product,7,8,0.00535228086429551
3,2,"J=.65, uniform G, detuning",cross_product,7,9,0.00104316482872624
3,2,"J=.65, uniform G, detuning",cross_product,7,10,0.00225217805097566
3,2,"J=.65, uniform G, detuning",cross_product,8,9,0.00419686910697281
3,2,"J=.65, uniform G, detuning",cross_product,8,10,0.000269714060692317
3,2,"J=.65, uniform G, detuning",cross_product,9,10,0.0050407741152253
4,2,"J=.65, uniform G, detuning",linear,1,0,0.844804818525796
4,2,"J=.65, uniform G, detuning",linear,2,0,0.59006093204546
4,2,"J=.65, uniform G, detuning",linear,3,0,0.566026160156193
4,2,"J=.65, uniform G, detuning",linear,4,0,0.559887012080895
4,2,"J=.65, uniform G, detuning",linear,5,0,0.545498010235479
4,2,"J=.65, uniform G, detuning",linear,6,0,0.548763289692486
4,2,"J=.65, uniform G, detuning",linear,7,0,0.542695161350967
4,2,"J=.65, uniform G, detuning",linear,8,0,0.542517716111581
4,2,"J=.65, uniform G, detuning",linear,9,0,0.542802573148219
4,2,"J=.65, uniform G, detuning",linear,10,0,0.526130093318036
4,2,"J=.65, uniform G, detuning",linear,11,0,0.530763833087934
4,2,"J=.65, uniform G, detuning",linear,12,0,0.531996787983889
4,2,"J=.65, uniform G, detuning",linear,13,0,0.522290871082702
4,2,"J=.65, uniform G, detuning",linear,14,0,0.531795488420717
4,2,"J=.65, uniform G, detuning",linear,15,0,0.514940343001765
4,2,"J=.65, uniform G, detuning",linear,16,0,0.483834217483526
4,2,"J=.65, uniform G, detuning",linear,17,0,0.477467285937088
4,2,"J=.65, uniform G, detuning",linear,18,0,0.435637132585551
4,2,"J=.65, uniform G, detuning",linear,19,0,0.441470962271419
4,2,"J=.65, uniform G, detuning",linear,20,0,0.41132368974449
4,2,"J=.65, uniform G, detuning",quadratic,1,1,0.00100352211194854
4,2,"J=.65, uniform G, detuning",quadratic,2,2,0.000385318367545295
4,2,"J=.65, uniform G, detuning",quadratic,3,3,0
4,2,"J=.65, uniform G, detuning",quadratic,4,4,0
4,2,"J=.65, uniform G, detuning",quadratic,5,5,0.000117338612730999
4,2,"J=.65, uniform G, detuning",quadratic,6,6,0
4,2,"J=.65, uniform G, detuning",quadratic,7,7,0
4,2,"J=.65, uniform G, detuning",quadratic,8,8,0
4,2,"J=.65, uniform G, detuning",quadratic,9,9,0
4,2,"J=.65, uniform G, detuning",quadratic,10,10,0
4,2,"J=.65, uniform G, detuning",cross_product,1,2,0.00464267696538134
4,2,"J=.65, uniform G, detuning",cross_product,1,3,0.00134145102592165
4,2,"J=.65, uniform G, detuning",cross_product,1,4,0.0063941307738562
4,2,"J=.65, uniform G, detuning",cross_product,1,5,0.00194399194592043
4,2,"J=.65, uniform G, detuning",cross_product,1,6,0.00321867525983022
4,2,"J=.65, uniform G, detuning",cross_product,1,7,0
4,2,"J=.65, uniform G, detuning",cross_product,1,8,0
4,2,"J=.65, uniform G, detuning",cross_product,1,9,0.00577470442801087
4,2,"J=.65, uniform G, detuning",cross_product,1,10,0.00117662428459531
4,2,"J=.65, uniform G, detuning",cross_product,2,3,2.3526352255554e-05
4,2,"J=.65, uniform G, detuning",cross_product,2,4,0.00183960519138704
4,2,"J=.65, uniform G, detuning",cross_product,2,5,0.00680524646934744
4,2,"J=.65, uniform G, detuning",cross_product,2,6,0.00086422998150959
4,2,"J=.65, uniform G, detuning",cross_product,2,7,0.000686184570605319
4,2,"J=.65, uniform G, detuning",cross_product,2,8,0
4,2,"J=.65, uniform G, detuning",cross_product,2,9,0
4,2,"J=.65, uniform G, detuning",cross_product,2,10,0.00490700844387137
4,2,"J=.65, uniform G, detuning",cross_product,3,4,0.00013792045604677
4,2,"J=.65, uniform G, detuning",cross_product,3,5,0.000174663382089379
4,2,"J=.65, uniform G, detuning",cross_product,3,6,0.00400973191129173
4,2,"J=.65, uniform G, detuning",cross_product,3,7,8.13386246445447e-06
4,2,"J=.65, uniform G, detuning",cross_product,3,8,0.00215186588509064
4,2,"J=.65, uniform G, detuning",cross_product,3,9,0
4,2,"J=.65, uniform G, detuning",cross_product,3,10,0
4,2,"J=.65, uniform G, detuning",cross_product,4,5,0.00306876548035095
4,2,"J=.65, uniform G, detuning",cross_product,4,6,0
4,2,"J=.65, uniform G, detuning",cross_product,4,7,0.00319042800502889
4,2,"J=.65, uniform G, detuning",cross_product,4,8,0
4,2,"J=.65, uniform G, detuning",cross_product,4,9,0.00218249290913686
4,2,"J=.65, uniform G, detuning",cross_product,4,10,0
4,2,"J=.65, uniform G, detuning",cross_product,5,6,9.87368242596487e-05
4,2,"J=.65, uniform G, detuning",cross_product,5,7,0
4,2,"J=.65, uniform G, detuning",cross_product,5,8,0.00346919729381101
4,2,"J=.65, uniform G, detuning",cross_product,5,9,0.000994143566715344
4,2,"J=.65, uniform G, detuning",cross_product,5,10,0.00102489033734643
4,2,"J=.65, uniform G, detuning",cross_product,6,7,0
4,2,"J=.65, uniform G, detuning",cross_product,6,8,0
4,2,"J=.65, uniform G, detuning",cross_product,6,9,0.00378317147760343
4,2,"J=.65, uniform G, detuning",cross_product,6,10,0
4,2,"J=.65, uniform G, detuning",cross_product,7,8,0
4,2,"J=.65, uniform G, detuning",cross_product,7,9,0
4,2,"J=.65, uniform G, detuning",cross_product,7,10,0.00311227420502269
4,2,"J=.65, uniform G, detuning",cross_product,8,9,0
4,2,"J=.65, uniform G, detuning",cross_product,8,10,0
4,2,"J=.65, uniform G, detuning",cross_product,9,10,0.00195965269792719
5,2,"J=.65, uniform G, detuning",linear,1,0,0.88377301428195
5,2,"J=.65, uniform G, detuning",linear,2,0,0.628221472143291
5,2,"J=.65, uniform G, detuning",linear,3,0,0.584408164719966
5,2,"J=.65, uniform G, detuning",linear,4,0,0.581956345637455
5,2,"J=.65, uniform G, detuning",linear,5,0,0.571244836969619
5,2,"J=.65, uniform G, detuning",linear,6,0,0.567701560508707
5,2,"J=.65, uniform G, detuning",linear,7,0,0.571262457976225
5,2,"J=.65, uniform G, detuning",linear,8,0,0.554237031454705
5,2,"J=.65, uniform G, detuning",linear,9,0,0.553253334070668
5,2,"J=.65, uniform G, detuning",linear,10,0,0.531318056450421
5,2,"J=.65, uniform G, detuning",linear,11,0,0.53266802636237
5,2,"J=.65, uniform G, detuning",linear,12,0,0.516707489471093
5,2,"J=.65, uniform G, detuning",linear,13,0,0.523392409470971
5,2,"J=.65, uniform G, detuning",linear,14,0,0.506676182753725
5,2,"J=.65, uniform G, detuning",linear,15,0,0.514643446665596
5,2,"J=.65, uniform G, detuning",linear,16,0,0.470986277980516
5,2,"J=.65, uniform G, detuning",linear,17,0,0.479984985199326
5,2,"J=.65, uniform G, detuning",linear,18,0,0.448715991218385
5,2,"J=.65, uniform G, detuning",linear,19,0,0.437978293635093
5,2,"J=.65, uniform G, detuning",linear,20,0,0.44750949333215
5,2,"J=.65, uniform G, detuning",quadratic,1,1,0
5,2,"J=.65, uniform G, detuning",quadratic,2,2,0
5,2,"J=.65, uniform G, detuning",quadratic,3,3,0
5,2,"J=.65, uniform G, detuning",quadratic,4,4,0
5,2,"J=.65, uniform G, detuning",quadratic,5,5,0
5,2,"J=.65, uniform G, detuning",quadratic,6,6,0
5,2,"J=.65, uniform G, detuning",quadratic,7,7,0
5,2,"J=.65, uniform G, detuning",quadratic,8,8,0
5,2,"J=.65, uniform G, detuning",quadratic,9,9,0
5,2,"J=.65, uniform G, detuning",quadratic,10,10,0
5,2,"J=.65, uniform G, detuning",cross_product,1,2,0
5,2,"J=.65, uniform G, detuning",cross_product,1,3,0
5,2,"J=.65, uniform G, detuning",cross_product,1,4,0.00140774649777442
5,2,"J=.65, uniform G, detuning",cross_product,1,5,0
5,2,"J=.65, uniform G, detuning",cross_product,1,6,0
5,2,"J=.65, uniform G, detuning",cross_product,1,7,0
5,2,"J=.65, uniform G, detuning",cross_product,1,8,5.85335164471346e-05
5,2,"J=.65, uniform G, detuning",cross_product,1,9,0
5,2,"J=.65, uniform G, detuning",cross_product,1,10,0
5,2,"J=.65, uniform G, detuning",cross_product,2,3,0
5,2,"J=.65, uniform G, detuning",cross_product,2,4,0
5,2,"J=.65, uniform G, detuning",cross_product,2,5,0.000953085180959157
5,2,"J=.65, uniform G, detuning",cross_product,2,6,0
5,2,"J=.65, uniform G, detuning",cross_product,2,7,0
5,2,"J=.65, uniform G, detuning",cross_product,2,8,0
5,2,"J=.65, uniform G, detuning",cross_product,2,9,0.00031673568734325
5,2,"J=.65, uniform G, detuning",cross_product,2,10,0
5,2,"J=.65, uniform G, detuning",cross_product,3,4,0
5,2,"J=.65, uniform G, detuning",cross_product,3,5,0
5,2,"J=.65, uniform G, detuning",cross_product,3,6,0.00209152628209808
5,2,"J=.65, uniform G, detuning",cross_product,3,7,0
5,2,"J=.65, uniform G, detuning",cross_product,3,8,0
5,2,"J=.65, uniform G, detuning",cross_product,3,9,0
5,2,"J=.65, uniform G, detuning",cross_product,3,10,1.24404676484779e-05
5,2,"J=.65, uniform G, detuning",cross_product,4,5,0
5,2,"J=.65, uniform G, detuning",cross_product,4,6,0
5,2,"J=.65, uniform G, detuning",cross_product,4,7,0.00176425791878243
5,2,"J=.65, uniform G, detuning",cross_product,4,8,0
5,2,"J=.65, uniform G, detuning",cross_product,4,9,0
5,2,"J=.65, uniform G, detuning",cross_product,4,10,0
5,2,"J=.65, uniform G, detuning",cross_product,5,6,0
5,2,"J=.65, uniform G, detuning",cross_product,5,7,0
5,2,"J=.65, uniform G, detuning",cross_product,5,8,0.000531562135043795
5,2,"J=.65, uniform G, detuning",cross_product,5,9,0
5,2,"J=.65, uniform G, detuning",cross_product,5,10,0
5,2,"J=.65, uniform G, detuning",cross_product,6,7,0
5,2,"J=.65, uniform G, detuning",cross_product,6,8,0
5,2,"J=.65, uniform G, detuning",cross_product,6,9,0
5,2,"J=.65, uniform G, detuning",cross_product,6,10,0
5,2,"J=.65, uniform G, detuning",cross_product,7,8,0
5,2,"J=.65, uniform G, detuning",cross_product,7,9,0
5,2,"J=.65, uniform G, detuning",cross_product,7,10,0.000539057149787081
5,2,"J=.65, uniform G, detuning",cross_product,8,9,0
5,2,"J=.65, uniform G, detuning",cross_product,8,10,0
5,2,"J=.65, uniform G, detuning",cross_product,9,10,0
6,2,"J=.65, uniform G, detuning",linear,1,0,0.835558036658556
6,2,"J=.65, uniform G, detuning",linear,2,0,0.604398567885361
6,2,"J=.65, uniform G, detuning",linear,3,0,0.571346936415978
6,2,"J=.65, uniform G, detuning",linear,4,0,0.573072476300808
6,2,"J=.65, uniform G, detuning",linear,5,0,0.567019477905775
6,2,"J=.65, uniform G, detuning",linear,6,0,0.556096087366861
6,2,"J=.65, uniform G, detuning",linear,7,0,0.55953579892319
6,2,"J=.65, uniform G, detuning",linear,8,0,0.540629452063317
6,2,"J=.65, uniform G, detuning",linear,9,0,0.533304766510411
6,2,"J=.65, uniform G, detuning",linear,10,0,0.508526266277039
6,2,"J=.65, uniform G, detuning",linear,11,0,0.493957064495955
6,2,"J=.65, uniform G, detuning",linear,12,0,0.484964135290224
6,2,"J=.65, uniform G, detuning",linear,13,0,0.477300852541693
6,2,"J=.65, uniform G, detuning",linear,14,0,0.463242142910467
6,2,"J=.65, uniform G, detuning",linear,15,0,0.46181566745601
6,2,"J=.65, uniform G, detuning",linear,16,0,0.430836296041138
6,2,"J=.65, uniform G, detuning",linear,17,0,0.425405752632673
6,2,"J=.65, uniform G, detuning",linear,18,0,0.419942924773673
6,2,"J=.65, uniform G, detuning",linear,19,0,0.400946309904444
6,2,"J=.65, uniform G, detuning",linear,20,0,0.40485011196777
6,2,"J=.65, uniform G, detuning",quadratic,1,1,0
6,2,"J=.65, uniform G, detuning",quadratic,2,2,0
6,2,"J=.65, uniform G, detuning",quadratic,3,3,0
6,2,"J=.65, uniform G, detuning",quadratic,4,4,0
6,2,"J=.65, uniform G, detuning",quadratic,5,5,0
6,2,"J=.65, uniform G, detuning",quadratic,6,6,0
6,2,"J=.65, uniform G, detuning",quadratic,7,7,0
6,2,"J=.65, uniform G, detuning",quadratic,8,8,0
6,2,"J=.65, uniform G, detuning",quadratic,9,9,0
6,2,"J=.65, uniform G, detuning",quadratic,10,10,0
6,2,"J=.65, uniform G, detuning",cross_product,1,2,0.00871813428399459
6,2,"J=.65, uniform G, detuning",cross_product,1,3,0.00910794358742806
6,2,"J=.65, uniform G, detuning",cross_product,1,4,0.0136005396679231
6,2,"J=.65, uniform G, detuning",cross_product,1,5,0.0148230614452299
6,2,"J=.65, uniform G, detuning",cross_product,1,6,0.00582044080690292
6,2,"J=.65, uniform G, detuning",cross_product,1,7,0.00148584759017345
6,2,"J=.65, uniform G, detuning",cross_product,1,8,0.00216440502243376
6,2,"J=.65, uniform G, detuning",cross_product,1,9,0.00122363716076324
6,2,"J=.65, uniform G, detuning",cross_product,1,10,0.0022818931749119
6,2,"J=.65, uniform G, detuning",cross_product,2,3,0.00733018528637197
6,2,"J=.65, uniform G, detuning",cross_product,2,4,0.00843938594959293
6,2,"J=.65, uniform G, detuning",cross_product,2,5,0.0118043804680901
6,2,"J=.65, uniform G, detuning",cross_product,2,6,0.0129708296950954
6,2,"J=.65, uniform G, detuning",cross_product,2,7,0.00396164347958905
6,2,"J=.65, uniform G, detuning",cross_product,2,8,0.00190598672485609
6,2,"J=.65, uniform G, detuning",cross_product,2,9,0.0028084496115891
6,2,"J=.65, uniform G, detuning",cross_product,2,10,0.00106611301228976
6,2,"J=.65, uniform G, detuning",cross_product,3,4,0.00794069477704973
6,2,"J=.65, uniform G, detuning",cross_product,3,5,0.0104198000808955
6,2,"J=.65, uniform G, detuning",cross_product,3,6,0.0108398752950037
6,2,"J=.65, uniform G, detuning",cross_product,3,7,0.0105273784663611
6,2,"J=.65, uniform G, detuning",cross_product,3,8,0.00502023950778607
6,2,"J=.65, uniform G, detuning",cross_product,3,9,0.000922622084498448
6,2,"J=.65, uniform G, detuning",cross_product,3,10,0.00167328420495938
6,2,"J=.65, uniform G, detuning",cross_product,4,5,0.00714968926284709
6,2,"J=.65, uniform G, detuning",cross_product,4,6,0.00948275734612825
6,2,"J=.65, uniform G, detuning",cross_product,4,7,0.00876208884872365
6,2,"J=.65, uniform G, detuning",cross_product,4,8,0.00958551988529799
6,2,"J=.65, uniform G, detuning",cross_product,4,9,0.00512430035400169
6,2,"J=.65, uniform G, detuning",cross_product,4,10,0.00173178587360845
6,2,"J=.65, uniform G, detuning",cross_product,5,6,0.00436469037179676
6,2,"J=.65, uniform G, detuning",cross_product,5,7,0.00546118202293866
6,2,"J=.65, uniform G, detuning",cross_product,5,8,0.0103656727867777
6,2,"J=.65, uniform G, detuning",cross_product,5,9,0.0108292298675839
6,2,"J=.65, uniform G, detuning",cross_product,5,10,0.0031826216978571
6,2,"J=.65, uniform G, detuning",cross_product,6,7,0.00415189029761487
6,2,"J=.65, uniform G, detuning",cross_product,6,8,0.00569232419843047
6,2,"J=.65, uniform G, detuning",cross_product,6,9,0.0113718319897592
6,2,"J=.65, uniform G, detuning",cross_product,6,10,0.0107161794796471
6,2,"J=.65, uniform G, detuning",cross_product,7,8,0.00325624343065567
6,2,"J=.65, uniform G, detuning",cross_product,7,9,0.00683136959031205
6,2,"J=.65, uniform G, detuning",cross_product,7,10,0.00906204082756457
6,2,"J=.65, uniform G, detuning",cross_product,8,9,0.00344209755900216
6,2,"J=.65, uniform G, detuning",cross_product,8,10,0.00710025266196146
6,2,"J=.65, uniform G, detuning",cross_product,9,10,0.00189387953161102
7,2,"J=.65, uniform G, detuning",linear,1,0,0.890725812872161
7,2,"J=.65, uniform G, detuning",linear,2,0,0.603332178357934
7,2,"J=.65, uniform G, detuning",linear,3,0,0.551229679894394
7,2,"J=.65, uniform G, detuning",linear,4,0,0.556000968318541
7,2,"J=.65, uniform G, detuning",linear,5,0,0.526384365814182
7,2,"J=.65, uniform G, detuning",linear,6,0,0.539066181771118
7,2,"J=.65, uniform G, detuning",linear,7,0,0.529387663291555
7,2,"J=.65, uniform G, detuning",linear,8,0,0.531689471787998
7,2,"J=.65, uniform G, detuning",linear,9,0,0.52378912900885
7,2,"J=.65, uniform G, detuning",linear,10,0,0.518630319324299
7,2,"J=.65, uniform G, detuning",linear,11,0,0.515450467094327
7,2,"J=.65, uniform G, detuning",linear,12,0,0.510410747952472
7,2,"J=.65, uniform G, detuning",linear,13,0,0.511159933581465
7,2,"J=.65, uniform G, detuning",linear,14,0,0.502364259857173
7,2,"J=.65, uniform G, detuning",linear,15,0,0.502104095503978
7,2,"J=.65, uniform G, detuning",linear,16,0,0.474463009147768
7,2,"J=.65, uniform G, detuning",linear,17,0,0.464354412388347
7,2,"J=.65, uniform G, detuning",linear,18,0,0.447527673100089
7,2,"J=.65, uniform G, detuning",linear,19,0,0.45258635055314
7,2,"J=.65, uniform G, detuning",linear,20,0,0.427065761428734
7,2,"J=.65, uniform G, detuning",quadratic,1,1,0.00233580200342476
7,2,"J=.65, uniform G, detuning",quadratic,2,2,0.000162526543447061
7,2,"J=.65, uniform G, detuning",quadratic,3,3,0
7,2,"J=.65, uniform G, detuning",quadratic,4,4,0
7,2,"J=.65, uniform G, detuning",quadratic,5,5,0
7,2,"J=.65, uniform G, detuning",quadratic,6,6,0
7,2,"J=.65, uniform G, detuning",quadratic,7,7,0
7,2,"J=.65, uniform G, detuning",quadratic,8,8,0
7,2,"J=.65, uniform G, detuning",quadratic,9,9,0
7,2,"J=.65, uniform G, detuning",quadratic,10,10,0
7,2,"J=.65, uniform G, detuning",cross_product,1,2,0.0183290382906882
7,2,"J=.65, uniform G, detuning",cross_product,1,3,0.0109925748636028
7,2,"J=.65, uniform G, detuning",cross_product,1,4,0.0145018954084988
7,2,"J=.65, uniform G, detuning",cross_product,1,5,0.00295411422444491
7,2,"J=.65, uniform G, detuning",cross_product,1,6,0.00334985732191118
7,2,"J=.65, uniform G, detuning",cross_product,1,7,0.0126893106157753
7,2,"J=.65, uniform G, detuning",cross_product,1,8,0.00927334022879023
7,2,"J=.65, uniform G, detuning",cross_product,1,9,0.00851298803646694
7,2,"J=.65, uniform G, detuning",cross_product,1,10,0
7,2,"J=.65, uniform G, detuning",cross_product,2,3,0.0146990227650857
7,2,"J=.65, uniform G, detuning",cross_product,2,4,0.0101805515696229
7,2,"J=.65, uniform G, detuning",cross_product,2,5,0.00944525490470949
7,2,"J=.65, uniform G, detuning",cross_product,2,6,0.00220459415493812
7,2,"J=.65, uniform G, detuning",cross_product,2,7,0.0011697526760025
7,2,"J=.65, uniform G, detuning",cross_product,2,8,0.00887418912658788
7,2,"J=.65, uniform G, detuning",cross_product,2,9,0.00643313086698005
7,2,"J=.65, uniform G, detuning",cross_product,2,10,0.00756972424147151
7,2,"J=.65, uniform G, detuning",cross_product,3,4,0.0102401990249322
7,2,"J=.65, uniform G, detuning",cross_product,3,5,0.00668894766614514
7,2,"J=.65, uniform G, detuning",cross_product,3,6,0.00433058574986434
7,2,"J=.65, uniform G, detuning",cross_product,3,7,0.00177007073659274
7,2,"J=.65, uniform G, detuning",cross_product,3,8,0
7,2,"J=.65, uniform G, detuning",cross_product,3,9,0.00746457787676136
7,2,"J=.65, uniform G, detuning",cross_product,3,10,0.0045702101136712
7,2,"J=.65, uniform G, detuning",cross_product,4,5,0.00529331602057903
7,2,"J=.65, uniform G, detuning",cross_product,4,6,0.00378313694616295
7,2,"J=.65, uniform G, detuning",cross_product,4,7,0.00615584444350137
7,2,"J=.65, uniform G, detuning",cross_product,4,8,0
7,2,"J=.65, uniform G, detuning",cross_product,4,9,0
7,2,"J=.65, uniform G, detuning",cross_product,4,10,0.00408848762627345
7,2,"J=.65, uniform G, detuning",cross_product,5,6,0.00321127178551261
7,2,"J=.65, uniform G, detuning",cross_product,5,7,0.00205369416992207
7,2,"J=.65, uniform G, detuning",cross_product,5,8,0.00352443622112286
7,2,"J=.65, uniform G, detuning",cross_product,5,9,0
7,2,"J=.65, uniform G, detuning",cross_product,5,10,0
7,2,"J=.65, uniform G, detuning",cross_product,6,7,0.00104220699161695
7,2,"J=.65, uniform G, detuning",cross_product,6,8,0.00125679875812468
7,2,"J=.65, uniform G, detuning",cross_product,6,9,0.00144243110117837
7,2,"J=.65, uniform G, detuning",cross_product,6,10,0
7,2,"J=.65, uniform G, detuning",cross_product,7,8,0.000358340655175704
7,2,"J=.65, uniform G, detuning",cross_product,7,9,0.000595828177951452
7,2,"J=.65, uniform G, detuning",cross_product,7,10,0
7,2,"J=.65, uniform G, detuning",cross_product,8,9,0
7,2,"J=.65, uniform G, detuning",cross_product,8,10,0
7,2,"J=.65, uniform G, detuning",cross_product,9,10,0
8,2,"J=.65, uniform G, detuning",linear,1,0,0.821452808039396
8,2,"J=.65, uniform G, detuning",linear,2,0,0.600413620652462
8,2,"J=.65, uniform G, detuning",linear,3,0,0.577451135520136
8,2,"J=.65, uniform G, detuning",linear,4,0,0.577265888965708
8,2,"J=.65, uniform G, detuning",linear,5,0,0.564013543409651
8,2,"J=.65, uniform G, detuning",linear,6,0,0.562891038647921
8,2,"J=.65, uniform G, detuning",linear,7,0,0.55519988276778
8,2,"J=.65, uniform G, detuning",linear,8,0,0.541658521496361
8,2,"J=.65, uniform G, detuning",linear,9,0,0.539486797526607
8,2,"J=.65, uniform G, detuning",linear,10,0,0.51565097782857
8,2,"J=.65, uniform G, detuning",linear,11,0,0.518724912683891
8,2,"J=.65, uniform G, detuning",linear,12,0,0.486891886894683
8,2,"J=.65, uniform G, detuning",linear,13,0,0.486564775819379
8,2,"J=.65, uniform G, detuning",linear,14,0,0.48596377950375
8,2,"J=.65, uniform G, detuning",linear,15,0,0.449101699183813
8,2,"J=.65, uniform G, detuning",linear,16,0,0.459636626701348
8,2,"J=.65, uniform G, detuning",linear,17,0,0.441832164566691
8,2,"J=.65, uniform G, detuning",linear,18,0,0.448998150163486
8,2,"J=.65, uniform G, detuning",linear,19,0,0.436421707686182
8,2,"J=.65, uniform G, detuning",linear,20,0,0.427734424146754
8,2,"J=.65, uniform G, detuning",quadratic,1,1,0
8,2,"J=.65, uniform G, detuning",quadratic,2,2,0
8,2,"J=.65, uniform G, detuning",quadratic,3,3,0
8,2,"J=.65, uniform G, detuning",quadratic,4,4,0
8,2,"J=.65, uniform G, detuning",quadratic,5,5,0
8,2,"J=.65, uniform G, detuning",quadratic,6,6,0
8,2,"J=.65, uniform G, detuning",quadratic,7,7,0
8,2,"J=.65, uniform G, detuning",quadratic,8,8,0
8,2,"J=.65, uniform G, detuning",quadratic,9,9,0
8,2,"J=.65, uniform G, detuning",quadratic,10,10,7.49423605458377e-05
8,2,"J=.65, uniform G, detuning",cross_product,1,2,0.00161777852117484
8,2,"J=.65, uniform G, detuning",cross_product,1,3,0.00140321925816156
8,2,"J=.65, uniform G, detuning",cross_product,1,4,0.00265866072141119
8,2,"J=.65, uniform G, detuning",cross_product,1,5,0
8,2,"J=.65, uniform G, detuning",cross_product,1,6,0
8,2,"J=.65, uniform G, detuning",cross_product,1,7,0
8,2,"J=.65, uniform G, detuning",cross_product,1,8,0
8,2,"J=.65, uniform G, detuning",cross_product,1,9,0
8,2,"J=.65, uniform G, detuning",cross_product,1,10,0
8,2,"J=.65, uniform G, detuning",cross_product,2,3,0.000990351446382265
8,2,"J=.65, uniform G, detuning",cross_product,2,4,0.00112491536661896
8,2,"J=.65, uniform G, detuning",cross_product,2,5,0.00224428442849012
8,2,"J=.65, uniform G, detuning",cross_product,2,6,0
8,2,"J=.65, uniform G, detuning",cross_product,2,7,0
8,2,"J=.65, uniform G, detuning",cross_product,2,8,0.000747794807272495
8,2,"J=.65, uniform G, detuning",cross_product,2,9,0
8,2,"J=.65, uniform G, detuning",cross_product,2,10,0
8,2,"J=.65, uniform G, detuning",cross_product,3,4,0
8,2,"J=.65, uniform G, detuning",cross_product,3,5,0
8,2,"J=.65, uniform G, detuning",cross_product,3,6,0.00118282467315278
8,2,"J=.65, uniform G, detuning",cross_product,3,7,0
8,2,"J=.65, uniform G, detuning",cross_product,3,8,0
8,2,"J=.65, uniform G, detuning",cross_product,3,9,0.000901265578343358
8,2,"J=.65, uniform G, detuning",cross_product,3,10,0
8,2,"J=.65, uniform G, detuning",cross_product,4,5,0
8,2,"J=.65, uniform G, detuning",cross_product,4,6,0
8,2,"J=.65, uniform G, detuning",cross_product,4,7,0.00207493524058533
8,2,"J=.65, uniform G, detuning",cross_product,4,8,0
8,2,"J=.65, uniform G, detuning",cross_product,4,9,0
8,2,"J=.65, uniform G, detuning",cross_product,4,10,0.00193699905270328
8,2,"J=.65, uniform G, detuning",cross_product,5,6,0
8,2,"J=.65, uniform G, detuning",cross_product,5,7,0.000461172826857426
8,2,"J=.65, uniform G, detuning",cross_product,5,8,0.000649483045479515
8,2,"J=.65, uniform G, detuning",cross_product,5,9,0
8,2,"J=.65, uniform G, detuning",cross_product,5,10,0
8,2,"J=.65, uniform G, detuning",cross_product,6,7,0
8,2,"J=.65, uniform G, detuning",cross_product,6,8,0
8,2,"J=.65, uniform G, detuning",cross_product,6,9,0.00152375850836839
8,2,"J=.65, uniform G, detuning",cross_product,6,10,0
8,2,"J=.65, uniform G, detuning",cross_product,7,8,0
8,2,"J=.65, uniform G, detuning",cross_product,7,9,0.00104485635232965
8,2,"J=.65, uniform G, detuning",cross_product,7,10,0.000665306521508757
8,2,"J=.65, uniform G, detuning",cross_product,8,9,9.8903429972097e-05
8,2,"J=.65, uniform G, detuning",cross_product,8,10,0.000284715449513362
8,2,"J=.65, uniform G, detuning",cross_product,9,10,0
9,2,"J=.65, uniform G, detuning",linear,1,0,0.898786877208619
9,2,"J=.65, uniform G, detuning",linear,2,0,0.627848576472095
9,2,"J=.65, uniform G, detuning",linear,3,0,0.562995561598079
9,2,"J=.65, uniform G, detuning",linear,4,0,0.556830070101843
9,2,"J=.65, uniform G, detuning",linear,5,0,0.546303360413935
9,2,"J=.65, uniform G, detuning",linear,6,0,0.543579173962977
9,2,"J=.65, uniform G, detuning",linear,7,0,0.543192590794413
9,2,"J=.65, uniform G, detuning",linear,8,0,0.53707957809245
9,2,"J=.65, uniform G, detuning",linear,9,0,0.534968671666743
9,2,"J=.65, uniform G, detuning",linear,10,0,0.515866876505916
9,2,"J=.65, uniform G, detuning",linear,11,0,0.522484032341828
9,2,"J=.65, uniform G, detuning",linear,12,0,0.497367957512571
9,2,"J=.65, uniform G, detuning",linear,13,0,0.511013574620602
9,2,"J=.65, uniform G, detuning",linear,14,0,0.466922435364327
9,2,"J=.65, uniform G, detuning",linear,15,0,0.495508108649835
9,2,"J=.65, uniform G, detuning",linear,16,0,0.44072741447607
9,2,"J=.65, uniform G, detuning",linear,17,0,0.440391812554102
9,2,"J=.65, uniform G, detuning",linear,18,0,0.424742622526743
9,2,"J=.65, uniform G, detuning",linear,19,0,0.42066318429113
9,2,"J=.65, uniform G, detuning",linear,20,0,0.457271510498381
9,2,"J=.65, uniform G, detuning",quadratic,1,1,0
9,2,"J=.65, uniform G, detuning",quadratic,2,2,0
9,2,"J=.65, uniform G, detuning",quadratic,3,3,0
9,2,"J=.65, uniform G, detuning",quadratic,4,4,0
9,2,"J=.65, uniform G, detuning",quadratic,5,5,0
9,2,"J=.65, uniform G, detuning",quadratic,6,6,0
9,2,"J=.65, uniform G, detuning",quadratic,7,7,0
9,2,"J=.65, uniform G, detuning",quadratic,8,8,0
9,2,"J=.65, uniform G, detuning",quadratic,9,9,0
9,2,"J=.65, uniform G, detuning",quadratic,10,10,0
9,2,"J=.65, uniform G, detuning",cross_product,1,2,0
9,2,"J=.65, uniform G, detuning",cross_product,1,3,0
9,2,"J=.65, uniform G, detuning",cross_product,1,4,0
9,2,"J=.65, uniform G, detuning",cross_product,1,5,0.000303012896415655
9,2,"J=.65, uniform G, detuning",cross_product,1,6,0
9,2,"J=.65, uniform G, detuning",cross_product,1,7,0
9,2,"J=.65, uniform G, detuning",cross_product,1,8,0
9,2,"J=.65, uniform G, detuning",cross_product,1,9,0
9,2,"J=.65, uniform G, detuning",cross_product,1,10,0
9,2,"J=.65, uniform G, detuning",cross_product,2,3,0
9,2,"J=.65, uniform G, detuning",cross_product,2,4,0
9,2,"J=.65, uniform G, detuning",cross_product,2,5,0
9,2,"J=.65, uniform G, detuning",cross_product,2,6,0
9,2,"J=.65, uniform G, detuning",cross_product,2,7,0
9,2,"J=.65, uniform G, detuning",cross_product,2,8,0
9,2,"J=.65, uniform G, detuning",cross_product,2,9,0
9,2,"J=.65, uniform G, detuning",cross_product,2,10,0
9,2,"J=.65, uniform G, detuning",cross_product,3,4,0
9,2,"J=.65, uniform G, detuning",cross_product,3,5,0
9,2,"J=.65, uniform G, detuning",cross_product,3,6,0.000156460943302017
9,2,"J=.65, uniform G, detuning",cross_product,3,7,0
9,2,"J=.65, uniform G, detuning",cross_product,3,8,0
9,2,"J=.65, uniform G, detuning",cross_product,3,9,0
9,2,"J=.65, uniform G, detuning",cross_product,3,10,0
9,2,"J=.65, uniform G, detuning",cross_product,4,5,0
9,2,"J=.65, uniform G, detuning",cross_product,4,6,0
9,2,"J=.65, uniform G, detuning",cross_product,4,7,0
9,2,"J=.65, uniform G, detuning",cross_product,4,8,0
9,2,"J=.65, uniform G, detuning",cross_product,4,9,0
9,2,"J=.65, uniform G, detuning",cross_product,4,10,0
9,2,"J=.65, uniform G, detuning",cross_product,5,6,0
9,2,"J=.65, uniform G, detuning",cross_product,5,7,0
9,2,"J=.65, uniform G, detuning",cross_product,5,8,0
9,2,"J=.65, uniform G, detuning",cross_product,5,9,0.000362361563410185
9,2,"J=.65, uniform G, detuning",cross_product,5,10,0
9,2,"J=.65, uniform G, detuning",cross_product,6,7,0
9,2,"J=.65, uniform G, detuning",cross_product,6,8,0
9,2,"J=.65, uniform G, detuning",cross_product,6,9,0
9,2,"J=.65, uniform G, detuning",cross_product,6,10,0.000432303954319924
9,2,"J=.65, uniform G, detuning",cross_product,7,8,0
9,2,"J=.65, uniform G, detuning",cross_product,7,9,0
9,2,"J=.65, uniform G, detuning",cross_product,7,10,0
9,2,"J=.65, uniform G, detuning",cross_product,8,9,0
9,2,"J=.65, uniform G, detuning",cross_product,8,10,0
9,2,"J=.65, uniform G, detuning",cross_product,9,10,0
10,2,"J=.65, uniform G, detuning",linear,1,0,0.862869636338528
10,2,"J=.65, uniform G, detuning",linear,2,0,0.582189993232601
10,2,"J=.65, uniform G, detuning",linear,3,0,0.549880635338095
10,2,"J=.65, uniform G, detuning",linear,4,0,0.535627165964566
10,2,"J=.65, uniform G, detuning",linear,5,0,0.523420893117576
10,2,"J=.65, uniform G, detuning",linear,6,0,0.526055725568164
10,2,"J=.65, uniform G, detuning",linear,7,0,0.524528116345067
10,2,"J=.65, uniform G, detuning",linear,8,0,0.515232996892894
10,2,"J=.65, uniform G, detuning",linear,9,0,0.522361949769567
10,2,"J=.65, uniform G, detuning",linear,10,0,0.497768889877217
10,2,"J=.65, uniform G, detuning",linear,11,0,0.496016909806473
10,2,"J=.65, uniform G, detuning",linear,12,0,0.494044033341566
10,2,"J=.65, uniform G, detuning",linear,13,0,0.490439351001926
10,2,"J=.65, uniform G, detuning",linear,14,0,0.485758314718926
10,2,"J=.65, uniform G, detuning",linear,15,0,0.487614030373144
10,2,"J=.65, uniform G, detuning",linear,16,0,0.451393320180927
10,2,"J=.65, uniform G, detuning",linear,17,0,0.444197701749598
10,2,"J=.65, uniform G, detuning",linear,18,0,0.414602235717518
10,2,"J=.65, uniform G, detuning",linear,19,0,0.410392738545955
10,2,"J=.65, uniform G, detuning",linear,20,0,0.414521404672544
10,2,"J=.65, uniform G, detuning",quadratic,1,1,0.0148695614441294
10,2,"J=.65, uniform G, detuning",quadratic,2,2,0.0149854552176141
10,2,"J=.65, uniform G, detuning",quadratic,3,3,0.00791123979511221
10,2,"J=.65, uniform G, detuning",quadratic,4,4,0.00236255633581406
10,2,"J=.65, uniform G, detuning",quadratic,5,5,0.000765912712250016
10,2,"J=.65, uniform G, detuning",quadratic,6,6,0.00123650458267566
10,2,"J=.65, uniform G, detuning",quadratic,7,7,0.00122642090436842
10,2,"J=.65, uniform G, detuning",quadratic,8,8,0.00104039334085693
10,2,"J=.65, uniform G, detuning",quadratic,9,9,0.00118973835577085
10,2,"J=.65, uniform G, detuning",quadratic,10,10,0.00265792360596995
10,2,"J=.65, uniform G, detuning",cross_product,1,2,0.046734514877577
10,2,"J=.65, uniform G, detuning",cross_product,1,3,0.0296730651473536
10,2,"J=.65, uniform G, detuning",cross_product,1,4,0.0109695004716948
10,2,"J=.65, uniform G, detuning",cross_product,1,5,0.0033525430838397
10,2,"J=.65, uniform G, detuning",cross_product,1,6,0.00154224555379423
10,2,"J=.65, uniform G, detuning",cross_product,1,7,0.0108673536031726
10,2,"J=.65, uniform G, detuning",cross_product,1,8,0.00298685928056619
10,2,"J=.65, uniform G, detuning",cross_product,1,9,0.0031483743305627
10,2,"J=.65, uniform G, detuning",cross_product,1,10,0.00278735381873485
10,2,"J=.65, uniform G, detuning",cross_product,2,3,0.0234998258525869
10,2,"J=.65, uniform G, detuning",cross_product,2,4,0.0130859223637914
10,2,"J=.65, uniform G, detuning",cross_product,2,5,0.00428228815091447
10,2,"J=.65, uniform G, detuning",cross_product,2,6,0.00218272007577813
10,2,"J=.65, uniform G, detuning",cross_product,2,7,0.00357240779283696
10,2,"J=.65, uniform G, detuning",cross_product,2,8,0.00990685274732694
10,2,"J=.65, uniform G, detuning",cross_product,2,9,0.00506727883699987
10,2,"J=.65, uniform G, detuning",cross_product,2,10,0.00586541166751675
10,2,"J=.65, uniform G, detuning",cross_product,3,4,0.0137090015000269
10,2,"J=.65, uniform G, detuning",cross_product,3,5,0.0061744696320607
10,2,"J=.65, uniform G, detuning",cross_product,3,6,0.00153643479154342
10,2,"J=.65, uniform G, detuning",cross_product,3,7,0.00349188904921438
10,2,"J=.65, uniform G, detuning",cross_product,3,8,0.00441080468594512
10,2,"J=.65, uniform G, detuning",cross_product,3,9,0.00794335435667148
10,2,"J=.65, uniform G, detuning",cross_product,3,10,0.00771077383636409
10,2,"J=.65, uniform G, detuning",cross_product,4,5,0.0071982147648485
10,2,"J=.65, uniform G, detuning",cross_product,4,6,0.00610372968406736
10,2,"J=.65, uniform G, detuning",cross_product,4,7,0.00170439794820043
10,2,"J=.65, uniform G, detuning",cross_product,4,8,0.00342803813787984
10,2,"J=.65, uniform G, detuning",cross_product,4,9,0.00633092329602458
10,2,"J=.65, uniform G, detuning",cross_product,4,10,0.00796638664555926
10,2,"J=.65, uniform G, detuning",cross_product,5,6,0.00614730873932856
10,2,"J=.65, uniform G, detuning",cross_product,5,7,0.00664432345304422
10,2,"J=.65, uniform G, detuning",cross_product,5,8,0.00144679320454932
10,2,"J=.65, uniform G, detuning",cross_product,5,9,0.00304502833086329
10,2,"J=.65, uniform G, detuning",cross_product,5,10,0.00619667916424649
10,2,"J=.65, uniform G, detuning",cross_product,6,7,0.00666787521836165
10,2,"J=.65, uniform G, detuning",cross_product,6,8,0.00463282668068887
10,2,"J=.65, uniform G, detuning",cross_product,6,9,0.00259548305683077
10,2,"J=.65, uniform G, detuning",cross_product,6,10,0.00420283276599254
10,2,"J=.65, uniform G, detuning",cross_product,7,8,0.00523236749975775
10,2,"J=.65, uniform G, detuning",cross_product,7,9,0.00634484145259373
10,2,"J=.65, uniform G, detuning",cross_product,7,10,0.00437681306804105
10,2,"J=.65, uniform G, detuning",cross_product,8,9,0.00536578169951096
10,2,"J=.65, uniform G, detuning",cross_product,8,10,0.00693952546649368
10,2,"J=.65, uniform G, detuning",cross_product,9,10,0.0048524677908699
1,3,"J=.65, heterogeneous G, detuning",linear,1,0,0.862092905794144
1,3,"J=.65, heterogeneous G, detuning",linear,2,0,0.648954124269064
1,3,"J=.65, heterogeneous G, detuning",linear,3,0,0.58318452256476
1,3,"J=.65, heterogeneous G, detuning",linear,4,0,0.58225210384103
1,3,"J=.65, heterogeneous G, detuning",linear,5,0,0.55685847424107
1,3,"J=.65, heterogeneous G, detuning",linear,6,0,0.556263137199987
1,3,"J=.65, heterogeneous G, detuning",linear,7,0,0.553396456821921
1,3,"J=.65, heterogeneous G, detuning",linear,8,0,0.549222965894183
1,3,"J=.65, heterogeneous G, detuning",linear,9,0,0.545375041455028
1,3,"J=.65, heterogeneous G, detuning",linear,10,0,0.534497239916843
1,3,"J=.65, heterogeneous G, detuning",linear,11,0,0.533563022978833
1,3,"J=.65, heterogeneous G, detuning",linear,12,0,0.52489989372715
1,3,"J=.65, heterogeneous G, detuning",linear,13,0,0.526663525758869
1,3,"J=.65, heterogeneous G, detuning",linear,14,0,0.496948583957138
1,3,"J=.65, heterogeneous G, detuning",linear,15,0,0.505036362354134
1,3,"J=.65, heterogeneous G, detuning",linear,16,0,0.484212736171469
1,3,"J=.65, heterogeneous G, detuning",linear,17,0,0.480913308239549
1,3,"J=.65, heterogeneous G, detuning",linear,18,0,0.471158913946838
1,3,"J=.65, heterogeneous G, detuning",linear,19,0,0.473089422373058
1,3,"J=.65, heterogeneous G, detuning",linear,20,0,0.469911627508324
1,3,"J=.65, heterogeneous G, detuning",quadratic,1,1,0
1,3,"J=.65, heterogeneous G, detuning",quadratic,2,2,0
1,3,"J=.65, heterogeneous G, detuning",quadratic,3,3,0
1,3,"J=.65, heterogeneous G, detuning",quadratic,4,4,0
1,3,"J=.65, heterogeneous G, detuning",quadratic,5,5,0
1,3,"J=.65, heterogeneous G, detuning",quadratic,6,6,0
1,3,"J=.65, heterogeneous G, detuning",quadratic,7,7,0
1,3,"J=.65, heterogeneous G, detuning",quadratic,8,8,0
1,3,"J=.65, heterogeneous G, detuning",quadratic,9,9,0
1,3,"J=.65, heterogeneous G, detuning",quadratic,10,10,0
1,3,"J=.65, heterogeneous G, detuning",cross_product,1,2,0
1,3,"J=.65, heterogeneous G, detuning",cross_product,1,3,0
1,3,"J=.65, heterogeneous G, detuning",cross_product,1,4,0
1,3,"J=.65, heterogeneous G, detuning",cross_product,1,5,0
1,3,"J=.65, heterogeneous G, detuning",cross_product,1,6,0
1,3,"J=.65, heterogeneous G, detuning",cross_product,1,7,0.000174924260934239
1,3,"J=.65, heterogeneous G, detuning",cross_product,1,8,0
1,3,"J=.65, heterogeneous G, detuning",cross_product,1,9,0
1,3,"J=.65, heterogeneous G, detuning",cross_product,1,10,0
1,3,"J=.65, heterogeneous G, detuning",cross_product,2,3,0
1,3,"J=.65, heterogeneous G, detuning",cross_product,2,4,0
1,3,"J=.65, heterogeneous G, detuning",cross_product,2,5,0
1,3,"J=.65, heterogeneous G, detuning",cross_product,2,6,0
1,3,"J=.65, heterogeneous G, detuning",cross_product,2,7,0
1,3,"J=.65, heterogeneous G, detuning",cross_product,2,8,0.000801485873333285
1,3,"J=.65, heterogeneous G, detuning",cross_product,2,9,0.00018494493661636
1,3,"J=.65, heterogeneous G, detuning",cross_product,2,10,0.000513422800345831
1,3,"J=.65, heterogeneous G, detuning",cross_product,3,4,0
1,3,"J=.65, heterogeneous G, detuning",cross_product,3,5,0
1,3,"J=.65, heterogeneous G, detuning",cross_product,3,6,0
1,3,"J=.65, heterogeneous G, detuning",cross_product,3,7,0
1,3,"J=.65, heterogeneous G, detuning",cross_product,3,8,0
1,3,"J=.65, heterogeneous G, detuning",cross_product,3,9,0.00148483539509714
1,3,"J=.65, heterogeneous G, detuning",cross_product,3,10,0.00109784242467059
1,3,"J=.65, heterogeneous G, detuning",cross_product,4,5,0
1,3,"J=.65, heterogeneous G, detuning",cross_product,4,6,0
1,3,"J=.65, heterogeneous G, detuning",cross_product,4,7,0
1,3,"J=.65, heterogeneous G, detuning",cross_product,4,8,0
1,3,"J=.65, heterogeneous G, detuning",cross_product,4,9,0
1,3,"J=.65, heterogeneous G, detuning",cross_product,4,10,0.000533774411390353
1,3,"J=.65, heterogeneous G, detuning",cross_product,5,6,0
1,3,"J=.65, heterogeneous G, detuning",cross_product,5,7,0
1,3,"J=.65, heterogeneous G, detuning",cross_product,5,8,0
1,3,"J=.65, heterogeneous G, detuning",cross_product,5,9,0
1,3,"J=.65, heterogeneous G, detuning",cross_product,5,10,0
1,3,"J=.65, heterogeneous G, detuning",cross_product,6,7,0
1,3,"J=.65, heterogeneous G, detuning",cross_product,6,8,0
1,3,"J=.65, heterogeneous G, detuning",cross_product,6,9,0
1,3,"J=.65, heterogeneous G, detuning",cross_product,6,10,0
1,3,"J=.65, heterogeneous G, detuning",cross_product,7,8,0
1,3,"J=.65, heterogeneous G, detuning",cross_product,7,9,0
1,3,"J=.65, heterogeneous G, detuning",cross_product,7,10,0
1,3,"J=.65, heterogeneous G, detuning",cross_product,8,9,0
1,3,"J=.65, heterogeneous G, detuning",cross_product,8,10,0
1,3,"J=.65, heterogeneous G, detuning",cross_product,9,10,0
2,3,"J=.65, heterogeneous G, detuning",linear,1,0,0.874987910161271
2,3,"J=.65, heterogeneous G, detuning",linear,2,0,0.63376364457607
2,3,"J=.65, heterogeneous G, detuning",linear,3,0,0.573030428901898
2,3,"J=.65, heterogeneous G, detuning",linear,4,0,0.566927395646255
2,3,"J=.65, heterogeneous G, detuning",linear,5,0,0.533527921043491
2,3,"J=.65, heterogeneous G, detuning",linear,6,0,0.541817546904797
2,3,"J=.65, heterogeneous G, detuning",linear,7,0,0.535324724338551
2,3,"J=.65, heterogeneous G, detuning",linear,8,0,0.540520353490743
2,3,"J=.65, heterogeneous G, detuning",linear,9,0,0.527477616441343
2,3,"J=.65, heterogeneous G, detuning",linear,10,0,0.525071733107611
2,3,"J=.65, heterogeneous G, detuning",linear,11,0,0.524143243964313
2,3,"J=.65, heterogeneous G, detuning",linear,12,0,0.52546965129266
2,3,"J=.65, heterogeneous G, detuning",linear,13,0,0.523782589097059
2,3,"J=.65, heterogeneous G, detuning",linear,14,0,0.517905951261125
2,3,"J=.65, heterogeneous G, detuning",linear,15,0,0.513870698975099
2,3,"J=.65, heterogeneous G, detuning",linear,16,0,0.496919118803764
2,3,"J=.65, heterogeneous G, detuning",linear,17,0,0.495069202751974
2,3,"J=.65, heterogeneous G, detuning",linear,18,0,0.488025503267376
2,3,"J=.65, heterogeneous G, detuning",linear,19,0,0.48998586041248
2,3,"J=.65, heterogeneous G, detuning",linear,20,0,0.476745864176247
2,3,"J=.65, heterogeneous G, detuning",quadratic,1,1,3.14402764333144e-05
2,3,"J=.65, heterogeneous G, detuning",quadratic,2,2,0
2,3,"J=.65, heterogeneous G, detuning",quadratic,3,3,0
2,3,"J=.65, heterogeneous G, detuning",quadratic,4,4,0
2,3,"J=.65, heterogeneous G, detuning",quadratic,5,5,0
2,3,"J=.65, heterogeneous G, detuning",quadratic,6,6,0
2,3,"J=.65, heterogeneous G, detuning",quadratic,7,7,0
2,3,"J=.65, heterogeneous G, detuning",quadratic,8,8,0
2,3,"J=.65, heterogeneous G, detuning",quadratic,9,9,0
2,3,"J=.65, heterogeneous G, detuning",quadratic,10,10,0
2,3,"J=.65, heterogeneous G, detuning",cross_product,1,2,0
2,3,"J=.65, heterogeneous G, detuning",cross_product,1,3,0
2,3,"J=.65, heterogeneous G, detuning",cross_product,1,4,7.60926753975433e-05
2,3,"J=.65, heterogeneous G, detuning",cross_product,1,5,0
2,3,"J=.65, heterogeneous G, detuning",cross_product,1,6,0
2,3,"J=.65, heterogeneous G, detuning",cross_product,1,7,0
2,3,"J=.65, heterogeneous G, detuning",cross_product,1,8,0
2,3,"J=.65, heterogeneous G, detuning",cross_product,1,9,0
2,3,"J=.65, heterogeneous G, detuning",cross_product,1,10,0
2,3,"J=.65, heterogeneous G, detuning",cross_product,2,3,0
2,3,"J=.65, heterogeneous G, detuning",cross_product,2,4,0
2,3,"J=.65, heterogeneous G, detuning",cross_product,2,5,0.000114549484724114
2,3,"J=.65, heterogeneous G, detuning",cross_product,2,6,0
2,3,"J=.65, heterogeneous G, detuning",cross_product,2,7,0
2,3,"J=.65, heterogeneous G, detuning",cross_product,2,8,0
2,3,"J=.65, heterogeneous G, detuning",cross_product,2,9,0
2,3,"J=.65, heterogeneous G, detuning",cross_product,2,10,0
2,3,"J=.65, heterogeneous G, detuning",cross_product,3,4,0
2,3,"J=.65, heterogeneous G, detuning",cross_product,3,5,0
2,3,"J=.65, heterogeneous G, detuning",cross_product,3,6,0
2,3,"J=.65, heterogeneous G, detuning",cross_product,3,7,0
2,3,"J=.65, heterogeneous G, detuning",cross_product,3,8,0
2,3,"J=.65, heterogeneous G, detuning",cross_product,3,9,0.000679839152142425
2,3,"J=.65, heterogeneous G, detuning",cross_product,3,10,0
2,3,"J=.65, heterogeneous G, detuning",cross_product,4,5,0
2,3,"J=.65, heterogeneous G, detuning",cross_product,4,6,0
2,3,"J=.65, heterogeneous G, detuning",cross_product,4,7,0
2,3,"J=.65, heterogeneous G, detuning",cross_product,4,8,0
2,3,"J=.65, heterogeneous G, detuning",cross_product,4,9,0
2,3,"J=.65, heterogeneous G, detuning",cross_product,4,10,0.000267127360852881
2,3,"J=.65, heterogeneous G, detuning",cross_product,5,6,0
2,3,"J=.65, heterogeneous G, detuning",cross_product,5,7,0
2,3,"J=.65, heterogeneous G, detuning",cross_product,5,8,0
2,3,"J=.65, heterogeneous G, detuning",cross_product,5,9,0
2,3,"J=.65, heterogeneous G, detuning",cross_product,5,10,0
2,3,"J=.65, heterogeneous G, detuning",cross_product,6,7,0
2,3,"J=.65, heterogeneous G, detuning",cross_product,6,8,0
2,3,"J=.65, heterogeneous G, detuning",cross_product,6,9,0
2,3,"J=.65, heterogeneous G, detuning",cross_product,6,10,0
2,3,"J=.65, heterogeneous G, detuning",cross_product,7,8,0
2,3,"J=.65, heterogeneous G, detuning",cross_product,7,9,0
2,3,"J=.65, heterogeneous G, detuning",cross_product,7,10,0
2,3,"J=.65, heterogeneous G, detuning",cross_product,8,9,0
2,3,"J=.65, heterogeneous G, detuning",cross_product,8,10,0
2,3,"J=.65, heterogeneous G, detuning",cross_product,9,10,0
3,3,"J=.65, heterogeneous G, detuning",linear,1,0,0.796544535390352
3,3,"J=.65, heterogeneous G, detuning",linear,2,0,0.598890239370933
3,3,"J=.65, heterogeneous G, detuning",linear,3,0,0.580703734248739
3,3,"J=.65, heterogeneous G, detuning",linear,4,0,0.563680527111985
3,3,"J=.65, heterogeneous G, detuning",linear,5,0,0.553253182195281
3,3,"J=.65, heterogeneous G, detuning",linear,6,0,0.552497370582792
3,3,"J=.65, heterogeneous G, detuning",linear,7,0,0.548565979202672
3,3,"J=.65, heterogeneous G, detuning",linear,8,0,0.542791765313545
3,3,"J=.65, heterogeneous G, detuning",linear,9,0,0.538731418506575
3,3,"J=.65, heterogeneous G, detuning",linear,10,0,0.525477926919935
3,3,"J=.65, heterogeneous G, detuning",linear,11,0,0.523310004975856
3,3,"J=.65, heterogeneous G, detuning",linear,12,0,0.504542977447527
3,3,"J=.65, heterogeneous G, detuning",linear,13,0,0.503601590685685
3,3,"J=.65, heterogeneous G, detuning",linear,14,0,0.493949689428809
3,3,"J=.65, heterogeneous G, detuning",linear,15,0,0.485587368405926
3,3,"J=.65, heterogeneous G, detuning",linear,16,0,0.477121269559871
3,3,"J=.65, heterogeneous G, detuning",linear,17,0,0.472573187649078
3,3,"J=.65, heterogeneous G, detuning",linear,18,0,0.470220254167683
3,3,"J=.65, heterogeneous G, detuning",linear,19,0,0.459977950595629
3,3,"J=.65, heterogeneous G, detuning",linear,20,0,0.461341669615429
3,3,"J=.65, heterogeneous G, detuning",quadratic,1,1,0.00615470643347482
3,3,"J=.65, heterogeneous G, detuning",quadratic,2,2,0.00706129721093374
3,3,"J=.65, heterogeneous G, detuning",quadratic,3,3,0.00733571537039546
3,3,"J=.65, heterogeneous G, detuning",quadratic,4,4,0.00610871771302535
3,3,"J=.65, heterogeneous G, detuning",quadratic,5,5,0.00330462491981531
3,3,"J=.65, heterogeneous G, detuning",quadratic,6,6,0.00136602776317585
3,3,"J=.65, heterogeneous G, detuning",quadratic,7,7,0.0012514410269322
3,3,"J=.65, heterogeneous G, detuning",quadratic,8,8,0.00106707485556978
3,3,"J=.65, heterogeneous G, detuning",quadratic,9,9,0.000941995677920082
3,3,"J=.65, heterogeneous G, detuning",quadratic,10,10,0.00126549106954299
3,3,"J=.65, heterogeneous G, detuning",cross_product,1,2,0.010150984941114
3,3,"J=.65, heterogeneous G, detuning",cross_product,1,3,0.00383984365934509
3,3,"J=.65, heterogeneous G, detuning",cross_product,1,4,0
3,3,"J=.65, heterogeneous G, detuning",cross_product,1,5,0.00206377495998611
3,3,"J=.65, heterogeneous G, detuning",cross_product,1,6,0.00140433364890791
3,3,"J=.65, heterogeneous G, detuning",cross_product,1,7,0
3,3,"J=.65, heterogeneous G, detuning",cross_product,1,8,0
3,3,"J=.65, heterogeneous G, detuning",cross_product,1,9,0
3,3,"J=.65, heterogeneous G, detuning",cross_product,1,10,0
3,3,"J=.65, heterogeneous G, detuning",cross_product,2,3,0.0119003993931764
3,3,"J=.65, heterogeneous G, detuning",cross_product,2,4,0.00513100273520162
3,3,"J=.65, heterogeneous G, detuning",cross_product,2,5,0
3,3,"J=.65, heterogeneous G, detuning",cross_product,2,6,0.00225039921733716
3,3,"J=.65, heterogeneous G, detuning",cross_product,2,7,0.00135106551328745
3,3,"J=.65, heterogeneous G, detuning",cross_product,2,8,0
3,3,"J=.65, heterogeneous G, detuning",cross_product,2,9,0
3,3,"J=.65, heterogeneous G, detuning",cross_product,2,10,0
3,3,"J=.65, heterogeneous G, detuning",cross_product,3,4,0.0131003005585042
3,3,"J=.65, heterogeneous G, detuning",cross_product,3,5,0.00584105172580662
3,3,"J=.65, heterogeneous G, detuning",cross_product,3,6,0
3,3,"J=.65, heterogeneous G, detuning",cross_product,3,7,0.00264112381942905
3,3,"J=.65, heterogeneous G, detuning",cross_product,3,8,0.0012117537655294
3,3,"J=.65, heterogeneous G, detuning",cross_product,3,9,0
3,3,"J=.65, heterogeneous G, detuning",cross_product,3,10,0
3,3,"J=.65, heterogeneous G, detuning",cross_product,4,5,0.0134693876300335
3,3,"J=.65, heterogeneous G, detuning",cross_product,4,6,0.00716127394096366
3,3,"J=.65, heterogeneous G, detuning",cross_product,4,7,0
3,3,"J=.65, heterogeneous G, detuning",cross_product,4,8,0.00174486873235957
3,3,"J=.65, heterogeneous G, detuning",cross_product,4,9,0.00111031989754828
3,3,"J=.65, heterogeneous G, detuning",cross_product,4,10,0
3,3,"J=.65, heterogeneous G, detuning",cross_product,5,6,0.0127643655452441
3,3,"J=.65, heterogeneous G, detuning",cross_product,5,7,0.00555731843076213
3,3,"J=.65, heterogeneous G, detuning",cross_product,5,8,0
3,3,"J=.65, heterogeneous G, detuning",cross_product,5,9,0.00186505724756403
3,3,"J=.65, heterogeneous G, detuning",cross_product,5,10,0.00182826754742238
3,3,"J=.65, heterogeneous G, detuning",cross_product,6,7,0.010963444530022
3,3,"J=.65, heterogeneous G, detuning",cross_product,6,8,0.00186762427127118
3,3,"J=.65, heterogeneous G, detuning",cross_product,6,9,0
3,3,"J=.65, heterogeneous G, detuning",cross_product,6,10,0.00186004440308496
3,3,"J=.65, heterogeneous G, detuning",cross_product,7,8,0.00890991539611319
3,3,"J=.65, heterogeneous G, detuning",cross_product,7,9,0.00154583412303688
3,3,"J=.65, heterogeneous G, detuning",cross_product,7,10,0
3,3,"J=.65, heterogeneous G, detuning",cross_product,8,9,0.00680839205792905
3,3,"J=.65, heterogeneous G, detuning",cross_product,8,10,0.00229118993731525
3,3,"J=.65, heterogeneous G, detuning",cross_product,9,10,0.0056601187155686
4,3,"J=.65, heterogeneous G, detuning",linear,1,0,0.743943105381753
4,3,"J=.65, heterogeneous G, detuning",linear,2,0,0.583345169316333
4,3,"J=.65, heterogeneous G, detuning",linear,3,0,0.586715970106718
4,3,"J=.65, heterogeneous G, detuning",linear,4,0,0.552025240532233
4,3,"J=.65, heterogeneous G, detuning",linear,5,0,0.553153783076983
4,3,"J=.65, heterogeneous G, detuning",linear,6,0,0.549310452077287
4,3,"J=.65, heterogeneous G, detuning",linear,7,0,0.548402942777045
4,3,"J=.65, heterogeneous G, detuning",linear,8,0,0.546398716108649
4,3,"J=.65, heterogeneous G, detuning",linear,9,0,0.542765283068539
4,3,"J=.65, heterogeneous G, detuning",linear,10,0,0.539305673026429
4,3,"J=.65, heterogeneous G, detuning",linear,11,0,0.536434617333104
4,3,"J=.65, heterogeneous G, detuning",linear,12,0,0.535318991079633
4,3,"J=.65, heterogeneous G, detuning",linear,13,0,0.530264593532111
4,3,"J=.65, heterogeneous G, detuning",linear,14,0,0.524957784470433
4,3,"J=.65, heterogeneous G, detuning",linear,15,0,0.510493754936419
4,3,"J=.65, heterogeneous G, detuning",linear,16,0,0.494362731372874
4,3,"J=.65, heterogeneous G, detuning",linear,17,0,0.490312376723904
4,3,"J=.65, heterogeneous G, detuning",linear,18,0,0.471173555394865
4,3,"J=.65, heterogeneous G, detuning",linear,19,0,0.474471127394162
4,3,"J=.65, heterogeneous G, detuning",linear,20,0,0.447456185329712
4,3,"J=.65, heterogeneous G, detuning",quadratic,1,1,0
4,3,"J=.65, heterogeneous G, detuning",quadratic,2,2,0.000448904532807659
4,3,"J=.65, heterogeneous G, detuning",quadratic,3,3,0.00238700197676089
4,3,"J=.65, heterogeneous G, detuning",quadratic,4,4,0.0029495543447805
4,3,"J=.65, heterogeneous G, detuning",quadratic,5,5,0.00213046350397927
4,3,"J=.65, heterogeneous G, detuning",quadratic,6,6,0.00199102739884705
4,3,"J=.65, heterogeneous G, detuning",quadratic,7,7,0.00260188658624305
4,3,"J=.65, heterogeneous G, detuning",quadratic,8,8,0.0012370183635928
4,3,"J=.65, heterogeneous G, detuning",quadratic,9,9,0.00123419415628434
4,3,"J=.65, heterogeneous G, detuning",quadratic,10,10,0.00140940439046722
4,3,"J=.65, heterogeneous G, detuning",cross_product,1,2,9.00504390525247e-05
4,3,"J=.65, heterogeneous G, detuning",cross_product,1,3,0.00035636634773295
4,3,"J=.65, heterogeneous G, detuning",cross_product,1,4,0.00721042201778255
4,3,"J=.65, heterogeneous G, detuning",cross_product,1,5,0.000812462882024967
4,3,"J=.65, heterogeneous G, detuning",cross_product,1,6,0.00263855608602492
4,3,"J=.65, heterogeneous G, detuning",cross_product,1,7,0.000390753362954355
4,3,"J=.65, heterogeneous G, detuning",cross_product,1,8,0
4,3,"J=.65, heterogeneous G, detuning",cross_product,1,9,0.00232647168758116
4,3,"J=.65, heterogeneous G, detuning",cross_product,1,10,0
4,3,"J=.65, heterogeneous G, detuning",cross_product,2,3,0.000564308255092238
4,3,"J=.65, heterogeneous G, detuning",cross_product,2,4,0.000514796017580754
4,3,"J=.65, heterogeneous G, detuning",cross_product,2,5,0.00784973934967459
4,3,"J=.65, heterogeneous G, detuning",cross_product,2,6,0.000875351385726919
4,3,"J=.65, heterogeneous G, detuning",cross_product,2,7,0.00200355073164482
4,3,"J=.65, heterogeneous G, detuning",cross_product,2,8,0
4,3,"J=.65, heterogeneous G, detuning",cross_product,2,9,0
4,3,"J=.65, heterogeneous G, detuning",cross_product,2,10,0.00204032277328581
4,3,"J=.65, heterogeneous G, detuning",cross_product,3,4,0.0013241649153346
4,3,"J=.65, heterogeneous G, detuning",cross_product,3,5,0.000233799552466274
4,3,"J=.65, heterogeneous G, detuning",cross_product,3,6,0.00691560557763338
4,3,"J=.65, heterogeneous G, detuning",cross_product,3,7,0.00070227039797599
4,3,"J=.65, heterogeneous G, detuning",cross_product,3,8,0.0025590472060476
4,3,"J=.65, heterogeneous G, detuning",cross_product,3,9,0
4,3,"J=.65, heterogeneous G, detuning",cross_product,3,10,0
4,3,"J=.65, heterogeneous G, detuning",cross_product,4,5,0.00114510399297107
4,3,"J=.65, heterogeneous G, detuning",cross_product,4,6,4.98720255019958e-05
4,3,"J=.65, heterogeneous G, detuning",cross_product,4,7,0.00596140429044667
4,3,"J=.65, heterogeneous G, detuning",cross_product,4,8,0.000113838473855821
4,3,"J=.65, heterogeneous G, detuning",cross_product,4,9,0.00197999893725587
4,3,"J=.65, heterogeneous G, detuning",cross_product,4,10,0
4,3,"J=.65, heterogeneous G, detuning",cross_product,5,6,0.000468963437606051
4,3,"J=.65, heterogeneous G, detuning",cross_product,5,7,0
4,3,"J=.65, heterogeneous G, detuning",cross_product,5,8,0.00400756880555941
4,3,"J=.65, heterogeneous G, detuning",cross_product,5,9,9.02354580942788e-05
4,3,"J=.65, heterogeneous G, detuning",cross_product,5,10,0.00161863983443888
4,3,"J=.65, heterogeneous G, detuning",cross_product,6,7,0.00061986321506291
4,3,"J=.65, heterogeneous G, detuning",cross_product,6,8,0
4,3,"J=.65, heterogeneous G, detuning",cross_product,6,9,0.00281095578612689
4,3,"J=.65, heterogeneous G, detuning",cross_product,6,10,0.000419597799835136
4,3,"J=.65, heterogeneous G, detuning",cross_product,7,8,0.000528463330380258
4,3,"J=.65, heterogeneous G, detuning",cross_product,7,9,0
4,3,"J=.65, heterogeneous G, detuning",cross_product,7,10,0.00201963285748608
4,3,"J=.65, heterogeneous G, detuning",cross_product,8,9,0.00103724849551801
4,3,"J=.65, heterogeneous G, detuning",cross_product,8,10,0
4,3,"J=.65, heterogeneous G, detuning",cross_product,9,10,0.00240756401153075
5,3,"J=.65, heterogeneous G, detuning",linear,1,0,0.868678927118174
5,3,"J=.65, heterogeneous G, detuning",linear,2,0,0.644666210522146
5,3,"J=.65, heterogeneous G, detuning",linear,3,0,0.580946614280084
5,3,"J=.65, heterogeneous G, detuning",linear,4,0,0.581368861935755
5,3,"J=.65, heterogeneous G, detuning",linear,5,0,0.569098472767154
5,3,"J=.65, heterogeneous G, detuning",linear,6,0,0.56585596691607
5,3,"J=.65, heterogeneous G, detuning",linear,7,0,0.566137692186442
5,3,"J=.65, heterogeneous G, detuning",linear,8,0,0.550624070708537
5,3,"J=.65, heterogeneous G, detuning",linear,9,0,0.552365508713567
5,3,"J=.65, heterogeneous G, detuning",linear,10,0,0.529685226270845
5,3,"J=.65, heterogeneous G, detuning",linear,11,0,0.530705799262217
5,3,"J=.65, heterogeneous G, detuning",linear,12,0,0.517836031218597
5,3,"J=.65, heterogeneous G, detuning",linear,13,0,0.519060994502091
5,3,"J=.65, heterogeneous G, detuning",linear,14,0,0.507842259994027
5,3,"J=.65, heterogeneous G, detuning",linear,15,0,0.509779018507918
5,3,"J=.65, heterogeneous G, detuning",linear,16,0,0.477994813202956
5,3,"J=.65, heterogeneous G, detuning",linear,17,0,0.482109102524271
5,3,"J=.65, heterogeneous G, detuning",linear,18,0,0.458072550425884
5,3,"J=.65, heterogeneous G, detuning",linear,19,0,0.454844057395189
5,3,"J=.65, heterogeneous G, detuning",linear,20,0,0.45272557502933
5,3,"J=.65, heterogeneous G, detuning",quadratic,1,1,0.00341201496420795
5,3,"J=.65, heterogeneous G, detuning",quadratic,2,2,0.00460759432767388
5,3,"J=.65, heterogeneous G, detuning",quadratic,3,3,0.00469772388178125
5,3,"J=.65, heterogeneous G, detuning",quadratic,4,4,0.00309943303005811
5,3,"J=.65, heterogeneous G, detuning",quadratic,5,5,0.00182444885194322
5,3,"J=.65, heterogeneous G, detuning",quadratic,6,6,0.000653989871680527
5,3,"J=.65, heterogeneous G, detuning",quadratic,7,7,0.000361384481286864
5,3,"J=.65, heterogeneous G, detuning",quadratic,8,8,0
5,3,"J=.65, heterogeneous G, detuning",quadratic,9,9,0
5,3,"J=.65, heterogeneous G, detuning",quadratic,10,10,0
5,3,"J=.65, heterogeneous G, detuning",cross_product,1,2,0.0110707894218972
5,3,"J=.65, heterogeneous G, detuning",cross_product,1,3,0
5,3,"J=.65, heterogeneous G, detuning",cross_product,1,4,0.0020536857036888
5,3,"J=.65, heterogeneous G, detuning",cross_product,1,5,0.00213813690920084
5,3,"J=.65, heterogeneous G, detuning",cross_product,1,6,0
5,3,"J=.65, heterogeneous G, detuning",cross_product,1,7,0
5,3,"J=.65, heterogeneous G, detuning",cross_product,1,8,0.00262534566609685
5,3,"J=.65, heterogeneous G, detuning",cross_product,1,9,0
5,3,"J=.65, heterogeneous G, detuning",cross_product,1,10,0.00186222824485371
5,3,"J=.65, heterogeneous G, detuning",cross_product,2,3,0.00340746208998621
5,3,"J=.65, heterogeneous G, detuning",cross_product,2,4,0.000207315918772211
5,3,"J=.65, heterogeneous G, detuning",cross_product,2,5,0.00030652693973432
5,3,"J=.65, heterogeneous G, detuning",cross_product,2,6,0.00173067276310512
5,3,"J=.65, heterogeneous G, detuning",cross_product,2,7,0
5,3,"J=.65, heterogeneous G, detuning",cross_product,2,8,0
5,3,"J=.65, heterogeneous G, detuning",cross_product,2,9,0.00323328552176616
5,3,"J=.65, heterogeneous G, detuning",cross_product,2,10,0.00157624684836788
5,3,"J=.65, heterogeneous G, detuning",cross_product,3,4,0.00558303253765313
5,3,"J=.65, heterogeneous G, detuning",cross_product,3,5,0.000641911787120808
5,3,"J=.65, heterogeneous G, detuning",cross_product,3,6,0.0026407639319842
5,3,"J=.65, heterogeneous G, detuning",cross_product,3,7,0.00783875233331655
5,3,"J=.65, heterogeneous G, detuning",cross_product,3,8,0.00116169861659376
5,3,"J=.65, heterogeneous G, detuning",cross_product,3,9,0
5,3,"J=.65, heterogeneous G, detuning",cross_product,3,10,0.00104628332556611
5,3,"J=.65, heterogeneous G, detuning",cross_product,4,5,0.0191901238310821
5,3,"J=.65, heterogeneous G, detuning",cross_product,4,6,0.00168865594657219
5,3,"J=.65, heterogeneous G, detuning",cross_product,4,7,0.00356280736749026
5,3,"J=.65, heterogeneous G, detuning",cross_product,4,8,0.00781032553469918
5,3,"J=.65, heterogeneous G, detuning",cross_product,4,9,0.00177140112343599
5,3,"J=.65, heterogeneous G, detuning",cross_product,4,10,0
5,3,"J=.65, heterogeneous G, detuning",cross_product,5,6,0.0189120287706268
5,3,"J=.65, heterogeneous G, detuning",cross_product,5,7,0.00188601597283211
5,3,"J=.65, heterogeneous G, detuning",cross_product,5,8,0.000859977368987797
5,3,"J=.65, heterogeneous G, detuning",cross_product,5,9,0.00204281460233591
5,3,"J=.65, heterogeneous G, detuning",cross_product,5,10,0
5,3,"J=.65, heterogeneous G, detuning",cross_product,6,7,0.00496317613214203
5,3,"J=.65, heterogeneous G, detuning",cross_product,6,8,0.000996437195377897
5,3,"J=.65, heterogeneous G, detuning",cross_product,6,9,0.000172740067401755
5,3,"J=.65, heterogeneous G, detuning",cross_product,6,10,0.00106052719732375
5,3,"J=.65, heterogeneous G, detuning",cross_product,7,8,0
5,3,"J=.65, heterogeneous G, detuning",cross_product,7,9,0
5,3,"J=.65, heterogeneous G, detuning",cross_product,7,10,0.0016559530131488
5,3,"J=.65, heterogeneous G, detuning",cross_product,8,9,0.0051580547457738
5,3,"J=.65, heterogeneous G, detuning",cross_product,8,10,0
5,3,"J=.65, heterogeneous G, detuning",cross_product,9,10,0.00620805589875051
6,3,"J=.65, heterogeneous G, detuning",linear,1,0,0.758014687413804
6,3,"J=.65, heterogeneous G, detuning",linear,2,0,0.603842651977377
6,3,"J=.65, heterogeneous G, detuning",linear,3,0,0.579016339455797
6,3,"J=.65, heterogeneous G, detuning",linear,4,0,0.572534680898453
6,3,"J=.65, heterogeneous G, detuning",linear,5,0,0.567353791181754
6,3,"J=.65, heterogeneous G, detuning",linear,6,0,0.56396439845198
6,3,"J=.65, heterogeneous G, detuning",linear,7,0,0.55888148335741
6,3,"J=.65, heterogeneous G, detuning",linear,8,0,0.547413785131019
6,3,"J=.65, heterogeneous G, detuning",linear,9,0,0.541380379698557
6,3,"J=.65, heterogeneous G, detuning",linear,10,0,0.52863692443904
6,3,"J=.65, heterogeneous G, detuning",linear,11,0,0.522264547090463
6,3,"J=.65, heterogeneous G, detuning",linear,12,0,0.510515973359582
6,3,"J=.65, heterogeneous G, detuning",linear,13,0,0.50239494686177
6,3,"J=.65, heterogeneous G, detuning",linear,14,0,0.484094581959362
6,3,"J=.65, heterogeneous G, detuning",linear,15,0,0.461734857951634
6,3,"J=.65, heterogeneous G, detuning",linear,16,0,0.459977548929563
6,3,"J=.65, heterogeneous G, detuning",linear,17,0,0.453795832628358
6,3,"J=.65, heterogeneous G, detuning",linear,18,0,0.449633248941254
6,3,"J=.65, heterogeneous G, detuning",linear,19,0,0.434758343487785
6,3,"J=.65, heterogeneous G, detuning",linear,20,0,0.433135389945907
6,3,"J=.65, heterogeneous G, detuning",quadratic,1,1,0
6,3,"J=.65, heterogeneous G, detuning",quadratic,2,2,0
6,3,"J=.65, heterogeneous G, detuning",quadratic,3,3,0
6,3,"J=.65, heterogeneous G, detuning",quadratic,4,4,0
6,3,"J=.65, heterogeneous G, detuning",quadratic,5,5,0
6,3,"J=.65, heterogeneous G, detuning",quadratic,6,6,0
6,3,"J=.65, heterogeneous G, detuning",quadratic,7,7,0
6,3,"J=.65, heterogeneous G, detuning",quadratic,8,8,0
6,3,"J=.65, heterogeneous G, detuning",quadratic,9,9,0
6,3,"J=.65, heterogeneous G, detuning",quadratic,10,10,0
6,3,"J=.65, heterogeneous G, detuning",cross_product,1,2,0
6,3,"J=.65, heterogeneous G, detuning",cross_product,1,3,0
6,3,"J=.65, heterogeneous G, detuning",cross_product,1,4,7.81307337494042e-06
6,3,"J=.65, heterogeneous G, detuning",cross_product,1,5,0.00190158404615959
6,3,"J=.65, heterogeneous G, detuning",cross_product,1,6,0.000723588267124486
6,3,"J=.65, heterogeneous G, detuning",cross_product,1,7,0
6,3,"J=.65, heterogeneous G, detuning",cross_product,1,8,0
6,3,"J=.65, heterogeneous G, detuning",cross_product,1,9,0
6,3,"J=.65, heterogeneous G, detuning",cross_product,1,10,0
6,3,"J=.65, heterogeneous G, detuning",cross_product,2,3,0
6,3,"J=.65, heterogeneous G, detuning",cross_product,2,4,0
6,3,"J=.65, heterogeneous G, detuning",cross_product,2,5,0.000720325700780622
6,3,"J=.65, heterogeneous G, detuning",cross_product,2,6,0.00187291615758722
6,3,"J=.65, heterogeneous G, detuning",cross_product,2,7,0.000198337373150115
6,3,"J=.65, heterogeneous G, detuning",cross_product,2,8,0
6,3,"J=.65, heterogeneous G, detuning",cross_product,2,9,0
6,3,"J=.65, heterogeneous G, detuning",cross_product,2,10,0
6,3,"J=.65, heterogeneous G, detuning",cross_product,3,4,0
6,3,"J=.65, heterogeneous G, detuning",cross_product,3,5,0
6,3,"J=.65, heterogeneous G, detuning",cross_product,3,6,0.00119279831490648
6,3,"J=.65, heterogeneous G, detuning",cross_product,3,7,0.00216654198157384
6,3,"J=.65, heterogeneous G, detuning",cross_product,3,8,0.00010157674302369
6,3,"J=.65, heterogeneous G, detuning",cross_product,3,9,0
6,3,"J=.65, heterogeneous G, detuning",cross_product,3,10,0
6,3,"J=.65, heterogeneous G, detuning",cross_product,4,5,0
6,3,"J=.65, heterogeneous G, detuning",cross_product,4,6,0
6,3,"J=.65, heterogeneous G, detuning",cross_product,4,7,0.00154374491155229
6,3,"J=.65, heterogeneous G, detuning",cross_product,4,8,0.00219189593282942
6,3,"J=.65, heterogeneous G, detuning",cross_product,4,9,0
6,3,"J=.65, heterogeneous G, detuning",cross_product,4,10,0
6,3,"J=.65, heterogeneous G, detuning",cross_product,5,6,0
6,3,"J=.65, heterogeneous G, detuning",cross_product,5,7,0
6,3,"J=.65, heterogeneous G, detuning",cross_product,5,8,0.00196158219047438
6,3,"J=.65, heterogeneous G, detuning",cross_product,5,9,0.00180404517494503
6,3,"J=.65, heterogeneous G, detuning",cross_product,5,10,0
6,3,"J=.65, heterogeneous G, detuning",cross_product,6,7,0
6,3,"J=.65, heterogeneous G, detuning",cross_product,6,8,0
6,3,"J=.65, heterogeneous G, detuning",cross_product,6,9,0.00207039621373328
6,3,"J=.65, heterogeneous G, detuning",cross_product,6,10,0.00154849082071151
6,3,"J=.65, heterogeneous G, detuning",cross_product,7,8,0
6,3,"J=.65, heterogeneous G, detuning",cross_product,7,9,0
6,3,"J=.65, heterogeneous G, detuning",cross_product,7,10,0.00165179112136693
6,3,"J=.65, heterogeneous G, detuning",cross_product,8,9,0
6,3,"J=.65, heterogeneous G, detuning",cross_product,8,10,0
6,3,"J=.65, heterogeneous G, detuning",cross_product,9,10,0
7,3,"J=.65, heterogeneous G, detuning",linear,1,0,0.877127394500024
7,3,"J=.65, heterogeneous G, detuning",linear,2,0,0.630683579293444
7,3,"J=.65, heterogeneous G, detuning",linear,3,0,0.556417393579699
7,3,"J=.65, heterogeneous G, detuning",linear,4,0,0.555634174606598
7,3,"J=.65, heterogeneous G, detuning",linear,5,0,0.530389334972213
7,3,"J=.65, heterogeneous G, detuning",linear,6,0,0.533435170237252
7,3,"J=.65, heterogeneous G, detuning",linear,7,0,0.529740966595278
7,3,"J=.65, heterogeneous G, detuning",linear,8,0,0.528847032449236
7,3,"J=.65, heterogeneous G, detuning",linear,9,0,0.520815402574716
7,3,"J=.65, heterogeneous G, detuning",linear,10,0,0.518372768744589
7,3,"J=.65, heterogeneous G, detuning",linear,11,0,0.516932091018053
7,3,"J=.65, heterogeneous G, detuning",linear,12,0,0.5116823470585
7,3,"J=.65, heterogeneous G, detuning",linear,13,0,0.510185368115903
7,3,"J=.65, heterogeneous G, detuning",linear,14,0,0.494140621359981
7,3,"J=.65, heterogeneous G, detuning",linear,15,0,0.493658422092467
7,3,"J=.65, heterogeneous G, detuning",linear,16,0,0.487138244543428
7,3,"J=.65, heterogeneous G, detuning",linear,17,0,0.486741952811421
7,3,"J=.65, heterogeneous G, detuning",linear,18,0,0.474499899047781
7,3,"J=.65, heterogeneous G, detuning",linear,19,0,0.474827348149164
7,3,"J=.65, heterogeneous G, detuning",linear,20,0,0.460989545732166
7,3,"J=.65, heterogeneous G, detuning",quadratic,1,1,0
7,3,"J=.65, heterogeneous G, detuning",quadratic,2,2,0
7,3,"J=.65, heterogeneous G, detuning",quadratic,3,3,0
7,3,"J=.65, heterogeneous G, detuning",quadratic,4,4,0
7,3,"J=.65, heterogeneous G, detuning",quadratic,5,5,0
7,3,"J=.65, heterogeneous G, detuning",quadratic,6,6,0
7,3,"J=.65, heterogeneous G, detuning",quadratic,7,7,0
7,3,"J=.65, heterogeneous G, detuning",quadratic,8,8,0
7,3,"J=.65, heterogeneous G, detuning",quadratic,9,9,0
7,3,"J=.65, heterogeneous G, detuning",quadratic,10,10,0
7,3,"J=.65, heterogeneous G, detuning",cross_product,1,2,0.00616584615426008
7,3,"J=.65, heterogeneous G, detuning",cross_product,1,3,0.011693365272975
7,3,"J=.65, heterogeneous G, detuning",cross_product,1,4,0.0115816373249765
7,3,"J=.65, heterogeneous G, detuning",cross_product,1,5,0.00112298775500563
7,3,"J=.65, heterogeneous G, detuning",cross_product,1,6,0.00414113448865072
7,3,"J=.65, heterogeneous G, detuning",cross_product,1,7,0.00260601310925768
7,3,"J=.65, heterogeneous G, detuning",cross_product,1,8,0.00729244635108195
7,3,"J=.65, heterogeneous G, detuning",cross_product,1,9,0.00209052527235465
7,3,"J=.65, heterogeneous G, detuning",cross_product,1,10,0
7,3,"J=.65, heterogeneous G, detuning",cross_product,2,3,0.00808850147956808
7,3,"J=.65, heterogeneous G, detuning",cross_product,2,4,0.0144586989090022
7,3,"J=.65, heterogeneous G, detuning",cross_product,2,5,0.0111263050084874
7,3,"J=.65, heterogeneous G, detuning",cross_product,2,6,0.00213907280762571
7,3,"J=.65, heterogeneous G, detuning",cross_product,2,7,0.00284048931967362
7,3,"J=.65, heterogeneous G, detuning",cross_product,2,8,0.00150091095183069
7,3,"J=.65, heterogeneous G, detuning",cross_product,2,9,0.00768641253354718
7,3,"J=.65, heterogeneous G, detuning",cross_product,2,10,0.00183082940277179
7,3,"J=.65, heterogeneous G, detuning",cross_product,3,4,0.0106416603578013
7,3,"J=.65, heterogeneous G, detuning",cross_product,3,5,0.0161538457097732
7,3,"J=.65, heterogeneous G, detuning",cross_product,3,6,0.0107173648743495
7,3,"J=.65, heterogeneous G, detuning",cross_product,3,7,0.00271173618620091
7,3,"J=.65, heterogeneous G, detuning",cross_product,3,8,0.00331209647672404
7,3,"J=.65, heterogeneous G, detuning",cross_product,3,9,0.0013688174727523
7,3,"J=.65, heterogeneous G, detuning",cross_product,3,10,0.00646025691833529
7,3,"J=.65, heterogeneous G, detuning",cross_product,4,5,0.0113873728847677
7,3,"J=.65, heterogeneous G, detuning",cross_product,4,6,0.0170999664980139
7,3,"J=.65, heterogeneous G, detuning",cross_product,4,7,0.0103101650218043
7,3,"J=.65, heterogeneous G, detuning",cross_product,4,8,0.00138746569241077
7,3,"J=.65, heterogeneous G, detuning",cross_product,4,9,0.000556525576028921
7,3,"J=.65, heterogeneous G, detuning",cross_product,4,10,0.000644424454848469
7,3,"J=.65, heterogeneous G, detuning",cross_product,5,6,0.00557271427591166
7,3,"J=.65, heterogeneous G, detuning",cross_product,5,7,0.0150956914345678
7,3,"J=.65, heterogeneous G, detuning",cross_product,5,8,0.0103003442809869
7,3,"J=.65, heterogeneous G, detuning",cross_product,5,9,0
7,3,"J=.65, heterogeneous G, detuning",cross_product,5,10,0
7,3,"J=.65, heterogeneous G, detuning",cross_product,6,7,0
7,3,"J=.65, heterogeneous G, detuning",cross_product,6,8,0.0126551606364821
7,3,"J=.65, heterogeneous G, detuning",cross_product,6,9,0.0106741694865666
7,3,"J=.65, heterogeneous G, detuning",cross_product,6,10,0
7,3,"J=.65, heterogeneous G, detuning",cross_product,7,8,0
7,3,"J=.65, heterogeneous G, detuning",cross_product,7,9,0.00666806356595517
7,3,"J=.65, heterogeneous G, detuning",cross_product,7,10,0.0103645880697049
7,3,"J=.65, heterogeneous G, detuning",cross_product,8,9,0.00130524066469762
7,3,"J=.65, heterogeneous G, detuning",cross_product,8,10,0.00359185563507514
7,3,"J=.65, heterogeneous G, detuning",cross_product,9,10,0.00426671054849292
8,3,"J=.65, heterogeneous G, detuning",linear,1,0,0.794576489958162
8,3,"J=.65, heterogeneous G, detuning",linear,2,0,0.593724656882221
8,3,"J=.65, heterogeneous G, detuning",linear,3,0,0.581275775951383
8,3,"J=.65, heterogeneous G, detuning",linear,4,0,0.571205747539751
8,3,"J=.65, heterogeneous G, detuning",linear,5,0,0.562222979443832
8,3,"J=.65, heterogeneous G, detuning",linear,6,0,0.562918352663421
8,3,"J=.65, heterogeneous G, detuning",linear,7,0,0.553591428485798
8,3,"J=.65, heterogeneous G, detuning",linear,8,0,0.545111614691613
8,3,"J=.65, heterogeneous G, detuning",linear,9,0,0.539085856793204
8,3,"J=.65, heterogeneous G, detuning",linear,10,0,0.52681577044015
8,3,"J=.65, heterogeneous G, detuning",linear,11,0,0.522253926214905
8,3,"J=.65, heterogeneous G, detuning",linear,12,0,0.504631674175793
8,3,"J=.65, heterogeneous G, detuning",linear,13,0,0.491823137887453
8,3,"J=.65, heterogeneous G, detuning",linear,14,0,0.484065681485371
8,3,"J=.65, heterogeneous G, detuning",linear,15,0,0.469399711407611
8,3,"J=.65, heterogeneous G, detuning",linear,16,0,0.470239924605681
8,3,"J=.65, heterogeneous G, detuning",linear,17,0,0.457766834735095
8,3,"J=.65, heterogeneous G, detuning",linear,18,0,0.459222957812472
8,3,"J=.65, heterogeneous G, detuning",linear,19,0,0.445916668803179
8,3,"J=.65, heterogeneous G, detuning",linear,20,0,0.445697453869584
8,3,"J=.65, heterogeneous G, detuning",quadratic,1,1,0
8,3,"J=.65, heterogeneous G, detuning",quadratic,2,2,0
8,3,"J=.65, heterogeneous G, detuning",quadratic,3,3,0
8,3,"J=.65, heterogeneous G, detuning",quadratic,4,4,0
8,3,"J=.65, heterogeneous G, detuning",quadratic,5,5,0.000224891312984421
8,3,"J=.65, heterogeneous G, detuning",quadratic,6,6,0.00161940208242384
8,3,"J=.65, heterogeneous G, detuning",quadratic,7,7,0.000327587645157834
8,3,"J=.65, heterogeneous G, detuning",quadratic,8,8,0
8,3,"J=.65, heterogeneous G, detuning",quadratic,9,9,0
8,3,"J=.65, heterogeneous G, detuning",quadratic,10,10,9.5022411065071e-05
8,3,"J=.65, heterogeneous G, detuning",cross_product,1,2,0.00192224621432469
8,3,"J=.65, heterogeneous G, detuning",cross_product,1,3,0.00209281016457219
8,3,"J=.65, heterogeneous G, detuning",cross_product,1,4,0.00670924003059559
8,3,"J=.65, heterogeneous G, detuning",cross_product,1,5,0
8,3,"J=.65, heterogeneous G, detuning",cross_product,1,6,0
8,3,"J=.65, heterogeneous G, detuning",cross_product,1,7,0.00543332094736892
8,3,"J=.65, heterogeneous G, detuning",cross_product,1,8,0.00806035221641055
8,3,"J=.65, heterogeneous G, detuning",cross_product,1,9,0.00171284452224396
8,3,"J=.65, heterogeneous G, detuning",cross_product,1,10,0
8,3,"J=.65, heterogeneous G, detuning",cross_product,2,3,0.00342665609345216
8,3,"J=.65, heterogeneous G, detuning",cross_product,2,4,0.00186699105653398
8,3,"J=.65, heterogeneous G, detuning",cross_product,2,5,0.00848453096071022
8,3,"J=.65, heterogeneous G, detuning",cross_product,2,6,0.00109714428014729
8,3,"J=.65, heterogeneous G, detuning",cross_product,2,7,0
8,3,"J=.65, heterogeneous G, detuning",cross_product,2,8,0.00292803478440629
8,3,"J=.65, heterogeneous G, detuning",cross_product,2,9,0.00705969542142015
8,3,"J=.65, heterogeneous G, detuning",cross_product,2,10,0
8,3,"J=.65, heterogeneous G, detuning",cross_product,3,4,0.00765364861663298
8,3,"J=.65, heterogeneous G, detuning",cross_product,3,5,0
8,3,"J=.65, heterogeneous G, detuning",cross_product,3,6,0.00845164936101561
8,3,"J=.65, heterogeneous G, detuning",cross_product,3,7,0.0042737776624433
8,3,"J=.65, heterogeneous G, detuning",cross_product,3,8,0
8,3,"J=.65, heterogeneous G, detuning",cross_product,3,9,0.000989413430977137
8,3,"J=.65, heterogeneous G, detuning",cross_product,3,10,0.000189073789280014
8,3,"J=.65, heterogeneous G, detuning",cross_product,4,5,0.0111456943728714
8,3,"J=.65, heterogeneous G, detuning",cross_product,4,6,0
8,3,"J=.65, heterogeneous G, detuning",cross_product,4,7,0.00645409682738507
8,3,"J=.65, heterogeneous G, detuning",cross_product,4,8,0.00468363845574027
8,3,"J=.65, heterogeneous G, detuning",cross_product,4,9,0
8,3,"J=.65, heterogeneous G, detuning",cross_product,4,10,0.00105665574643676
8,3,"J=.65, heterogeneous G, detuning",cross_product,5,6,0.00865749880183964
8,3,"J=.65, heterogeneous G, detuning",cross_product,5,7,0.00130497462001922
8,3,"J=.65, heterogeneous G, detuning",cross_product,5,8,0.00395698277657908
8,3,"J=.65, heterogeneous G, detuning",cross_product,5,9,0.00162049674169407
8,3,"J=.65, heterogeneous G, detuning",cross_product,5,10,0
8,3,"J=.65, heterogeneous G, detuning",cross_product,6,7,0.00574878354130182
8,3,"J=.65, heterogeneous G, detuning",cross_product,6,8,0.00122927520634331
8,3,"J=.65, heterogeneous G, detuning",cross_product,6,9,0.00429982248317973
8,3,"J=.65, heterogeneous G, detuning",cross_product,6,10,0.00052964026850022
8,3,"J=.65, heterogeneous G, detuning",cross_product,7,8,0.00674896485884402
8,3,"J=.65, heterogeneous G, detuning",cross_product,7,9,0
8,3,"J=.65, heterogeneous G, detuning",cross_product,7,10,0.00372494212700458
8,3,"J=.65, heterogeneous G, detuning",cross_product,8,9,0.00901016267888255
8,3,"J=.65, heterogeneous G, detuning",cross_product,8,10,0
8,3,"J=.65, heterogeneous G, detuning",cross_product,9,10,0.00530061628098022
9,3,"J=.65, heterogeneous G, detuning",linear,1,0,0.895606605515553
9,3,"J=.65, heterogeneous G, detuning",linear,2,0,0.66343047254166
9,3,"J=.65, heterogeneous G, detuning",linear,3,0,0.562116382730913
9,3,"J=.65, heterogeneous G, detuning",linear,4,0,0.568306799268044
9,3,"J=.65, heterogeneous G, detuning",linear,5,0,0.544724831179493
9,3,"J=.65, heterogeneous G, detuning",linear,6,0,0.544487686989399
9,3,"J=.65, heterogeneous G, detuning",linear,7,0,0.54322633885091
9,3,"J=.65, heterogeneous G, detuning",linear,8,0,0.535963704865539
9,3,"J=.65, heterogeneous G, detuning",linear,9,0,0.535813746070819
9,3,"J=.65, heterogeneous G, detuning",linear,10,0,0.530743616656271
9,3,"J=.65, heterogeneous G, detuning",linear,11,0,0.531836602668053
9,3,"J=.65, heterogeneous G, detuning",linear,12,0,0.518662833517974
9,3,"J=.65, heterogeneous G, detuning",linear,13,0,0.521660164100683
9,3,"J=.65, heterogeneous G, detuning",linear,14,0,0.49836818772867
9,3,"J=.65, heterogeneous G, detuning",linear,15,0,0.506756947956567
9,3,"J=.65, heterogeneous G, detuning",linear,16,0,0.481360254344915
9,3,"J=.65, heterogeneous G, detuning",linear,17,0,0.493617142821201
9,3,"J=.65, heterogeneous G, detuning",linear,18,0,0.475197416353944
9,3,"J=.65, heterogeneous G, detuning",linear,19,0,0.478932383105486
9,3,"J=.65, heterogeneous G, detuning",linear,20,0,0.463089473846046
9,3,"J=.65, heterogeneous G, detuning",quadratic,1,1,0
9,3,"J=.65, heterogeneous G, detuning",quadratic,2,2,0
9,3,"J=.65, heterogeneous G, detuning",quadratic,3,3,0
9,3,"J=.65, heterogeneous G, detuning",quadratic,4,4,0
9,3,"J=.65, heterogeneous G, detuning",quadratic,5,5,0
9,3,"J=.65, heterogeneous G, detuning",quadratic,6,6,0
9,3,"J=.65, heterogeneous G, detuning",quadratic,7,7,0
9,3,"J=.65, heterogeneous G, detuning",quadratic,8,8,0
9,3,"J=.65, heterogeneous G, detuning",quadratic,9,9,0
9,3,"J=.65, heterogeneous G, detuning",quadratic,10,10,0
9,3,"J=.65, heterogeneous G, detuning",cross_product,1,2,0
9,3,"J=.65, heterogeneous G, detuning",cross_product,1,3,0
9,3,"J=.65, heterogeneous G, detuning",cross_product,1,4,0
9,3,"J=.65, heterogeneous G, detuning",cross_product,1,5,0
9,3,"J=.65, heterogeneous G, detuning",cross_product,1,6,0
9,3,"J=.65, heterogeneous G, detuning",cross_product,1,7,0
9,3,"J=.65, heterogeneous G, detuning",cross_product,1,8,0
9,3,"J=.65, heterogeneous G, detuning",cross_product,1,9,0
9,3,"J=.65, heterogeneous G, detuning",cross_product,1,10,0
9,3,"J=.65, heterogeneous G, detuning",cross_product,2,3,0
9,3,"J=.65, heterogeneous G, detuning",cross_product,2,4,0
9,3,"J=.65, heterogeneous G, detuning",cross_product,2,5,0
9,3,"J=.65, heterogeneous G, detuning",cross_product,2,6,0
9,3,"J=.65, heterogeneous G, detuning",cross_product,2,7,0
9,3,"J=.65, heterogeneous G, detuning",cross_product,2,8,0
9,3,"J=.65, heterogeneous G, detuning",cross_product,2,9,0
9,3,"J=.65, heterogeneous G, detuning",cross_product,2,10,0
9,3,"J=.65, heterogeneous G, detuning",cross_product,3,4,0
9,3,"J=.65, heterogeneous G, detuning",cross_product,3,5,0
9,3,"J=.65, heterogeneous G, detuning",cross_product,3,6,0
9,3,"J=.65, heterogeneous G, detuning",cross_product,3,7,0
9,3,"J=.65, heterogeneous G, detuning",cross_product,3,8,0
9,3,"J=.65, heterogeneous G, detuning",cross_product,3,9,0
9,3,"J=.65, heterogeneous G, detuning",cross_product,3,10,0
9,3,"J=.65, heterogeneous G, detuning",cross_product,4,5,0
9,3,"J=.65, heterogeneous G, detuning",cross_product,4,6,0
9,3,"J=.65, heterogeneous G, detuning",cross_product,4,7,0
9,3,"J=.65, heterogeneous G, detuning",cross_product,4,8,0
9,3,"J=.65, heterogeneous G, detuning",cross_product,4,9,0
9,3,"J=.65, heterogeneous G, detuning",cross_product,4,10,0
9,3,"J=.65, heterogeneous G, detuning",cross_product,5,6,0
9,3,"J=.65, heterogeneous G, detuning",cross_product,5,7,0
9,3,"J=.65, heterogeneous G, detuning",cross_product,5,8,0
9,3,"J=.65, heterogeneous G, detuning",cross_product,5,9,0
9,3,"J=.65, heterogeneous G, detuning",cross_product,5,10,0
9,3,"J=.65, heterogeneous G, detuning",cross_product,6,7,0
9,3,"J=.65, heterogeneous G, detuning",cross_product,6,8,0
9,3,"J=.65, heterogeneous G, detuning",cross_product,6,9,0
9,3,"J=.65, heterogeneous G, detuning",cross_product,6,10,0
9,3,"J=.65, heterogeneous G, detuning",cross_product,7,8,0
9,3,"J=.65, heterogeneous G, detuning",cross_product,7,9,0
9,3,"J=.65, heterogeneous G, detuning",cross_product,7,10,4.29655955508368e-05
9,3,"J=.65, heterogeneous G, detuning",cross_product,8,9,0
9,3,"J=.65, heterogeneous G, detuning",cross_product,8,10,0
9,3,"J=.65, heterogeneous G, detuning",cross_product,9,10,0
10,3,"J=.65, heterogeneous G, detuning",linear,1,0,0.795273517966964
10,3,"J=.65, heterogeneous G, detuning",linear,2,0,0.576079571782027
10,3,"J=.65, heterogeneous G, detuning",linear,3,0,0.55696930721767
10,3,"J=.65, heterogeneous G, detuning",linear,4,0,0.540410862108488
10,3,"J=.65, heterogeneous G, detuning",linear,5,0,0.53228825522043
10,3,"J=.65, heterogeneous G, detuning",linear,6,0,0.519498323041053
10,3,"J=.65, heterogeneous G, detuning",linear,7,0,0.520281913011002
10,3,"J=.65, heterogeneous G, detuning",linear,8,0,0.515433415853037
10,3,"J=.65, heterogeneous G, detuning",linear,9,0,0.507942308764131
10,3,"J=.65, heterogeneous G, detuning",linear,10,0,0.503238669770477
10,3,"J=.65, heterogeneous G, detuning",linear,11,0,0.500647017232123
10,3,"J=.65, heterogeneous G, detuning",linear,12,0,0.49413456999764
10,3,"J=.65, heterogeneous G, detuning",linear,13,0,0.490899944561858
10,3,"J=.65, heterogeneous G, detuning",linear,14,0,0.487947189742182
10,3,"J=.65, heterogeneous G, detuning",linear,15,0,0.478623937867171
10,3,"J=.65, heterogeneous G, detuning",linear,16,0,0.469403208082769
10,3,"J=.65, heterogeneous G, detuning",linear,17,0,0.464635290159909
10,3,"J=.65, heterogeneous G, detuning",linear,18,0,0.46086380084609
10,3,"J=.65, heterogeneous G, detuning",linear,19,0,0.455399228189396
10,3,"J=.65, heterogeneous G, detuning",linear,20,0,0.442211111127
10,3,"J=.65, heterogeneous G, detuning",quadratic,1,1,0.00689245166630581
10,3,"J=.65, heterogeneous G, detuning",quadratic,2,2,0.0109915602200783
10,3,"J=.65, heterogeneous G, detuning",quadratic,3,3,0.0137528572288874
10,3,"J=.65, heterogeneous G, detuning",quadratic,4,4,0.0130214040337606
10,3,"J=.65, heterogeneous G, detuning",quadratic,5,5,0.00950103100491806
10,3,"J=.65, heterogeneous G, detuning",quadratic,6,6,0.00743887617941774
10,3,"J=.65, heterogeneous G, detuning",quadratic,7,7,0.00248633592895275
10,3,"J=.65, heterogeneous G, detuning",quadratic,8,8,0.00106466504693514
10,3,"J=.65, heterogeneous G, detuning",quadratic,9,9,5.77189235804187e-05
10,3,"J=.65, heterogeneous G, detuning",quadratic,10,10,0.000986189259201464
10,3,"J=.65, heterogeneous G, detuning",cross_product,1,2,0.0124612282855945
10,3,"J=.65, heterogeneous G, detuning",cross_product,1,3,0.0120972926634924
10,3,"J=.65, heterogeneous G, detuning",cross_product,1,4,0.0117982064890786
10,3,"J=.65, heterogeneous G, detuning",cross_product,1,5,0.00624719164671772
10,3,"J=.65, heterogeneous G, detuning",cross_product,1,6,0
10,3,"J=.65, heterogeneous G, detuning",cross_product,1,7,0.00325026246577687
10,3,"J=.65, heterogeneous G, detuning",cross_product,1,8,0.00238236820097026
10,3,"J=.65, heterogeneous G, detuning",cross_product,1,9,0
10,3,"J=.65, heterogeneous G, detuning",cross_product,1,10,0.00558253025602695
10,3,"J=.65, heterogeneous G, detuning",cross_product,2,3,0.0193487115485269
10,3,"J=.65, heterogeneous G, detuning",cross_product,2,4,0.0164129532123405
10,3,"J=.65, heterogeneous G, detuning",cross_product,2,5,0.0126396671478035
10,3,"J=.65, heterogeneous G, detuning",cross_product,2,6,0.00883408700939514
10,3,"J=.65, heterogeneous G, detuning",cross_product,2,7,0
10,3,"J=.65, heterogeneous G, detuning",cross_product,2,8,0.00490791524948198
10,3,"J=.65, heterogeneous G, detuning",cross_product,2,9,0.00376908456046976
10,3,"J=.65, heterogeneous G, detuning",cross_product,2,10,0
10,3,"J=.65, heterogeneous G, detuning",cross_product,3,4,0.0235455664363029
10,3,"J=.65, heterogeneous G, detuning",cross_product,3,5,0.0190386391358819
10,3,"J=.65, heterogeneous G, detuning",cross_product,3,6,0.0150620603022187
10,3,"J=.65, heterogeneous G, detuning",cross_product,3,7,0.0135727070051541
10,3,"J=.65, heterogeneous G, detuning",cross_product,3,8,0
10,3,"J=.65, heterogeneous G, detuning",cross_product,3,9,0.00561790671462059
10,3,"J=.65, heterogeneous G, detuning",cross_product,3,10,0.00616331741675646
10,3,"J=.65, heterogeneous G, detuning",cross_product,4,5,0.0208492452778375
10,3,"J=.65, heterogeneous G, detuning",cross_product,4,6,0.0136157174569329
10,3,"J=.65, heterogeneous G, detuning",cross_product,4,7,0.0183585724369312
10,3,"J=.65, heterogeneous G, detuning",cross_product,4,8,0.0134348923767204
10,3,"J=.65, heterogeneous G, detuning",cross_product,4,9,0
10,3,"J=.65, heterogeneous G, detuning",cross_product,4,10,0.00648680942467561
10,3,"J=.65, heterogeneous G, detuning",cross_product,5,6,0.0143187503523104
10,3,"J=.65, heterogeneous G, detuning",cross_product,5,7,0.00638933986521018
10,3,"J=.65, heterogeneous G, detuning",cross_product,5,8,0.0199675050700567
10,3,"J=.65, heterogeneous G, detuning",cross_product,5,9,0.0127475722223918
10,3,"J=.65, heterogeneous G, detuning",cross_product,5,10,0
10,3,"J=.65, heterogeneous G, detuning",cross_product,6,7,0.00891248492833085
10,3,"J=.65, heterogeneous G, detuning",cross_product,6,8,0.00239621250652744
10,3,"J=.65, heterogeneous G, detuning",cross_product,6,9,0.0172142203924802
10,3,"J=.65, heterogeneous G, detuning",cross_product,6,10,0.0101455816551916
10,3,"J=.65, heterogeneous G, detuning",cross_product,7,8,0.00701734298305068
10,3,"J=.65, heterogeneous G, detuning",cross_product,7,9,0.000252271627805944
10,3,"J=.65, heterogeneous G, detuning",cross_product,7,10,0.0146560952407843
10,3,"J=.65, heterogeneous G, detuning",cross_product,8,9,0.00592267037857863
10,3,"J=.65, heterogeneous G, detuning",cross_product,8,10,0.00238133245403338
10,3,"J=.65, heterogeneous G, detuning",cross_product,9,10,0.00668912614194495
1,4,"J=.65, heterogeneous, both",linear,1,0,0.860376801926066
1,4,"J=.65, heterogeneous, both",linear,2,0,0.647450543449015
1,4,"J=.65, heterogeneous, both",linear,3,0,0.583114665145097
1,4,"J=.65, heterogeneous, both",linear,4,0,0.582231789168473
1,4,"J=.65, heterogeneous, both",linear,5,0,0.557214322773446
1,4,"J=.65, heterogeneous, both",linear,6,0,0.555693672122681
1,4,"J=.65, heterogeneous, both",linear,7,0,0.55207336493143
1,4,"J=.65, heterogeneous, both",linear,8,0,0.549689206426399
1,4,"J=.65, heterogeneous, both",linear,9,0,0.546787565186286
1,4,"J=.65, heterogeneous, both",linear,10,0,0.535349626693226
1,4,"J=.65, heterogeneous, both",linear,11,0,0.533230654974736
1,4,"J=.65, heterogeneous, both",linear,12,0,0.523935953171364
1,4,"J=.65, heterogeneous, both",linear,13,0,0.527427148917523
1,4,"J=.65, heterogeneous, both",linear,14,0,0.498274418038558
1,4,"J=.65, heterogeneous, both",linear,15,0,0.50545695865971
1,4,"J=.65, heterogeneous, both",linear,16,0,0.483747773471446
1,4,"J=.65, heterogeneous, both",linear,17,0,0.479536194764162
1,4,"J=.65, heterogeneous, both",linear,18,0,0.47144780784336
1,4,"J=.65, heterogeneous, both",linear,19,0,0.472418947588297
1,4,"J=.65, heterogeneous, both",linear,20,0,0.469807637331432
1,4,"J=.65, heterogeneous, both",quadratic,1,1,0
1,4,"J=.65, heterogeneous, both",quadratic,2,2,0
1,4,"J=.65, heterogeneous, both",quadratic,3,3,0
1,4,"J=.65, heterogeneous, both",quadratic,4,4,0
1,4,"J=.65, heterogeneous, both",quadratic,5,5,0
1,4,"J=.65, heterogeneous, both",quadratic,6,6,0
1,4,"J=.65, heterogeneous, both",quadratic,7,7,0
1,4,"J=.65, heterogeneous, both",quadratic,8,8,0
1,4,"J=.65, heterogeneous, both",quadratic,9,9,0
1,4,"J=.65, heterogeneous, both",quadratic,10,10,0
1,4,"J=.65, heterogeneous, both",cross_product,1,2,0
1,4,"J=.65, heterogeneous, both",cross_product,1,3,0
1,4,"J=.65, heterogeneous, both",cross_product,1,4,0
1,4,"J=.65, heterogeneous, both",cross_product,1,5,0
1,4,"J=.65, heterogeneous, both",cross_product,1,6,0
1,4,"J=.65, heterogeneous, both",cross_product,1,7,0.000118864198170754
1,4,"J=.65, heterogeneous, both",cross_product,1,8,0
1,4,"J=.65, heterogeneous, both",cross_product,1,9,0
1,4,"J=.65, heterogeneous, both",cross_product,1,10,0
1,4,"J=.65, heterogeneous, both",cross_product,2,3,0
1,4,"J=.65, heterogeneous, both",cross_product,2,4,0
1,4,"J=.65, heterogeneous, both",cross_product,2,5,0
1,4,"J=.65, heterogeneous, both",cross_product,2,6,0
1,4,"J=.65, heterogeneous, both",cross_product,2,7,0
1,4,"J=.65, heterogeneous, both",cross_product,2,8,0.000749176415875352
1,4,"J=.65, heterogeneous, both",cross_product,2,9,0.000288294865031014
1,4,"J=.65, heterogeneous, both",cross_product,2,10,0.000161335191482981
1,4,"J=.65, heterogeneous, both",cross_product,3,4,0
1,4,"J=.65, heterogeneous, both",cross_product,3,5,0
1,4,"J=.65, heterogeneous, both",cross_product,3,6,0
1,4,"J=.65, heterogeneous, both",cross_product,3,7,0
1,4,"J=.65, heterogeneous, both",cross_product,3,8,0
1,4,"J=.65, heterogeneous, both",cross_product,3,9,0.00163315865639391
1,4,"J=.65, heterogeneous, both",cross_product,3,10,0.000967715983596906
1,4,"J=.65, heterogeneous, both",cross_product,4,5,0
1,4,"J=.65, heterogeneous, both",cross_product,4,6,0
1,4,"J=.65, heterogeneous, both",cross_product,4,7,0
1,4,"J=.65, heterogeneous, both",cross_product,4,8,0
1,4,"J=.65, heterogeneous, both",cross_product,4,9,0
1,4,"J=.65, heterogeneous, both",cross_product,4,10,0.000811841393577484
1,4,"J=.65, heterogeneous, both",cross_product,5,6,0
1,4,"J=.65, heterogeneous, both",cross_product,5,7,0
1,4,"J=.65, heterogeneous, both",cross_product,5,8,0
1,4,"J=.65, heterogeneous, both",cross_product,5,9,0
1,4,"J=.65, heterogeneous, both",cross_product,5,10,0
1,4,"J=.65, heterogeneous, both",cross_product,6,7,0
1,4,"J=.65, heterogeneous, both",cross_product,6,8,0
1,4,"J=.65, heterogeneous, both",cross_product,6,9,0
1,4,"J=.65, heterogeneous, both",cross_product,6,10,0
1,4,"J=.65, heterogeneous, both",cross_product,7,8,0
1,4,"J=.65, heterogeneous, both",cross_product,7,9,0
1,4,"J=.65, heterogeneous, both",cross_product,7,10,0
1,4,"J=.65, heterogeneous, both",cross_product,8,9,0
1,4,"J=.65, heterogeneous, both",cross_product,8,10,0
1,4,"J=.65, heterogeneous, both",cross_product,9,10,0
2,4,"J=.65, heterogeneous, both",linear,1,0,0.873028017826556
2,4,"J=.65, heterogeneous, both",linear,2,0,0.631389176374763
2,4,"J=.65, heterogeneous, both",linear,3,0,0.573103609314128
2,4,"J=.65, heterogeneous, both",linear,4,0,0.562422849347552
2,4,"J=.65, heterogeneous, both",linear,5,0,0.531636830147304
2,4,"J=.65, heterogeneous, both",linear,6,0,0.537144161430548
2,4,"J=.65, heterogeneous, both",linear,7,0,0.533923282827058
2,4,"J=.65, heterogeneous, both",linear,8,0,0.535586089778031
2,4,"J=.65, heterogeneous, both",linear,9,0,0.527675050553
2,4,"J=.65, heterogeneous, both",linear,10,0,0.523936787144069
2,4,"J=.65, heterogeneous, both",linear,11,0,0.524361416343663
2,4,"J=.65, heterogeneous, both",linear,12,0,0.524156511270357
2,4,"J=.65, heterogeneous, both",linear,13,0,0.522886528608811
2,4,"J=.65, heterogeneous, both",linear,14,0,0.51679891940169
2,4,"J=.65, heterogeneous, both",linear,15,0,0.513071312513772
2,4,"J=.65, heterogeneous, both",linear,16,0,0.495675459824234
2,4,"J=.65, heterogeneous, both",linear,17,0,0.495101252192235
2,4,"J=.65, heterogeneous, both",linear,18,0,0.489392272514096
2,4,"J=.65, heterogeneous, both",linear,19,0,0.491969499335613
2,4,"J=.65, heterogeneous, both",linear,20,0,0.479067883502078
2,4,"J=.65, heterogeneous, both",quadratic,1,1,0
2,4,"J=.65, heterogeneous, both",quadratic,2,2,0
2,4,"J=.65, heterogeneous, both",quadratic,3,3,0
2,4,"J=.65, heterogeneous, both",quadratic,4,4,0
2,4,"J=.65, heterogeneous, both",quadratic,5,5,0
2,4,"J=.65, heterogeneous, both",quadratic,6,6,0
2,4,"J=.65, heterogeneous, both",quadratic,7,7,0
2,4,"J=.65, heterogeneous, both",quadratic,8,8,0
2,4,"J=.65, heterogeneous, both",quadratic,9,9,0
2,4,"J=.65, heterogeneous, both",quadratic,10,10,0
2,4,"J=.65, heterogeneous, both",cross_product,1,2,0
2,4,"J=.65, heterogeneous, both",cross_product,1,3,0
2,4,"J=.65, heterogeneous, both",cross_product,1,4,0
2,4,"J=.65, heterogeneous, both",cross_product,1,5,0
2,4,"J=.65, heterogeneous, both",cross_product,1,6,0
2,4,"J=.65, heterogeneous, both",cross_product,1,7,0
2,4,"J=.65, heterogeneous, both",cross_product,1,8,0
2,4,"J=.65, heterogeneous, both",cross_product,1,9,0
2,4,"J=.65, heterogeneous, both",cross_product,1,10,0
2,4,"J=.65, heterogeneous, both",cross_product,2,3,0
2,4,"J=.65, heterogeneous, both",cross_product,2,4,0
2,4,"J=.65, heterogeneous, both",cross_product,2,5,0
2,4,"J=.65, heterogeneous, both",cross_product,2,6,0
2,4,"J=.65, heterogeneous, both",cross_product,2,7,0
2,4,"J=.65, heterogeneous, both",cross_product,2,8,0
2,4,"J=.65, heterogeneous, both",cross_product,2,9,0
2,4,"J=.65, heterogeneous, both",cross_product,2,10,0
2,4,"J=.65, heterogeneous, both",cross_product,3,4,0
2,4,"J=.65, heterogeneous, both",cross_product,3,5,0
2,4,"J=.65, heterogeneous, both",cross_product,3,6,0
2,4,"J=.65, heterogeneous, both",cross_product,3,7,0
2,4,"J=.65, heterogeneous, both",cross_product,3,8,0
2,4,"J=.65, heterogeneous, both",cross_product,3,9,0.000682000314288778
2,4,"J=.65, heterogeneous, both",cross_product,3,10,0
2,4,"J=.65, heterogeneous, both",cross_product,4,5,0
2,4,"J=.65, heterogeneous, both",cross_product,4,6,0
2,4,"J=.65, heterogeneous, both",cross_product,4,7,0
2,4,"J=.65, heterogeneous, both",cross_product,4,8,0
2,4,"J=.65, heterogeneous, both",cross_product,4,9,0
2,4,"J=.65, heterogeneous, both",cross_product,4,10,0.000202169771414518
2,4,"J=.65, heterogeneous, both",cross_product,5,6,0
2,4,"J=.65, heterogeneous, both",cross_product,5,7,0
2,4,"J=.65, heterogeneous, both",cross_product,5,8,0
2,4,"J=.65, heterogeneous, both",cross_product,5,9,0
2,4,"J=.65, heterogeneous, both",cross_product,5,10,0
2,4,"J=.65, heterogeneous, both",cross_product,6,7,0
2,4,"J=.65, heterogeneous, both",cross_product,6,8,0
2,4,"J=.65, heterogeneous, both",cross_product,6,9,0
2,4,"J=.65, heterogeneous, both",cross_product,6,10,0
2,4,"J=.65, heterogeneous, both",cross_product,7,8,0
2,4,"J=.65, heterogeneous, both",cross_product,7,9,0
2,4,"J=.65, heterogeneous, both",cross_product,7,10,0
2,4,"J=.65, heterogeneous, both",cross_product,8,9,0
2,4,"J=.65, heterogeneous, both",cross_product,8,10,0
2,4,"J=.65, heterogeneous, both",cross_product,9,10,0
3,4,"J=.65, heterogeneous, both",linear,1,0,0.789938834521338
3,4,"J=.65, heterogeneous, both",linear,2,0,0.600345396321287
3,4,"J=.65, heterogeneous, both",linear,3,0,0.580492543026299
3,4,"J=.65, heterogeneous, both",linear,4,0,0.56141188385342
3,4,"J=.65, heterogeneous, both",linear,5,0,0.551636515172005
3,4,"J=.65, heterogeneous, both",linear,6,0,0.55074041189407
3,4,"J=.65, heterogeneous, both",linear,7,0,0.546151652922288
3,4,"J=.65, heterogeneous, both",linear,8,0,0.540935508948966
3,4,"J=.65, heterogeneous, both",linear,9,0,0.536358914338433
3,4,"J=.65, heterogeneous, both",linear,10,0,0.523242937698447
3,4,"J=.65, heterogeneous, both",linear,11,0,0.521886297267394
3,4,"J=.65, heterogeneous, both",linear,12,0,0.503814502445441
3,4,"J=.65, heterogeneous, both",linear,13,0,0.503528475939139
3,4,"J=.65, heterogeneous, both",linear,14,0,0.492579632052407
3,4,"J=.65, heterogeneous, both",linear,15,0,0.484558022823184
3,4,"J=.65, heterogeneous, both",linear,16,0,0.476748393886572
3,4,"J=.65, heterogeneous, both",linear,17,0,0.472390601626898
3,4,"J=.65, heterogeneous, both",linear,18,0,0.470975682734527
3,4,"J=.65, heterogeneous, both",linear,19,0,0.458899556292575
3,4,"J=.65, heterogeneous, both",linear,20,0,0.460449409052176
3,4,"J=.65, heterogeneous, both",quadratic,1,1,0.00545140820633416
3,4,"J=.65, heterogeneous, both",quadratic,2,2,0.0061954570786853
3,4,"J=.65, heterogeneous, both",quadratic,3,3,0.00657113735513404
3,4,"J=.65, heterogeneous, both",quadratic,4,4,0.00560069568142085
3,4,"J=.65, heterogeneous, both",quadratic,5,5,0.002819419787775
3,4,"J=.65, heterogeneous, both",quadratic,6,6,0.000741945550691847
3,4,"J=.65, heterogeneous, both",quadratic,7,7,0.000383787658864265
3,4,"J=.65, heterogeneous, both",quadratic,8,8,7.51241020839899e-05
3,4,"J=.65, heterogeneous, both",quadratic,9,9,9.34134881017679e-05
3,4,"J=.65, heterogeneous, both",quadratic,10,10,0.000389243953922258
3,4,"J=.65, heterogeneous, both",cross_product,1,2,0.00741665647096845
3,4,"J=.65, heterogeneous, both",cross_product,1,3,0.00895743707050045
3,4,"J=.65, heterogeneous, both",cross_product,1,4,0
3,4,"J=.65, heterogeneous, both",cross_product,1,5,0.00432875210121786
3,4,"J=.65, heterogeneous, both",cross_product,1,6,0.00138050302617332
3,4,"J=.65, heterogeneous, both",cross_product,1,7,0
3,4,"J=.65, heterogeneous, both",cross_product,1,8,0
3,4,"J=.65, heterogeneous, both",cross_product,1,9,0
3,4,"J=.65, heterogeneous, both",cross_product,1,10,0
3,4,"J=.65, heterogeneous, both",cross_product,2,3,0.00992594434026761
3,4,"J=.65, heterogeneous, both",cross_product,2,4,0.0119623955011641
3,4,"J=.65, heterogeneous, both",cross_product,2,5,0.000501986690996437
3,4,"J=.65, heterogeneous, both",cross_product,2,6,0.00421462713829557
3,4,"J=.65, heterogeneous, both",cross_product,2,7,0.00165592951877702
3,4,"J=.65, heterogeneous, both",cross_product,2,8,0
3,4,"J=.65, heterogeneous, both",cross_product,2,9,0
3,4,"J=.65, heterogeneous, both",cross_product,2,10,0
3,4,"J=.65, heterogeneous, both",cross_product,3,4,0.0115915700480098
3,4,"J=.65, heterogeneous, both",cross_product,3,5,0.0123113745867426
3,4,"J=.65, heterogeneous, both",cross_product,3,6,2.49260787004157e-05
3,4,"J=.65, heterogeneous, both",cross_product,3,7,0.00499531973771983
3,4,"J=.65, heterogeneous, both",cross_product,3,8,0.0018075644125406
3,4,"J=.65, heterogeneous, both",cross_product,3,9,0
3,4,"J=.65, heterogeneous, both",cross_product,3,10,0
3,4,"J=.65, heterogeneous, both",cross_product,4,5,0.0124268847786669
3,4,"J=.65, heterogeneous, both",cross_product,4,6,0.0120735282843928
3,4,"J=.65, heterogeneous, both",cross_product,4,7,0.00132926304821634
3,4,"J=.65, heterogeneous, both",cross_product,4,8,0.00434926644676048
3,4,"J=.65, heterogeneous, both",cross_product,4,9,0.00148734080075941
3,4,"J=.65, heterogeneous, both",cross_product,4,10,0
3,4,"J=.65, heterogeneous, both",cross_product,5,6,0.0125772070070599
3,4,"J=.65, heterogeneous, both",cross_product,5,7,0.00734771147922619
3,4,"J=.65, heterogeneous, both",cross_product,5,8,0
3,4,"J=.65, heterogeneous, both",cross_product,5,9,0.00459134692557583
3,4,"J=.65, heterogeneous, both",cross_product,5,10,0.00254404682132681
3,4,"J=.65, heterogeneous, both",cross_product,6,7,0.0109972669442774
3,4,"J=.65, heterogeneous, both",cross_product,6,8,0.00322085247517778
3,4,"J=.65, heterogeneous, both",cross_product,6,9,0
3,4,"J=.65, heterogeneous, both",cross_product,6,10,0.00434374444511798
3,4,"J=.65, heterogeneous, both",cross_product,7,8,0.00856535951713266
3,4,"J=.65, heterogeneous, both",cross_product,7,9,0.00471404385463281
3,4,"J=.65, heterogeneous, both",cross_product,7,10,0.000162406410083027
3,4,"J=.65, heterogeneous, both",cross_product,8,9,0.00606158200478379
3,4,"J=.65, heterogeneous, both",cross_product,8,10,0.00410258340623337
3,4,"J=.65, heterogeneous, both",cross_product,9,10,0.00517948068583041
4,4,"J=.65, heterogeneous, both",linear,1,0,0.740929795214387
4,4,"J=.65, heterogeneous, both",linear,2,0,0.582537697450896
4,4,"J=.65, heterogeneous, both",linear,3,0,0.584925687122192
4,4,"J=.65, heterogeneous, both",linear,4,0,0.55198911016743
4,4,"J=.65, heterogeneous, both",linear,5,0,0.552184325016951
4,4,"J=.65, heterogeneous, both",linear,6,0,0.549372033319922
4,4,"J=.65, heterogeneous, both",linear,7,0,0.548230453577258
4,4,"J=.65, heterogeneous, both",linear,8,0,0.546281961383692
4,4,"J=.65, heterogeneous, both",linear,9,0,0.543047318152173
4,4,"J=.65, heterogeneous, both",linear,10,0,0.539600966224796
4,4,"J=.65, heterogeneous, both",linear,11,0,0.536560834515724
4,4,"J=.65, heterogeneous, both",linear,12,0,0.534828221974206
4,4,"J=.65, heterogeneous, both",linear,13,0,0.530182691132765
4,4,"J=.65, heterogeneous, both",linear,14,0,0.523913516059997
4,4,"J=.65, heterogeneous, both",linear,15,0,0.510457387285873
4,4,"J=.65, heterogeneous, both",linear,16,0,0.492916182385494
4,4,"J=.65, heterogeneous, both",linear,17,0,0.489003202952205
4,4,"J=.65, heterogeneous, both",linear,18,0,0.471319977319919
4,4,"J=.65, heterogeneous, both",linear,19,0,0.473167971807776
4,4,"J=.65, heterogeneous, both",linear,20,0,0.448508395083672
4,4,"J=.65, heterogeneous, both",quadratic,1,1,0
4,4,"J=.65, heterogeneous, both",quadratic,2,2,0
4,4,"J=.65, heterogeneous, both",quadratic,3,3,0.00107007565058792
4,4,"J=.65, heterogeneous, both",quadratic,4,4,0.00190247708102342
4,4,"J=.65, heterogeneous, both",quadratic,5,5,0.00130998287904605
4,4,"J=.65, heterogeneous, both",quadratic,6,6,0.00142122381097887
4,4,"J=.65, heterogeneous, both",quadratic,7,7,0.00233658738002707
4,4,"J=.65, heterogeneous, both",quadratic,8,8,0.000735487895265341
4,4,"J=.65, heterogeneous, both",quadratic,9,9,0.000744980847534271
4,4,"J=.65, heterogeneous, both",quadratic,10,10,0.000891227405783845
4,4,"J=.65, heterogeneous, both",cross_product,1,2,0
4,4,"J=.65, heterogeneous, both",cross_product,1,3,0.000272436719286784
4,4,"J=.65, heterogeneous, both",cross_product,1,4,0.0060215697484014
4,4,"J=.65, heterogeneous, both",cross_product,1,5,0.000343712743887337
4,4,"J=.65, heterogeneous, both",cross_product,1,6,0.00405507324438514
4,4,"J=.65, heterogeneous, both",cross_product,1,7,0.000921638353566512
4,4,"J=.65, heterogeneous, both",cross_product,1,8,0
4,4,"J=.65, heterogeneous, both",cross_product,1,9,0.00224548036766148
4,4,"J=.65, heterogeneous, both",cross_product,1,10,0
4,4,"J=.65, heterogeneous, both",cross_product,2,3,8.23544148865762e-05
4,4,"J=.65, heterogeneous, both",cross_product,2,4,0.00128644552637225
4,4,"J=.65, heterogeneous, both",cross_product,2,5,0.00769341885943886
4,4,"J=.65, heterogeneous, both",cross_product,2,6,0.00118744045679919
4,4,"J=.65, heterogeneous, both",cross_product,2,7,0.00375729867149444
4,4,"J=.65, heterogeneous, both",cross_product,2,8,0
4,4,"J=.65, heterogeneous, both",cross_product,2,9,0
4,4,"J=.65, heterogeneous, both",cross_product,2,10,0.00221862249097737
4,4,"J=.65, heterogeneous, both",cross_product,3,4,0.00116297694287582
4,4,"J=.65, heterogeneous, both",cross_product,3,5,0.00119841129056952
4,4,"J=.65, heterogeneous, both",cross_product,3,6,0.00836568378248892
4,4,"J=.65, heterogeneous, both",cross_product,3,7,0.00173242050520694
4,4,"J=.65, heterogeneous, both",cross_product,3,8,0.00386699000080759
4,4,"J=.65, heterogeneous, both",cross_product,3,9,0
4,4,"J=.65, heterogeneous, both",cross_product,3,10,0
4,4,"J=.65, heterogeneous, both",cross_product,4,5,0.00107352222965107
4,4,"J=.65, heterogeneous, both",cross_product,4,6,0.000947692586728222
4,4,"J=.65, heterogeneous, both",cross_product,4,7,0.00801504712598833
4,4,"J=.65, heterogeneous, both",cross_product,4,8,0.00156967546940845
4,4,"J=.65, heterogeneous, both",cross_product,4,9,0.00328257466258974
4,4,"J=.65, heterogeneous, both",cross_product,4,10,0
4,4,"J=.65, heterogeneous, both",cross_product,5,6,0.000141849291665497
4,4,"J=.65, heterogeneous, both",cross_product,5,7,0.00074649900975754
4,4,"J=.65, heterogeneous, both",cross_product,5,8,0.00608100382999122
4,4,"J=.65, heterogeneous, both",cross_product,5,9,0.00114507774508477
4,4,"J=.65, heterogeneous, both",cross_product,5,10,0.00339831641783483
4,4,"J=.65, heterogeneous, both",cross_product,6,7,0.000100602706747943
4,4,"J=.65, heterogeneous, both",cross_product,6,8,0.000310632021212065
4,4,"J=.65, heterogeneous, both",cross_product,6,9,0.00494198930890521
4,4,"J=.65, heterogeneous, both",cross_product,6,10,0.00140040676048192
4,4,"J=.65, heterogeneous, both",cross_product,7,8,0
4,4,"J=.65, heterogeneous, both",cross_product,7,9,0
4,4,"J=.65, heterogeneous, both",cross_product,7,10,0.00427314339387774
4,4,"J=.65, heterogeneous, both",cross_product,8,9,5.85315597823044e-06
4,4,"J=.65, heterogeneous, both",cross_product,8,10,0
4,4,"J=.65, heterogeneous, both",cross_product,9,10,0.00139848967377143
5,4,"J=.65, heterogeneous, both",linear,1,0,0.865166188118818
5,4,"J=.65, heterogeneous, both",linear,2,0,0.646900834696787
5,4,"J=.65, heterogeneous, both",linear,3,0,0.580317322855427
5,4,"J=.65, heterogeneous, both",linear,4,0,0.581631416916657
5,4,"J=.65, heterogeneous, both",linear,5,0,0.569462809593838
5,4,"J=.65, heterogeneous, both",linear,6,0,0.566787934343331
5,4,"J=.65, heterogeneous, both",linear,7,0,0.565165416432912
5,4,"J=.65, heterogeneous, both",linear,8,0,0.551305976379894
5,4,"J=.65, heterogeneous, both",linear,9,0,0.553025278065776
5,4,"J=.65, heterogeneous, both",linear,10,0,0.529231203199678
5,4,"J=.65, heterogeneous, both",linear,11,0,0.529243358273336
5,4,"J=.65, heterogeneous, both",linear,12,0,0.517451109335736
5,4,"J=.65, heterogeneous, both",linear,13,0,0.518464621953711
5,4,"J=.65, heterogeneous, both",linear,14,0,0.507732117036663
5,4,"J=.65, heterogeneous, both",linear,15,0,0.510012015417969
5,4,"J=.65, heterogeneous, both",linear,16,0,0.475595520614746
5,4,"J=.65, heterogeneous, both",linear,17,0,0.4791868193654
5,4,"J=.65, heterogeneous, both",linear,18,0,0.459426596100037
5,4,"J=.65, heterogeneous, both",linear,19,0,0.45451973625411
5,4,"J=.65, heterogeneous, both",linear,20,0,0.45137892163829
5,4,"J=.65, heterogeneous, both",quadratic,1,1,0.0018136716218361
5,4,"J=.65, heterogeneous, both",quadratic,2,2,0.00299417297562565
5,4,"J=.65, heterogeneous, both",quadratic,3,3,0.0035831231820429
5,4,"J=.65, heterogeneous, both",quadratic,4,4,0.00311407860677171
5,4,"J=.65, heterogeneous, both",quadratic,5,5,0.00311177124588036
5,4,"J=.65, heterogeneous, both",quadratic,6,6,0.00130806180658405
5,4,"J=.65, heterogeneous, both",quadratic,7,7,0.00114236720593863
5,4,"J=.65, heterogeneous, both",quadratic,8,8,0
5,4,"J=.65, heterogeneous, both",quadratic,9,9,0
5,4,"J=.65, heterogeneous, both",quadratic,10,10,0
5,4,"J=.65, heterogeneous, both",cross_product,1,2,0.011171672880222
5,4,"J=.65, heterogeneous, both",cross_product,1,3,0
5,4,"J=.65, heterogeneous, both",cross_product,1,4,0.00190955609230425
5,4,"J=.65, heterogeneous, both",cross_product,1,5,0.00544539693545198
5,4,"J=.65, heterogeneous, both",cross_product,1,6,0
5,4,"J=.65, heterogeneous, both",cross_product,1,7,0.00104074059495307
5,4,"J=.65, heterogeneous, both",cross_product,1,8,0.00292983884483733
5,4,"J=.65, heterogeneous, both",cross_product,1,9,0
5,4,"J=.65, heterogeneous, both",cross_product,1,10,0.00175246722769595
5,4,"J=.65, heterogeneous, both",cross_product,2,3,0.00500816852678898
5,4,"J=.65, heterogeneous, both",cross_product,2,4,0.00344967022993459
5,4,"J=.65, heterogeneous, both",cross_product,2,5,0.00232891976913696
5,4,"J=.65, heterogeneous, both",cross_product,2,6,0.0037604216775069
5,4,"J=.65, heterogeneous, both",cross_product,2,7,0
5,4,"J=.65, heterogeneous, both",cross_product,2,8,0.0022382416725043
5,4,"J=.65, heterogeneous, both",cross_product,2,9,0.00484584032900204
5,4,"J=.65, heterogeneous, both",cross_product,2,10,0.00107981983663963
5,4,"J=.65, heterogeneous, both",cross_product,3,4,0.00561078931041903
5,4,"J=.65, heterogeneous, both",cross_product,3,5,0.0034859492645718
5,4,"J=.65, heterogeneous, both",cross_product,3,6,0.00940492531810089
5,4,"J=.65, heterogeneous, both",cross_product,3,7,0.0109998759340707
5,4,"J=.65, heterogeneous, both",cross_product,3,8,0
5,4,"J=.65, heterogeneous, both",cross_product,3,9,0
5,4,"J=.65, heterogeneous, both",cross_product,3,10,0.00407107477421031
5,4,"J=.65, heterogeneous, both",cross_product,4,5,0.020620745096002
5,4,"J=.65, heterogeneous, both",cross_product,4,6,0.00278821438731991
5,4,"J=.65, heterogeneous, both",cross_product,4,7,0.0103458761988999
5,4,"J=.65, heterogeneous, both",cross_product,4,8,0.0161172225856173
5,4,"J=.65, heterogeneous, both",cross_product,4,9,0.000977515010643693
5,4,"J=.65, heterogeneous, both",cross_product,4,10,0
5,4,"J=.65, heterogeneous, both",cross_product,5,6,0.0248129977021992
5,4,"J=.65, heterogeneous, both",cross_product,5,7,0.00385663793469448
5,4,"J=.65, heterogeneous, both",cross_product,5,8,0.00400669265183917
5,4,"J=.65, heterogeneous, both",cross_product,5,9,0.00756482177855344
5,4,"J=.65, heterogeneous, both",cross_product,5,10,0
5,4,"J=.65, heterogeneous, both",cross_product,6,7,0.00903486023019662
5,4,"J=.65, heterogeneous, both",cross_product,6,8,0.00331839558025426
5,4,"J=.65, heterogeneous, both",cross_product,6,9,0.00222053744779083
5,4,"J=.65, heterogeneous, both",cross_product,6,10,0
5,4,"J=.65, heterogeneous, both",cross_product,7,8,9.54931396024428e-06
5,4,"J=.65, heterogeneous, both",cross_product,7,9,0
5,4,"J=.65, heterogeneous, both",cross_product,7,10,0.00424107136351093
5,4,"J=.65, heterogeneous, both",cross_product,8,9,0.00552070608616084
5,4,"J=.65, heterogeneous, both",cross_product,8,10,0
5,4,"J=.65, heterogeneous, both",cross_product,9,10,0.0105577134254948
6,4,"J=.65, heterogeneous, both",linear,1,0,0.762835053066516
6,4,"J=.65, heterogeneous, both",linear,2,0,0.605037518362493
6,4,"J=.65, heterogeneous, both",linear,3,0,0.578852036342164
6,4,"J=.65, heterogeneous, both",linear,4,0,0.573694892537251
6,4,"J=.65, heterogeneous, both",linear,5,0,0.567003779447162
6,4,"J=.65, heterogeneous, both",linear,6,0,0.564140839180127
6,4,"J=.65, heterogeneous, both",linear,7,0,0.559847858039485
6,4,"J=.65, heterogeneous, both",linear,8,0,0.547253766196854
6,4,"J=.65, heterogeneous, both",linear,9,0,0.541443355941238
6,4,"J=.65, heterogeneous, both",linear,10,0,0.528482847096412
6,4,"J=.65, heterogeneous, both",linear,11,0,0.52223743303006
6,4,"J=.65, heterogeneous, both",linear,12,0,0.5101687509633
6,4,"J=.65, heterogeneous, both",linear,13,0,0.501809454060958
6,4,"J=.65, heterogeneous, both",linear,14,0,0.483596184359437
6,4,"J=.65, heterogeneous, both",linear,15,0,0.461666292117385
6,4,"J=.65, heterogeneous, both",linear,16,0,0.458228283425412
6,4,"J=.65, heterogeneous, both",linear,17,0,0.45165682847716
6,4,"J=.65, heterogeneous, both",linear,18,0,0.448226662925949
6,4,"J=.65, heterogeneous, both",linear,19,0,0.435072844234081
6,4,"J=.65, heterogeneous, both",linear,20,0,0.432862782885551
6,4,"J=.65, heterogeneous, both",quadratic,1,1,0
6,4,"J=.65, heterogeneous, both",quadratic,2,2,0
6,4,"J=.65, heterogeneous, both",quadratic,3,3,0
6,4,"J=.65, heterogeneous, both",quadratic,4,4,0
6,4,"J=.65, heterogeneous, both",quadratic,5,5,0
6,4,"J=.65, heterogeneous, both",quadratic,6,6,0
6,4,"J=.65, heterogeneous, both",quadratic,7,7,0
6,4,"J=.65, heterogeneous, both",quadratic,8,8,0
6,4,"J=.65, heterogeneous, both",quadratic,9,9,0
6,4,"J=.65, heterogeneous, both",quadratic,10,10,0
6,4,"J=.65, heterogeneous, both",cross_product,1,2,0
6,4,"J=.65, heterogeneous, both",cross_product,1,3,0
6,4,"J=.65, heterogeneous, both",cross_product,1,4,0.000496283869815151
6,4,"J=.65, heterogeneous, both",cross_product,1,5,0.00176460630642661
6,4,"J=.65, heterogeneous, both",cross_product,1,6,0
6,4,"J=.65, heterogeneous, both",cross_product,1,7,0
6,4,"J=.65, heterogeneous, both",cross_product,1,8,0
6,4,"J=.65, heterogeneous, both",cross_product,1,9,0
6,4,"J=.65, heterogeneous, both",cross_product,1,10,0
6,4,"J=.65, heterogeneous, both",cross_product,2,3,0
6,4,"J=.65, heterogeneous, both",cross_product,2,4,0
6,4,"J=.65, heterogeneous, both",cross_product,2,5,0.00118355021284466
6,4,"J=.65, heterogeneous, both",cross_product,2,6,0.00186607231854596
6,4,"J=.65, heterogeneous, both",cross_product,2,7,0
6,4,"J=.65, heterogeneous, both",cross_product,2,8,0
6,4,"J=.65, heterogeneous, both",cross_product,2,9,0
6,4,"J=.65, heterogeneous, both",cross_product,2,10,0
6,4,"J=.65, heterogeneous, both",cross_product,3,4,0
6,4,"J=.65, heterogeneous, both",cross_product,3,5,0
6,4,"J=.65, heterogeneous, both",cross_product,3,6,0.00141402449685424
6,4,"J=.65, heterogeneous, both",cross_product,3,7,0.00217772240797254
6,4,"J=.65, heterogeneous, both",cross_product,3,8,0
6,4,"J=.65, heterogeneous, both",cross_product,3,9,0
6,4,"J=.65, heterogeneous, both",cross_product,3,10,0
6,4,"J=.65, heterogeneous, both",cross_product,4,5,0
6,4,"J=.65, heterogeneous, both",cross_product,4,6,0
6,4,"J=.65, heterogeneous, both",cross_product,4,7,0.00124575970405771
6,4,"J=.65, heterogeneous, both",cross_product,4,8,0.00220929850744189
6,4,"J=.65, heterogeneous, both",cross_product,4,9,0
6,4,"J=.65, heterogeneous, both",cross_product,4,10,0
6,4,"J=.65, heterogeneous, both",cross_product,5,6,0
6,4,"J=.65, heterogeneous, both",cross_product,5,7,0
6,4,"J=.65, heterogeneous, both",cross_product,5,8,0.00139693072539371
6,4,"J=.65, heterogeneous, both",cross_product,5,9,0.00175046124235601
6,4,"J=.65, heterogeneous, both",cross_product,5,10,0.00032349290881506
6,4,"J=.65, heterogeneous, both",cross_product,6,7,0
6,4,"J=.65, heterogeneous, both",cross_product,6,8,0
6,4,"J=.65, heterogeneous, both",cross_product,6,9,0.00179890640750202
6,4,"J=.65, heterogeneous, both",cross_product,6,10,0.00143716171124164
6,4,"J=.65, heterogeneous, both",cross_product,7,8,0
6,4,"J=.65, heterogeneous, both",cross_product,7,9,0
6,4,"J=.65, heterogeneous, both",cross_product,7,10,0.000827364950327092
6,4,"J=.65, heterogeneous, both",cross_product,8,9,0
6,4,"J=.65, heterogeneous, both",cross_product,8,10,0
6,4,"J=.65, heterogeneous, both",cross_product,9,10,0
7,4,"J=.65, heterogeneous, both",linear,1,0,0.87176971900385
7,4,"J=.65, heterogeneous, both",linear,2,0,0.624552791628121
7,4,"J=.65, heterogeneous, both",linear,3,0,0.55607445994283
7,4,"J=.65, heterogeneous, both",linear,4,0,0.554298833754425
7,4,"J=.65, heterogeneous, both",linear,5,0,0.530851262176059
7,4,"J=.65, heterogeneous, both",linear,6,0,0.53141471390056
7,4,"J=.65, heterogeneous, both",linear,7,0,0.529024402510176
7,4,"J=.65, heterogeneous, both",linear,8,0,0.52788451199898
7,4,"J=.65, heterogeneous, both",linear,9,0,0.521089359345195
7,4,"J=.65, heterogeneous, both",linear,10,0,0.519253916958589
7,4,"J=.65, heterogeneous, both",linear,11,0,0.51846345926031
7,4,"J=.65, heterogeneous, both",linear,12,0,0.515289558809891
7,4,"J=.65, heterogeneous, both",linear,13,0,0.513428596315236
7,4,"J=.65, heterogeneous, both",linear,14,0,0.498318516087952
7,4,"J=.65, heterogeneous, both",linear,15,0,0.498930686015839
7,4,"J=.65, heterogeneous, both",linear,16,0,0.49079004459081
7,4,"J=.65, heterogeneous, both",linear,17,0,0.491566891892768
7,4,"J=.65, heterogeneous, both",linear,18,0,0.479676164558437
7,4,"J=.65, heterogeneous, both",linear,19,0,0.480679898427234
7,4,"J=.65, heterogeneous, both",linear,20,0,0.468801672628632
7,4,"J=.65, heterogeneous, both",quadratic,1,1,0
7,4,"J=.65, heterogeneous, both",quadratic,2,2,0
7,4,"J=.65, heterogeneous, both",quadratic,3,3,0
7,4,"J=.65, heterogeneous, both",quadratic,4,4,0
7,4,"J=.65, heterogeneous, both",quadratic,5,5,0
7,4,"J=.65, heterogeneous, both",quadratic,6,6,0
7,4,"J=.65, heterogeneous, both",quadratic,7,7,0
7,4,"J=.65, heterogeneous, both",quadratic,8,8,0
7,4,"J=.65, heterogeneous, both",quadratic,9,9,0
7,4,"J=.65, heterogeneous, both",quadratic,10,10,0
7,4,"J=.65, heterogeneous, both",cross_product,1,2,0.00326884445960651
7,4,"J=.65, heterogeneous, both",cross_product,1,3,0.0040091648632119
7,4,"J=.65, heterogeneous, both",cross_product,1,4,0.0107474203783312
7,4,"J=.65, heterogeneous, both",cross_product,1,5,0.00505385296495076
7,4,"J=.65, heterogeneous, both",cross_product,1,6,0.00618561191918299
7,4,"J=.65, heterogeneous, both",cross_product,1,7,0.00263676426634907
7,4,"J=.65, heterogeneous, both",cross_product,1,8,0.00800910599179006
7,4,"J=.65, heterogeneous, both",cross_product,1,9,0.00895973361138858
7,4,"J=.65, heterogeneous, both",cross_product,1,10,0.00170369957460947
7,4,"J=.65, heterogeneous, both",cross_product,2,3,0.0083406338269878
7,4,"J=.65, heterogeneous, both",cross_product,2,4,0.0102853192364607
7,4,"J=.65, heterogeneous, both",cross_product,2,5,0.0105839374659454
7,4,"J=.65, heterogeneous, both",cross_product,2,6,0.00671623520612119
7,4,"J=.65, heterogeneous, both",cross_product,2,7,0.00474000081826831
7,4,"J=.65, heterogeneous, both",cross_product,2,8,0.00191816645805853
7,4,"J=.65, heterogeneous, both",cross_product,2,9,0.00823788276123805
7,4,"J=.65, heterogeneous, both",cross_product,2,10,0.00626410668564403
7,4,"J=.65, heterogeneous, both",cross_product,3,4,0.0130366768049031
7,4,"J=.65, heterogeneous, both",cross_product,3,5,0.0147163420579013
7,4,"J=.65, heterogeneous, both",cross_product,3,6,0.0123410605607062
7,4,"J=.65, heterogeneous, both",cross_product,3,7,0.00796960856628082
7,4,"J=.65, heterogeneous, both",cross_product,3,8,0.00503407851614357
7,4,"J=.65, heterogeneous, both",cross_product,3,9,0.00282971432218504
7,4,"J=.65, heterogeneous, both",cross_product,3,10,0.00652856423716597
7,4,"J=.65, heterogeneous, both",cross_product,4,5,0.0153123867435814
7,4,"J=.65, heterogeneous, both",cross_product,4,6,0.0172030005403376
7,4,"J=.65, heterogeneous, both",cross_product,4,7,0.0148508088752868
7,4,"J=.65, heterogeneous, both",cross_product,4,8,0.00727263687709434
7,4,"J=.65, heterogeneous, both",cross_product,4,9,0.00130775477720757
7,4,"J=.65, heterogeneous, both",cross_product,4,10,0.00240353230184187
7,4,"J=.65, heterogeneous, both",cross_product,5,6,0.0120096226631432
7,4,"J=.65, heterogeneous, both",cross_product,5,7,0.0162258616262213
7,4,"J=.65, heterogeneous, both",cross_product,5,8,0.0140111677224033
7,4,"J=.65, heterogeneous, both",cross_product,5,9,0.00423645251347382
7,4,"J=.65, heterogeneous, both",cross_product,5,10,0
7,4,"J=.65, heterogeneous, both",cross_product,6,7,0.00847789247516417
7,4,"J=.65, heterogeneous, both",cross_product,6,8,0.0133985380589869
7,4,"J=.65, heterogeneous, both",cross_product,6,9,0.0133458159840668
7,4,"J=.65, heterogeneous, both",cross_product,6,10,0.00298829394596911
7,4,"J=.65, heterogeneous, both",cross_product,7,8,0.00809418743534529
7,4,"J=.65, heterogeneous, both",cross_product,7,9,0.00874706550339832
7,4,"J=.65, heterogeneous, both",cross_product,7,10,0.0119055274462052
7,4,"J=.65, heterogeneous, both",cross_product,8,9,0.0142442798231148
7,4,"J=.65, heterogeneous, both",cross_product,8,10,0.00736577555766216
7,4,"J=.65, heterogeneous, both",cross_product,9,10,0.0156761040396846
8,4,"J=.65, heterogeneous, both",linear,1,0,0.781521176348939
8,4,"J=.65, heterogeneous, both",linear,2,0,0.590829126386116
8,4,"J=.65, heterogeneous, both",linear,3,0,0.580487170007665
8,4,"J=.65, heterogeneous, both",linear,4,0,0.569906869069987
8,4,"J=.65, heterogeneous, both",linear,5,0,0.56115350390056
8,4,"J=.65, heterogeneous, both",linear,6,0,0.562426953120212
8,4,"J=.65, heterogeneous, both",linear,7,0,0.549288608134501
8,4,"J=.65, heterogeneous, both",linear,8,0,0.54445692803685
8,4,"J=.65, heterogeneous, both",linear,9,0,0.531846398419718
8,4,"J=.65, heterogeneous, both",linear,10,0,0.526767574716551
8,4,"J=.65, heterogeneous, both",linear,11,0,0.518102161279231
8,4,"J=.65, heterogeneous, both",linear,12,0,0.505327577021915
8,4,"J=.65, heterogeneous, both",linear,13,0,0.487634028493681
8,4,"J=.65, heterogeneous, both",linear,14,0,0.484040628040038
8,4,"J=.65, heterogeneous, both",linear,15,0,0.465596654613898
8,4,"J=.65, heterogeneous, both",linear,16,0,0.468128495385253
8,4,"J=.65, heterogeneous, both",linear,17,0,0.456437463016664
8,4,"J=.65, heterogeneous, both",linear,18,0,0.454678709151777
8,4,"J=.65, heterogeneous, both",linear,19,0,0.445441260183221
8,4,"J=.65, heterogeneous, both",linear,20,0,0.443202498335502
8,4,"J=.65, heterogeneous, both",quadratic,1,1,0
8,4,"J=.65, heterogeneous, both",quadratic,2,2,0
8,4,"J=.65, heterogeneous, both",quadratic,3,3,0
8,4,"J=.65, heterogeneous, both",quadratic,4,4,0
8,4,"J=.65, heterogeneous, both",quadratic,5,5,0.00221391638085511
8,4,"J=.65, heterogeneous, both",quadratic,6,6,0.00519230896888545
8,4,"J=.65, heterogeneous, both",quadratic,7,7,0.00476795233066518
8,4,"J=.65, heterogeneous, both",quadratic,8,8,0.00166778473618667
8,4,"J=.65, heterogeneous, both",quadratic,9,9,0.000130145995204001
8,4,"J=.65, heterogeneous, both",quadratic,10,10,0.000490876243854022
8,4,"J=.65, heterogeneous, both",cross_product,1,2,0.00172127662264399
8,4,"J=.65, heterogeneous, both",cross_product,1,3,0.00111952717910857
8,4,"J=.65, heterogeneous, both",cross_product,1,4,0.00816383986686642
8,4,"J=.65, heterogeneous, both",cross_product,1,5,0.000564998171849074
8,4,"J=.65, heterogeneous, both",cross_product,1,6,0
8,4,"J=.65, heterogeneous, both",cross_product,1,7,0.0076319265729109
8,4,"J=.65, heterogeneous, both",cross_product,1,8,0.00937286202202747
8,4,"J=.65, heterogeneous, both",cross_product,1,9,0.00136306684196474
8,4,"J=.65, heterogeneous, both",cross_product,1,10,0
8,4,"J=.65, heterogeneous, both",cross_product,2,3,0.00536533930519434
8,4,"J=.65, heterogeneous, both",cross_product,2,4,0.000766447813380755
8,4,"J=.65, heterogeneous, both",cross_product,2,5,0.0131118660998968
8,4,"J=.65, heterogeneous, both",cross_product,2,6,0.00393727175955438
8,4,"J=.65, heterogeneous, both",cross_product,2,7,0
8,4,"J=.65, heterogeneous, both",cross_product,2,8,0.00403176715813314
8,4,"J=.65, heterogeneous, both",cross_product,2,9,0.00725105108359381
8,4,"J=.65, heterogeneous, both",cross_product,2,10,0.000619650345834444
8,4,"J=.65, heterogeneous, both",cross_product,3,4,0.0135139795799235
8,4,"J=.65, heterogeneous, both",cross_product,3,5,0
8,4,"J=.65, heterogeneous, both",cross_product,3,6,0.0143222840375457
8,4,"J=.65, heterogeneous, both",cross_product,3,7,0.00921676089103907
8,4,"J=.65, heterogeneous, both",cross_product,3,8,0
8,4,"J=.65, heterogeneous, both",cross_product,3,9,0.0016177945375393
8,4,"J=.65, heterogeneous, both",cross_product,3,10,0.000192047127391959
8,4,"J=.65, heterogeneous, both",cross_product,4,5,0.0193538519865004
8,4,"J=.65, heterogeneous, both",cross_product,4,6,0.00118351188233734
8,4,"J=.65, heterogeneous, both",cross_product,4,7,0.00953314610040257
8,4,"J=.65, heterogeneous, both",cross_product,4,8,0.00989866566036368
8,4,"J=.65, heterogeneous, both",cross_product,4,9,0
8,4,"J=.65, heterogeneous, both",cross_product,4,10,0.000856434563786368
8,4,"J=.65, heterogeneous, both",cross_product,5,6,0.014738655252008
8,4,"J=.65, heterogeneous, both",cross_product,5,7,0.00404638436276361
8,4,"J=.65, heterogeneous, both",cross_product,5,8,0.00410165829605647
8,4,"J=.65, heterogeneous, both",cross_product,5,9,0.00506555442406709
8,4,"J=.65, heterogeneous, both",cross_product,5,10,0
8,4,"J=.65, heterogeneous, both",cross_product,6,7,0.00764023195783003
8,4,"J=.65, heterogeneous, both",cross_product,6,8,0.0042480594383344
8,4,"J=.65, heterogeneous, both",cross_product,6,9,0.00421485861265936
8,4,"J=.65, heterogeneous, both",cross_product,6,10,0.0013686470940959
8,4,"J=.65, heterogeneous, both",cross_product,7,8,0.00742479614072844
8,4,"J=.65, heterogeneous, both",cross_product,7,9,0.00118672760780214
8,4,"J=.65, heterogeneous, both",cross_product,7,10,0.00411042085562008
8,4,"J=.65, heterogeneous, both",cross_product,8,9,0.0107293728786964
8,4,"J=.65, heterogeneous, both",cross_product,8,10,0
8,4,"J=.65, heterogeneous, both",cross_product,9,10,0.00825368076495336
9,4,"J=.65, heterogeneous, both",linear,1,0,0.89127348901834
9,4,"J=.65, heterogeneous, both",linear,2,0,0.661585982466908
9,4,"J=.65, heterogeneous, both",linear,3,0,0.561391605694548
9,4,"J=.65, heterogeneous, both",linear,4,0,0.567497894323344
9,4,"J=.65, heterogeneous, both",linear,5,0,0.544646668387127
9,4,"J=.65, heterogeneous, both",linear,6,0,0.545472479091724
9,4,"J=.65, heterogeneous, both",linear,7,0,0.544308957961703
9,4,"J=.65, heterogeneous, both",linear,8,0,0.536432374572537
9,4,"J=.65, heterogeneous, both",linear,9,0,0.536186936452373
9,4,"J=.65, heterogeneous, both",linear,10,0,0.531412911504981
9,4,"J=.65, heterogeneous, both",linear,11,0,0.531818140907319
9,4,"J=.65, heterogeneous, both",linear,12,0,0.517201564081338
9,4,"J=.65, heterogeneous, both",linear,13,0,0.520790894154014
9,4,"J=.65, heterogeneous, both",linear,14,0,0.499137351351865
9,4,"J=.65, heterogeneous, both",linear,15,0,0.507403014014182
9,4,"J=.65, heterogeneous, both",linear,16,0,0.482596210787886
9,4,"J=.65, heterogeneous, both",linear,17,0,0.497635926988318
9,4,"J=.65, heterogeneous, both",linear,18,0,0.476489671089344
9,4,"J=.65, heterogeneous, both",linear,19,0,0.478127778682082
9,4,"J=.65, heterogeneous, both",linear,20,0,0.463493763597828
9,4,"J=.65, heterogeneous, both",quadratic,1,1,0
9,4,"J=.65, heterogeneous, both",quadratic,2,2,0
9,4,"J=.65, heterogeneous, both",quadratic,3,3,0
9,4,"J=.65, heterogeneous, both",quadratic,4,4,0
9,4,"J=.65, heterogeneous, both",quadratic,5,5,0
9,4,"J=.65, heterogeneous, both",quadratic,6,6,0
9,4,"J=.65, heterogeneous, both",quadratic,7,7,0
9,4,"J=.65, heterogeneous, both",quadratic,8,8,0
9,4,"J=.65, heterogeneous, both",quadratic,9,9,0
9,4,"J=.65, heterogeneous, both",quadratic,10,10,0
9,4,"J=.65, heterogeneous, both",cross_product,1,2,0
9,4,"J=.65, heterogeneous, both",cross_product,1,3,0
9,4,"J=.65, heterogeneous, both",cross_product,1,4,0
9,4,"J=.65, heterogeneous, both",cross_product,1,5,0
9,4,"J=.65, heterogeneous, both",cross_product,1,6,0
9,4,"J=.65, heterogeneous, both",cross_product,1,7,0
9,4,"J=.65, heterogeneous, both",cross_product,1,8,0
9,4,"J=.65, heterogeneous, both",cross_product,1,9,0
9,4,"J=.65, heterogeneous, both",cross_product,1,10,0
9,4,"J=.65, heterogeneous, both",cross_product,2,3,0
9,4,"J=.65, heterogeneous, both",cross_product,2,4,0
9,4,"J=.65, heterogeneous, both",cross_product,2,5,0
9,4,"J=.65, heterogeneous, both",cross_product,2,6,0
9,4,"J=.65, heterogeneous, both",cross_product,2,7,0
9,4,"J=.65, heterogeneous, both",cross_product,2,8,0
9,4,"J=.65, heterogeneous, both",cross_product,2,9,0
9,4,"J=.65, heterogeneous, both",cross_product,2,10,0
9,4,"J=.65, heterogeneous, both",cross_product,3,4,0
9,4,"J=.65, heterogeneous, both",cross_product,3,5,0
9,4,"J=.65, heterogeneous, both",cross_product,3,6,0
9,4,"J=.65, heterogeneous, both",cross_product,3,7,0
9,4,"J=.65, heterogeneous, both",cross_product,3,8,0
9,4,"J=.65, heterogeneous, both",cross_product,3,9,0
9,4,"J=.65, heterogeneous, both",cross_product,3,10,0
9,4,"J=.65, heterogeneous, both",cross_product,4,5,0
9,4,"J=.65, heterogeneous, both",cross_product,4,6,0
9,4,"J=.65, heterogeneous, both",cross_product,4,7,0
9,4,"J=.65, heterogeneous, both",cross_product,4,8,0
9,4,"J=.65, heterogeneous, both",cross_product,4,9,0
9,4,"J=.65, heterogeneous, both",cross_product,4,10,0
9,4,"J=.65, heterogeneous, both",cross_product,5,6,0
9,4,"J=.65, heterogeneous, both",cross_product,5,7,0
9,4,"J=.65, heterogeneous, both",cross_product,5,8,0
9,4,"J=.65, heterogeneous, both",cross_product,5,9,0
9,4,"J=.65, heterogeneous, both",cross_product,5,10,0
9,4,"J=.65, heterogeneous, both",cross_product,6,7,0
9,4,"J=.65, heterogeneous, both",cross_product,6,8,0
9,4,"J=.65, heterogeneous, both",cross_product,6,9,0
9,4,"J=.65, heterogeneous, both",cross_product,6,10,0
9,4,"J=.65, heterogeneous, both",cross_product,7,8,0
9,4,"J=.65, heterogeneous, both",cross_product,7,9,0
9,4,"J=.65, heterogeneous, both",cross_product,7,10,0
9,4,"J=.65, heterogeneous, both",cross_product,8,9,0
9,4,"J=.65, heterogeneous, both",cross_product,8,10,0
9,4,"J=.65, heterogeneous, both",cross_product,9,10,0
10,4,"J=.65, heterogeneous, both",linear,1,0,0.775287207762276
10,4,"J=.65, heterogeneous, both",linear,2,0,0.566377384980432
10,4,"J=.65, heterogeneous, both",linear,3,0,0.552178463636623
10,4,"J=.65, heterogeneous, both",linear,4,0,0.533452596809817
10,4,"J=.65, heterogeneous, both",linear,5,0,0.526518336348215
10,4,"J=.65, heterogeneous, both",linear,6,0,0.509751386031574
10,4,"J=.65, heterogeneous, both",linear,7,0,0.514155331162096
10,4,"J=.65, heterogeneous, both",linear,8,0,0.508218448539609
10,4,"J=.65, heterogeneous, both",linear,9,0,0.50104530169643
10,4,"J=.65, heterogeneous, both",linear,10,0,0.496993898544519
10,4,"J=.65, heterogeneous, both",linear,11,0,0.493877395880186
10,4,"J=.65, heterogeneous, both",linear,12,0,0.49010638716866
10,4,"J=.65, heterogeneous, both",linear,13,0,0.486540314915032
10,4,"J=.65, heterogeneous, both",linear,14,0,0.482949696743953
10,4,"J=.65, heterogeneous, both",linear,15,0,0.474154935690727
10,4,"J=.65, heterogeneous, both",linear,16,0,0.463174789037893
10,4,"J=.65, heterogeneous, both",linear,17,0,0.459464328241205
10,4,"J=.65, heterogeneous, both",linear,18,0,0.457439953230643
10,4,"J=.65, heterogeneous, both",linear,19,0,0.451902995914594
10,4,"J=.65, heterogeneous, both",linear,20,0,0.434243006404166
10,4,"J=.65, heterogeneous, both",quadratic,1,1,0.00619540727439116
10,4,"J=.65, heterogeneous, both",quadratic,2,2,0.00938509441026969
10,4,"J=.65, heterogeneous, both",quadratic,3,3,0.0120669015156603
10,4,"J=.65, heterogeneous, both",quadratic,4,4,0.0120884934907212
10,4,"J=.65, heterogeneous, both",quadratic,5,5,0.0102846103397488
10,4,"J=.65, heterogeneous, both",quadratic,6,6,0.00932262394094563
10,4,"J=.65, heterogeneous, both",quadratic,7,7,0.00400458329471265
10,4,"J=.65, heterogeneous, both",quadratic,8,8,0.00185296917316102
10,4,"J=.65, heterogeneous, both",quadratic,9,9,0.000494555133427999
10,4,"J=.65, heterogeneous, both",quadratic,10,10,0.00117992448891135
10,4,"J=.65, heterogeneous, both",cross_product,1,2,0.0113792479036562
10,4,"J=.65, heterogeneous, both",cross_product,1,3,0.0142114298650202
10,4,"J=.65, heterogeneous, both",cross_product,1,4,0.0144043169989208
10,4,"J=.65, heterogeneous, both",cross_product,1,5,0.0138725177886022
10,4,"J=.65, heterogeneous, both",cross_product,1,6,0.00266228775234156
10,4,"J=.65, heterogeneous, both",cross_product,1,7,0.00872861901028776
10,4,"J=.65, heterogeneous, both",cross_product,1,8,0.00747186688183743
10,4,"J=.65, heterogeneous, both",cross_product,1,9,0.00685837756309948
10,4,"J=.65, heterogeneous, both",cross_product,1,10,0.0120908516656915
10,4,"J=.65, heterogeneous, both",cross_product,2,3,0.0197975858931829
10,4,"J=.65, heterogeneous, both",cross_product,2,4,0.0213484964338412
10,4,"J=.65, heterogeneous, both",cross_product,2,5,0.0238329796482388
10,4,"J=.65, heterogeneous, both",cross_product,2,6,0.0189341614048065
10,4,"J=.65, heterogeneous, both",cross_product,2,7,0.00591102919239528
10,4,"J=.65, heterogeneous, both",cross_product,2,8,0.0140259888190193
10,4,"J=.65, heterogeneous, both",cross_product,2,9,0.00829568200204622
10,4,"J=.65, heterogeneous, both",cross_product,2,10,0.00148850392965094
10,4,"J=.65, heterogeneous, both",cross_product,3,4,0.0250751584465504
10,4,"J=.65, heterogeneous, both",cross_product,3,5,0.0270576950953899
10,4,"J=.65, heterogeneous, both",cross_product,3,6,0.0287635526631832
10,4,"J=.65, heterogeneous, both",cross_product,3,7,0.0247074735984824
10,4,"J=.65, heterogeneous, both",cross_product,3,8,0.00475770011073418
10,4,"J=.65, heterogeneous, both",cross_product,3,9,0.0150990561170068
10,4,"J=.65, heterogeneous, both",cross_product,3,10,0.0108933111889239
10,4,"J=.65, heterogeneous, both",cross_product,4,5,0.0237431239326127
10,4,"J=.65, heterogeneous, both",cross_product,4,6,0.0229109516319393
10,4,"J=.65, heterogeneous, both",cross_product,4,7,0.0287620098089698
10,4,"J=.65, heterogeneous, both",cross_product,4,8,0.0231854539617329
10,4,"J=.65, heterogeneous, both",cross_product,4,9,0.00341312320428877
10,4,"J=.65, heterogeneous, both",cross_product,4,10,0.0150761617612459
10,4,"J=.65, heterogeneous, both",cross_product,5,6,0.0182300376349247
10,4,"J=.65, heterogeneous, both",cross_product,5,7,0.0148514674237999
10,4,"J=.65, heterogeneous, both",cross_product,5,8,0.0262095436745353
10,4,"J=.65, heterogeneous, both",cross_product,5,9,0.0203874521994559
10,4,"J=.65, heterogeneous, both",cross_product,5,10,0.00234433614216745
10,4,"J=.65, heterogeneous, both",cross_product,6,7,0.0141520448912288
10,4,"J=.65, heterogeneous, both",cross_product,6,8,0.00903474790015824
10,4,"J=.65, heterogeneous, both",cross_product,6,9,0.0211668646560935
10,4,"J=.65, heterogeneous, both",cross_product,6,10,0.0171248768852086
10,4,"J=.65, heterogeneous, both",cross_product,7,8,0.0127785571536437
10,4,"J=.65, heterogeneous, both",cross_product,7,9,0.00467433844145582
10,4,"J=.65, heterogeneous, both",cross_product,7,10,0.0165285196134104
10,4,"J=.65, heterogeneous, both",cross_product,8,9,0.00918407721548054
10,4,"J=.65, heterogeneous, both",cross_product,8,10,0.00304858354417314
10,4,"J=.65, heterogeneous, both",cross_product,9,10,0.00726799122313537
