normalizedFrequency,narmaNormalizedPower,phaseNormalizedPower
0,0.6526774163322,0.608005269897584
0.000166666666666667,0.653150502246031,0.625840314066267
0.000333333333333333,0.747264118961011,0.600735821340981
0.0005,0.774444463081265,0.575486367647501
0.000666666666666667,0.752497213271099,0.577105598628191
0.000833333333333333,0.718514726809494,0.578469265966488
0.001,0.692577582618126,0.594744862178078
0.00116666666666667,0.677064589081041,0.601257611832748
0.00133333333333333,0.657086557251827,0.578156923893113
0.0015,0.644360308332036,0.557752893850679
0.00166666666666667,0.711640627323766,0.545260780491617
0.00183333333333333,0.754735226110075,0.530707679176177
0.002,0.736632062666076,0.524941943061907
0.00216666666666667,0.732796709499164,0.528812392067659
0.00233333333333333,0.803233905573642,0.51851733157789
0.0025,0.883087640203386,0.51219356433681
0.00266666666666667,0.880011233055191,0.527299039759389
0.00283333333333333,0.865879513370337,0.557434059414459
0.003,0.868346272397645,0.574664163873299
0.00316666666666667,0.887746350574002,0.581759124901505
0.00333333333333333,0.938003679540953,0.594337756627929
0.0035,0.950357435701682,0.591563415956153
0.00366666666666667,0.93636482189211,0.605625925375653
0.00383333333333333,0.947846547075624,0.612426991559977
0.004,0.955912304040161,0.637705057792576
0.00416666666666667,0.956276171116199,0.702797007821572
0.00433333333333333,0.962690555303602,0.719603048614367
0.0045,0.998586263812284,0.703253170990847
0.00466666666666667,1,0.688216753892841
0.00483333333333333,0.927891449575157,0.647885999150606
0.005,0.899075045040181,0.587546627447662
0.00516666666666667,0.897829815301127,0.54270975121888
0.00533333333333333,0.882792451390093,0.513608007085689
0.0055,0.811216735602182,0.523161949175211
0.00566666666666667,0.775595189875017,0.580790832654405
0.00583333333333333,0.770265672580252,0.594181801013957
0.006,0.790464380617545,0.57899855647555
0.00616666666666667,0.835329970179199,0.559048250099922
0.00633333333333333,0.839923692695271,0.565843283978258
0.0065,0.842857408483376,0.569792781263453
0.00666666666666667,0.90244917434379,0.602999624552973
0.00683333333333333,0.883724165224917,0.602183515582327
0.007,0.826540700281897,0.623493271225756
0.00716666666666667,0.821938521597195,0.642405472414494
0.00733333333333333,0.801837919636851,0.664333739415399
0.0075,0.716390507564213,0.664822020168887
0.00766666666666667,0.612132040445347,0.655265502480826
0.00783333333333333,0.571131508404187,0.640152322664354
0.008,0.56154507191739,0.615324867671547
0.00816666666666667,0.574644878497745,0.609645253537472
0.00833333333333333,0.572594943473776,0.62802938070307
0.0085,0.528934842429954,0.620399760545313
0.00866666666666667,0.512846202984345,0.638544870286529
0.00883333333333333,0.524243383884106,0.666197037089782
0.009,0.539555266391883,0.668594215574409
0.00916666666666667,0.524013492379865,0.640599522486814
0.00933333333333333,0.507206405382475,0.565702863089738
0.0095,0.491048949201789,0.550823589670092
0.00966666666666667,0.453047457088996,0.595577117749013
0.00983333333333333,0.434770171470812,0.624176228569503
0.01,0.431560560787054,0.619553615601736
0.0101666666666667,0.448343092932951,0.615106877921474
0.0103333333333333,0.495183938134803,0.627870923736832
0.0105,0.520983481839374,0.6452773337987
0.0106666666666667,0.525534138186954,0.635660998929137
0.0108333333333333,0.531078850583125,0.577362056095747
0.011,0.536539508588744,0.598190420146436
0.0111666666666667,0.522260004755916,0.60598945000956
0.0113333333333333,0.478646701654329,0.604438640999774
0.0115,0.464489307325269,0.575354208007447
0.0116666666666667,0.471186163164519,0.574817875134974
0.0118333333333333,0.440948184052987,0.54120238614962
0.012,0.406079609484147,0.535175828978488
0.0121666666666667,0.412819064000525,0.512135370744574
0.0123333333333333,0.416157020967114,0.497248924113673
0.0125,0.416270066336511,0.460441747623672
0.0126666666666667,0.416780065976246,0.455934425414732
0.0128333333333333,0.429334426196349,0.455996969948783
0.013,0.433699046066646,0.445541224225298
0.0131666666666667,0.426752428412209,0.437201094001603
0.0133333333333333,0.406036305709203,0.447352778826476
0.0135,0.386390072162104,0.422308549475448
0.0136666666666667,0.383209825838615,0.401784881623948
0.0138333333333333,0.390756347433925,0.374555750788795
0.014,0.385871821141241,0.358084344308035
0.0141666666666667,0.357623183001767,0.395602314176941
0.0143333333333333,0.347183704894668,0.413479912918992
0.0145,0.346731206707073,0.426262199890043
0.0146666666666667,0.355047766060878,0.452305231992417
0.0148333333333333,0.361195973137926,0.463451460259347
0.015,0.363261480859485,0.461064118401575
0.0151666666666667,0.361231132750447,0.46286828980136
0.0153333333333333,0.348932945913578,0.470402176883666
0.0155,0.318156416826961,0.460469832926227
0.0156666666666667,0.293562055588415,0.453454034101344
0.0158333333333333,0.285069529223555,0.516757426336058
0.016,0.278478245502252,0.532497822970363
0.0161666666666667,0.271920875413565,0.481529421947253
0.0163333333333333,0.265000109850425,0.484743125616285
0.0165,0.264006051790573,0.505691890797238
0.0166666666666667,0.271194018110969,0.521777873376248
0.0168333333333333,0.264781880379586,0.524011741212385
0.017,0.232436811708352,0.537835753446358
0.0171666666666667,0.227554074766222,0.560300724663227
0.0173333333333333,0.219256260641178,0.589342287951576
0.0175,0.222822216163399,0.573448379450418
0.0176666666666667,0.228751623858626,0.627916970834559
0.0178333333333333,0.228372889983458,0.702456112501185
0.018,0.221011072718282,0.716692821328482
0.0181666666666667,0.217992080096461,0.71820976961086
0.0183333333333333,0.218010994638751,0.754542902199601
0.0185,0.217041435270572,0.809403323508434
0.0186666666666667,0.216910763748874,0.849410733270965
0.0188333333333333,0.215247527763883,0.849608049252381
0.019,0.208510969763081,0.855921020608368
0.0191666666666667,0.200702876098668,0.844342394417679
0.0193333333333333,0.200915469907407,0.786950651377764
0.0195,0.202875200969232,0.781541976565246
0.0196666666666667,0.207080205133075,0.796110837738326
0.0198333333333333,0.202918904382242,0.78710999976674
0.02,0.195729509953164,0.734809771204825
0.0201666666666667,0.184794918656132,0.725649648556962
0.0203333333333333,0.182953218535524,0.761009450286092
0.0205,0.197541492318626,0.75122360325499
0.0206666666666667,0.193927501860253,0.74457013811121
0.0208333333333333,0.186886953295999,0.738166564646267
0.021,0.189654152872756,0.677769560575198
0.0211666666666667,0.186542201579444,0.661349128701713
0.0213333333333333,0.182669631822542,0.661824925942071
0.0215,0.184476862704062,0.718880811255616
0.0216666666666667,0.185970036614442,0.750534882943357
0.0218333333333333,0.186990224819304,0.738907589168158
0.022,0.182948517306628,0.756254754129197
0.0221666666666667,0.177148505634553,0.788388848401668
0.0223333333333333,0.158845737477668,0.792371174285599
0.0225,0.157233463252695,0.769307879195656
0.0226666666666667,0.147159967391497,0.777373750688356
0.0228333333333333,0.142726553859917,0.723214546706361
0.023,0.138422252521245,0.672585867461786
0.0231666666666667,0.131928811773836,0.676724816848406
0.0233333333333333,0.132759188045321,0.708032867259972
0.0235,0.133567707442954,0.709558959930614
0.0236666666666667,0.133467741209296,0.647660321816624
0.0238333333333333,0.136755927845003,0.60594614110531
0.024,0.139415339437536,0.613637536065377
0.0241666666666667,0.139387293238995,0.603242410188942
0.0243333333333333,0.139045245848664,0.59025434183242
0.0245,0.133776713498544,0.625814218432349
0.0246666666666667,0.132436052075266,0.652169403100192
0.0248333333333333,0.127764197846181,0.643515760051503
0.025,0.125968668040237,0.635641857050186
0.0251666666666667,0.126109317164965,0.631433472833884
0.0253333333333333,0.124035386497909,0.606400527659597
0.0255,0.107863125152759,0.568801952192554
0.0256666666666667,0.083794156330085,0.573981489155944
0.0258333333333333,0.0752742279707033,0.582138193508286
0.026,0.0788952686349247,0.586344435138235
0.0261666666666667,0.076028607962909,0.64080795426814
0.0263333333333333,0.0766889083178618,0.665892984420454
0.0265,0.0769271988211629,0.663646921633428
0.0266666666666667,0.0789696218950514,0.592598689758458
0.0268333333333333,0.0799930001765526,0.53235680579396
0.027,0.0763338181984221,0.528828655304087
0.0271666666666667,0.0734621016835488,0.51911569796426
0.0273333333333333,0.0727108598609205,0.477564767895034
0.0275,0.0735517424653481,0.469115445250482
0.0276666666666667,0.0756798164478529,0.490511809856799
0.0278333333333333,0.0757485379571782,0.497271764475079
0.028,0.0746272286737021,0.526982324183981
0.0281666666666667,0.0741993415182654,0.511042831894746
0.0283333333333333,0.0799716808423285,0.497785948694709
0.0285,0.0774628973803894,0.474903536392636
0.0286666666666667,0.0786382656222678,0.451679929823544
0.0288333333333333,0.0822755510473101,0.440395220270239
0.029,0.0796368487207806,0.451581412619003
0.0291666666666667,0.0757276048642012,0.475884916995437
0.0293333333333333,0.072669732919694,0.48297386222525
0.0295,0.0710174776289643,0.507802535072294
0.0296666666666667,0.070655087649669,0.4825818195524
0.0298333333333333,0.0683517453405336,0.465887811601632
0.03,0.068580653858086,0.477566745304471
0.0301666666666667,0.0661884719003657,0.471133492182997
0.0303333333333333,0.0670211678666364,0.473853507038868
0.0305,0.070076332321929,0.475873702005522
0.0306666666666667,0.0727741179562452,0.491948260117085
0.0308333333333333,0.0717626066016132,0.494386263432976
0.031,0.0673165100858917,0.505766854906737
0.0311666666666667,0.0639909450633352,0.504698068812094
0.0313333333333333,0.0649745256877033,0.447678646994709
0.0315,0.0658110058133987,0.429084699307441
0.0316666666666667,0.0660367107125775,0.447856115957167
0.0318333333333333,0.0620067095303783,0.44669688599311
0.032,0.0545434263735945,0.449707264084029
0.0321666666666667,0.0493066397329477,0.452875351064507
0.0323333333333333,0.0470442276969953,0.462967584148134
0.0325,0.0461321705040525,0.457248274912719
0.0326666666666667,0.0455628302707442,0.465407330509802
0.0328333333333333,0.043772056369483,0.446574494010957
0.033,0.0439463434234785,0.462458353917767
0.0331666666666667,0.0459414237149065,0.491620199866794
0.0333333333333333,0.0463695768993352,0.50522580290478
0.0335,0.0412321262678847,0.521494453902505
0.0336666666666667,0.0421843436495707,0.515447118558592
0.0338333333333333,0.0443566436831113,0.520942110670957
0.034,0.042949404207359,0.559698125473637
0.0341666666666667,0.0429164537414876,0.554627537808761
0.0343333333333333,0.0419945445347722,0.545172878045361
0.0345,0.0416492315022612,0.54229106974096
0.0346666666666667,0.0393193419776851,0.514518087664748
0.0348333333333333,0.037327291301401,0.510331902747399
0.035,0.0373200180547376,0.492570067479905
0.0351666666666667,0.0373983464918344,0.477615412437143
0.0353333333333333,0.037460884920686,0.483696684069113
0.0355,0.0355337932055316,0.482188138324012
0.0356666666666667,0.0319811870405153,0.491686037293603
0.0358333333333333,0.0294702905457977,0.489746809285947
0.036,0.0292622826250756,0.502140306604148
0.0361666666666667,0.0302767880118546,0.505241927086428
0.0363333333333333,0.0302442852808114,0.522672314830317
0.0365,0.0293151229620899,0.578049070520743
0.0366666666666667,0.0268936379804904,0.614007819165181
0.0368333333333333,0.0261010396338933,0.606772415410857
0.037,0.0260638757430822,0.633679372308372
0.0371666666666667,0.0262708696417398,0.688731482600078
0.0373333333333333,0.0268495878990194,0.722791778102277
0.0375,0.0270877238125061,0.815666674569605
0.0376666666666667,0.0274396650234359,0.956950246020298
0.0378333333333333,0.0291697853455828,0.968370631589364
0.038,0.030027226189124,1
0.0381666666666667,0.0296439009436631,0.979357012594484
0.0383333333333333,0.0272761201311694,0.924720274812346
0.0385,0.0260011160910479,0.903350612115419
0.0386666666666667,0.0271031236207754,0.882755398137937
0.0388333333333333,0.0273069262606687,0.890813499482457
0.039,0.0245071070015478,0.896843530804879
0.0391666666666667,0.0222489893235135,0.856936683106805
0.0393333333333333,0.0217526710887133,0.849875715955186
0.0395,0.0213931048276474,0.830275469539286
0.0396666666666667,0.020955113290883,0.826734051944449
0.0398333333333333,0.0208282104888316,0.827694262364623
0.04,0.0215423960964624,0.821843720572736
0.0401666666666667,0.0229126811812981,0.825838263539857
0.0403333333333333,0.0245022530897628,0.826139840863509
0.0405,0.0255196914069084,0.819315744704987
0.0406666666666667,0.0253265415634281,0.849050820590624
0.0408333333333333,0.0257293100138359,0.873720235719725
0.041,0.0255993560930268,0.885204177754832
0.0411666666666667,0.0247407193683347,0.864660512394407
0.0413333333333333,0.0235899777211691,0.843829072876221
0.0415,0.0229134351127754,0.838797864991819
0.0416666666666667,0.0232718367372402,0.811636695227649
0.0418333333333333,0.0237069821965571,0.783841291417728
0.042,0.0235380210161768,0.772419752232808
0.0421666666666667,0.0237308104237124,0.749258138084873
0.0423333333333333,0.0236519300589589,0.69361419064812
0.0425,0.0231541806200393,0.655032546921309
0.0426666666666667,0.0236949064452724,0.541705192241789
0.0428333333333333,0.0232614528092559,0.424989966955019
0.043,0.0208840251330053,0.407856913379121
0.0431666666666667,0.0196017811318564,0.391179267319128
0.0433333333333333,0.0201625942183068,0.439379157229023
0.0435,0.0206840008139356,0.457969067596161
0.0436666666666667,0.0200298635796901,0.465583986303532
0.0438333333333333,0.0181197263421179,0.474837597459966
0.044,0.0160727690504948,0.463126192418254
0.0441666666666667,0.0146764219129008,0.434627349631899
0.0443333333333333,0.0147785414951587,0.441594888355382
0.0445,0.014837249986409,0.463325215112418
0.0446666666666667,0.0146540516370208,0.462439692969614
0.0448333333333333,0.0145625406489624,0.485493604233157
0.045,0.0144279325140002,0.505975046600901
0.0451666666666667,0.0137843725020277,0.507562105052304
0.0453333333333333,0.0124846182770267,0.500873961568979
0.0455,0.0107897536590909,0.491166523867861
0.0456666666666667,0.00900373137623623,0.523200891020463
0.0458333333333333,0.00855294353098032,0.511919168897743
0.046,0.00823612817896464,0.490149476406545
0.0461666666666667,0.00829457695922306,0.470445863003116
0.0463333333333333,0.00861532334361524,0.524410389378839
0.0465,0.00846807887129584,0.571586480035644
0.0466666666666667,0.00854114783539943,0.581222490433125
0.0468333333333333,0.00850135873375452,0.553606432076267
0.047,0.00844447245838015,0.538664918421051
0.0471666666666667,0.00857098375573127,0.5415761219679
0.0473333333333333,0.00894453128904715,0.553633949358803
0.0475,0.00893446259408083,0.575496748986659
0.0476666666666667,0.0083731581449839,0.62061528757835
0.0478333333333333,0.00719889162604853,0.617815390399457
0.048,0.00705982679416618,0.601661015896423
0.0481666666666667,0.00795804625294789,0.621649625721255
0.0483333333333333,0.00803979058736843,0.601958414535119
0.0485,0.00769728035683613,0.603983476677857
0.0486666666666667,0.00698832321398707,0.61360683237137
0.0488333333333333,0.00677329848625394,0.619354597531373
0.049,0.00675842196315592,0.665424324754514
0.0491666666666667,0.00650936412048493,0.666565256787886
0.0493333333333333,0.00652368730376557,0.697129900732127
0.0495,0.00648105525449927,0.699948450282401
0.0496666666666667,0.00649476007215774,0.679469540959733
0.0498333333333333,0.00665080016528395,0.695388184652839
0.05,0.0066187297127269,0.682069991233258
0.0501666666666667,0.00669637624143061,0.65832268702956
0.0503333333333333,0.00660038790390532,0.664606748111278
0.0505,0.00647272693455757,0.695373363412748
0.0506666666666667,0.00639572614771306,0.719844294296396
0.0508333333333333,0.00688400149850233,0.724027375073123
0.051,0.00688367653577767,0.716184215741051
0.0511666666666667,0.00686905569486666,0.722523257951981
0.0513333333333333,0.00708510762298503,0.768271803001337
0.0515,0.00694194441230584,0.744722545214449
0.0516666666666667,0.00677803512283457,0.69562536779431
0.0518333333333333,0.00670628562342512,0.690347379657763
0.052,0.00634809278666189,0.693201553772634
0.0521666666666667,0.00648572779055368,0.692198178225557
0.0523333333333333,0.00666675546627388,0.693079023270872
0.0525,0.00606988410088077,0.679328610117752
0.0526666666666667,0.00612318020912907,0.654639821052057
0.0528333333333333,0.0063325460614955,0.615351298843495
0.053,0.00634423951112959,0.672555121655063
0.0531666666666667,0.00626102816198476,0.725598670314974
0.0533333333333333,0.00541522548122174,0.72264023843542
0.0535,0.00528630324945718,0.735479950301846
0.0536666666666667,0.0050329395985179,0.701821797088305
0.0538333333333333,0.00503411265721434,0.668797410824181
0.054,0.00514282977397831,0.657584006174371
0.0541666666666667,0.00541628886385152,0.603827203540868
0.0543333333333333,0.00578151691449132,0.606752100670668
0.0545,0.00575122947807621,0.581927637994341
0.0546666666666667,0.00555037137041754,0.577657520663406
0.0548333333333333,0.0052401216456971,0.58356295430026
0.055,0.00519805514529328,0.57151485379907
0.0551666666666667,0.00566751682492765,0.578607202755637
0.0553333333333333,0.0059490076758713,0.60878530958035
0.0555,0.00624891290656216,0.624046796214083
0.0556666666666667,0.00642441786817469,0.594656870210912
0.0558333333333333,0.00672516867943783,0.563796808163087
0.056,0.00651206759811319,0.522607157646378
0.0561666666666667,0.00642911745088894,0.529831463171065
0.0563333333333333,0.00643459233024966,0.551609632082182
0.0565,0.00634624100464373,0.511976744839229
0.0566666666666667,0.00607836454758661,0.493110081597761
0.0568333333333333,0.0061395214212166,0.512465628233789
0.057,0.00636377842603963,0.492990182334536
0.0571666666666667,0.00651436680274861,0.48386879973779
0.0573333333333333,0.00657880537619182,0.491439268143092
0.0575,0.00656958455635562,0.492372518604188
0.0576666666666667,0.00663528989251546,0.491341747974125
0.0578333333333333,0.00638714815493956,0.495065842600686
0.058,0.00655292603907089,0.488533109075923
0.0581666666666667,0.00791143539206306,0.431012136664818
0.0583333333333333,0.00876719349048158,0.370680957810317
0.0585,0.00941840927524451,0.338234239967111
0.0586666666666667,0.00979598518192817,0.327394402057626
0.0588333333333333,0.00991114541927483,0.303898661639122
0.059,0.0101137915193224,0.303865132943
0.0591666666666667,0.0100874934627556,0.323111543762885
0.0593333333333333,0.00996856517998615,0.327076655634172
0.0595,0.00983111262594461,0.336977434520561
0.0596666666666667,0.00972817239897154,0.354700121370295
0.0598333333333333,0.00987919090101911,0.358196120685952
0.06,0.00988942995110838,0.347928312041972
0.0601666666666667,0.0103692977541686,0.358321842618175
0.0603333333333333,0.010582628651299,0.353367159579621
0.0605,0.0104511861711757,0.332622792642408
0.0606666666666667,0.0102669523225455,0.334037096384753
0.0608333333333333,0.0102835197569624,0.349794206507418
0.061,0.00988145320032617,0.355632832518029
0.0611666666666667,0.00980761329152065,0.362548949890459
0.0613333333333333,0.0108689966081008,0.378126435857624
0.0615,0.011750842610702,0.363554692845228
0.0616666666666667,0.0116983120990907,0.349108919832158
0.0618333333333333,0.0119644161937838,0.35549332967482
0.062,0.0120984442433348,0.385580881713269
0.0621666666666667,0.011963361016551,0.484710852758608
0.0623333333333333,0.0124030112486755,0.544702645409733
0.0625,0.0124308090895394,0.548710276665187
0.0626666666666667,0.012407310445459,0.543950082096014
0.0628333333333333,0.0123542097431647,0.556102241026818
0.063,0.0128496776859662,0.569828696609339
0.0631666666666667,0.0128387223186652,0.59430253148462
0.0633333333333333,0.0120421384830417,0.610568529263002
0.0635,0.0120050204657088,0.623260638803554
0.0636666666666667,0.0123785846357396,0.653525564713947
0.0638333333333333,0.0126495147581732,0.652045469348187
0.064,0.0138766596383134,0.652489305521473
0.0641666666666667,0.015103297764142,0.669765869850658
0.0643333333333333,0.0151336444474459,0.652850412199394
0.0645,0.0156092178809957,0.649806062494125
0.0646666666666667,0.0158045284658461,0.633459238526674
0.0648333333333333,0.0159201790034072,0.612588920632135
0.065,0.0163660895034001,0.616486687220443
0.0651666666666667,0.0166802083753848,0.64584945614843
0.0653333333333333,0.0161530160225749,0.685405670212428
0.0655,0.0155461577930724,0.758313593324303
0.0656666666666667,0.0156795755341791,0.796263025984177
0.0658333333333333,0.0163058752302081,0.777058644068696
0.066,0.0167081095028217,0.7704095251787
0.0661666666666667,0.0167175857079526,0.78091399867969
0.0663333333333333,0.0169687766658566,0.778283105928519
0.0665,0.0170191391453601,0.758252133855623
0.0666666666666667,0.0163339767302003,0.734563814582423
0.0668333333333333,0.0164440509839911,0.754982457813534
0.067,0.016660712985026,0.739066219330091
0.0671666666666667,0.0173935308616325,0.695330187039035
0.0673333333333333,0.0189581928177506,0.594049701235743
0.0675,0.0183989148056646,0.537870285984039
0.0676666666666667,0.0180720054439773,0.540525945989024
0.0678333333333333,0.0178956816565556,0.546506031206693
0.068,0.0178956161148644,0.562313694019561
0.0681666666666667,0.0175904586089053,0.56482739932953
0.0683333333333333,0.017731673264169,0.554691748359751
0.0685,0.0174352309546299,0.537433112753667
0.0686666666666667,0.0164451216959754,0.536958593901107
0.0688333333333333,0.0157472437498232,0.523865920018872
0.069,0.0160675829356537,0.518205157236878
0.0691666666666667,0.0156854936103882,0.538455653182787
0.0693333333333333,0.0161292073051666,0.517073441115221
0.0695,0.0174109829231798,0.517726284218829
0.0696666666666667,0.0180538720521898,0.529857708376532
0.0698333333333333,0.0201538334286983,0.550070630676734
0.07,0.0210841878839245,0.573734791694846
0.0701666666666667,0.0206738682053345,0.580404769343279
0.0703333333333333,0.0207322447293707,0.558047652389167
0.0705,0.0207698839161765,0.51629983892166
0.0706666666666667,0.021127422565044,0.464624169929906
0.0708333333333333,0.0212139862308744,0.498322999394959
0.071,0.0214614024018693,0.514201335580673
0.0711666666666667,0.0213559661665866,0.50538852472109
0.0713333333333333,0.0213968372631856,0.520074500136848
0.0715,0.0222016457280196,0.547511221909969
0.0716666666666667,0.0231118152094068,0.535817311923149
0.0718333333333333,0.0233375674561732,0.553789655409043
0.072,0.0235648117857965,0.536042843505299
0.0721666666666667,0.0236084233075448,0.549045056539114
0.0723333333333333,0.0234637101501268,0.566741537348993
0.0725,0.0220276056786887,0.595411394394315
0.0726666666666667,0.0219781034910384,0.63565906449363
0.0728333333333333,0.0217089623334089,0.647693200443251
0.073,0.0216789016316033,0.647030251740359
0.0731666666666667,0.0231482980986481,0.619823192886135
0.0733333333333333,0.0253131474334627,0.602322238401396
0.0735,0.025154874250202,0.596234421466505
0.0736666666666667,0.0260859136436948,0.608205017757933
0.0738333333333333,0.0283097930905348,0.634120686204113
0.074,0.0288366453345195,0.644040398521873
0.0741666666666667,0.0305638682722268,0.675940234124443
0.0743333333333333,0.0334849257294776,0.681172808955674
0.0745,0.033862864262717,0.683465100014682
0.0746666666666667,0.0336038627957107,0.680090773966598
0.0748333333333333,0.0325504389363267,0.687484353142968
0.075,0.0300362551199462,0.674141070433605
0.0751666666666667,0.0295707404466679,0.648233504739644
0.0753333333333333,0.030118495628138,0.630044571212137
0.0755,0.0307075465193072,0.628626102079659
0.0756666666666667,0.0306041645438829,0.616998797105623
0.0758333333333333,0.0311189008745031,0.589235946402896
0.076,0.0329235513890611,0.519219956266591
0.0761666666666667,0.0333974137020814,0.529018166837842
0.0763333333333333,0.0330201359403731,0.527905380853961
0.0765,0.0330709556153922,0.521500428244025
0.0766666666666667,0.0318952789754063,0.52947535650769
0.0768333333333333,0.0299337321658042,0.530135835506745
0.077,0.0296533975369186,0.529344324846647
0.0771666666666667,0.030492952686334,0.567519131334507
0.0773333333333333,0.0331776929584246,0.599308591751906
0.0775,0.0340991930245105,0.657657607009624
0.0776666666666667,0.034004228012863,0.660284233183671
0.0778333333333333,0.0347832715592003,0.616859458493247
0.078,0.0352648648630642,0.590709217045856
0.0781666666666667,0.0352687594655684,0.586571988752971
0.0783333333333333,0.0350046676392504,0.586615149644231
0.0785,0.0349898824680032,0.601975403463141
0.0786666666666667,0.0353655154296045,0.605240199736722
0.0788333333333333,0.0342997504598175,0.595454142351158
0.079,0.0320852202558017,0.557254531223951
0.0791666666666667,0.0312248342201365,0.525177990798815
0.0793333333333333,0.0286062206190921,0.49412293729636
0.0795,0.0252550680253171,0.47214249870554
0.0796666666666667,0.0248380155762592,0.473673947414171
0.0798333333333333,0.0253792449940025,0.471528535733154
0.08,0.0254487553188254,0.45440841918873
0.0801666666666667,0.0270311630394708,0.450206839608702
0.0803333333333333,0.0277818707440104,0.453584951363758
0.0805,0.0341798543693103,0.453904388917753
0.0806666666666667,0.0414385998354912,0.454745861294011
0.0808333333333333,0.0416485676145822,0.452548036661892
0.081,0.042437174312076,0.450387409377137
0.0811666666666667,0.0411516008004931,0.44829114253256
0.0813333333333333,0.0398888382911548,0.432253130935317
0.0815,0.039770539890908,0.434916665849453
0.0816666666666667,0.0412615971115353,0.422275370434955
0.0818333333333333,0.0429118271280457,0.462051547554704
0.082,0.0436805376880934,0.517862340726759
0.0821666666666667,0.0434486051397035,0.50886028301766
0.0823333333333333,0.0428469369505572,0.470474636424954
0.0825,0.0399498411775693,0.437984203162982
0.0826666666666667,0.038305513868243,0.398824248549383
0.0828333333333333,0.0387780344434816,0.39280395367198
0.083,0.0394778118121374,0.403474669565045
0.0831666666666667,0.0403707093405428,0.418898325326756
0.0833333333333333,0.0404268618766394,0.44874033801083
0.0835,0.0405407112925709,0.475909112473025
0.0836666666666667,0.0391438832564973,0.467923120516364
0.0838333333333333,0.0387252354046515,0.479305449607515
0.084,0.0390019906714115,0.538190948163796
0.0841666666666667,0.0395850821847765,0.553262129841345
0.0843333333333333,0.0401382992320923,0.563677579459749
0.0845,0.0402575059862428,0.573986049895317
0.0846666666666667,0.0401555082219927,0.576664105510256
0.0848333333333333,0.0394298174612947,0.57358469880796
0.085,0.0395301477554911,0.573853783300737
0.0851666666666667,0.0412436908224656,0.577567037072306
0.0853333333333333,0.041388360512567,0.576986115487424
0.0855,0.0459095186442834,0.616412783952238
0.0856666666666667,0.0446010217090255,0.645191704956601
0.0858333333333333,0.0400878859580482,0.682835868906641
0.086,0.0401992797501522,0.70173839461855
0.0861666666666667,0.0384367030657923,0.703813778917156
0.0863333333333333,0.0376905722873567,0.699298432435626
0.0865,0.038662997561338,0.694382496940282
0.0866666666666667,0.0419990000612718,0.70473906398787
0.0868333333333333,0.0421021449098045,0.693321732715556
0.087,0.0404165758991173,0.617150364220952
0.0871666666666667,0.0396835980396827,0.562852174957147
0.0873333333333333,0.0399780246984363,0.550472527687055
0.0875,0.0453727009531054,0.547867457309361
0.0876666666666667,0.0534161912533755,0.538261984817497
0.0878333333333333,0.0536492894303918,0.507804410002456
0.088,0.055707809305663,0.48202878786524
0.0881666666666667,0.0548193386198338,0.471849974842781
0.0883333333333333,0.0551666926826663,0.457182588846032
0.0885,0.0557556779558101,0.425392727409701
0.0886666666666667,0.0544529577210794,0.4278617051821
0.0888333333333333,0.054309022331176,0.459619466924037
0.089,0.0550426844959247,0.463098678797926
0.0891666666666667,0.0570105782998002,0.423680916056106
0.0893333333333333,0.0607074374345792,0.4091271416133
0.0895,0.0610542786436998,0.460785532002111
0.0896666666666667,0.0611281806996771,0.503883475856728
0.0898333333333333,0.0617206309254415,0.517968929908716
0.09,0.0650671155683671,0.53718456165982
0.0901666666666667,0.0640567361425195,0.556762548114945
0.0903333333333333,0.062314543677061,0.553011919818476
0.0905,0.0619187861626268,0.555091611286978
0.0906666666666667,0.0586737581635087,0.516856671515193
0.0908333333333333,0.0561927137438953,0.493973381831118
0.091,0.0539392010928789,0.466487797701085
0.0911666666666667,0.0572526423042084,0.453647502369365
0.0913333333333333,0.0619921532171273,0.45074211077972
0.0915,0.0620268590530762,0.459632694304747
0.0916666666666667,0.0614652499884029,0.455953700801783
0.0918333333333333,0.0591779749366357,0.439518969976847
0.092,0.0590077003807452,0.44549397942424
0.0921666666666667,0.0610092139718069,0.451853946824174
0.0923333333333333,0.0653661047341168,0.488086261244325
0.0925,0.0692938445009967,0.519065793645071
0.0926666666666667,0.0638863480111758,0.53086558928615
0.0928333333333333,0.0572295563391798,0.53255731886423
0.093,0.0587573141096407,0.520956116457316
0.0931666666666667,0.0568393136931134,0.526939327408607
0.0933333333333333,0.0604578891597497,0.546353578685603
0.0935,0.0599776270314535,0.549068850857413
0.0936666666666667,0.0602965398238605,0.552967103469896
0.0938333333333333,0.0605373013437416,0.531355065957121
0.094,0.0664391366703833,0.526807163400334
0.0941666666666667,0.070723115022256,0.524496756654905
0.0943333333333333,0.0705945159757942,0.503802549673095
0.0945,0.0694111087377454,0.544075049825341
0.0946666666666667,0.0735468786012175,0.506771159885208
0.0948333333333333,0.0749375934279876,0.493846726178044
0.095,0.0747259061444121,0.544692876038387
0.0951666666666667,0.070856321969634,0.55461165740032
0.0953333333333333,0.07018172538212,0.555264483159449
0.0955,0.069962040067428,0.552468397451485
0.0956666666666667,0.0705365255271927,0.568036370307125
0.0958333333333333,0.0697699528598937,0.563609789750529
0.096,0.0667409211042488,0.61506727827225
0.0961666666666667,0.0656015208795373,0.656261572742044
0.0963333333333333,0.0633233914881297,0.655167349023019
0.0965,0.0674990783677576,0.690416430040891
0.0966666666666667,0.0755112586224789,0.737058664358067
0.0968333333333333,0.078490093889817,0.756179138843966
0.097,0.0784664126939315,0.763140788441618
0.0971666666666667,0.0789336533640711,0.758281279623623
0.0973333333333333,0.0806600548047155,0.754859080832942
0.0975,0.076668422558255,0.71757177913582
0.0976666666666667,0.0739736288400157,0.691655909692746
0.0978333333333333,0.0742073060188867,0.685048504300141
0.098,0.0728377623792509,0.679123617784784
0.0981666666666667,0.0725100522714148,0.677970962113507
0.0983333333333333,0.0721463336662158,0.672436075254625
0.0985,0.073730126820937,0.668810783130387
0.0986666666666667,0.0836285350770245,0.695289702264462
0.0988333333333333,0.0877972573511999,0.705905676011399
0.099,0.0905760196154761,0.713299463407114
0.0991666666666667,0.0888213245126523,0.719020770982127
0.0993333333333333,0.0863901080242248,0.69604702988974
0.0995,0.0846503429442848,0.704997608915411
0.0996666666666667,0.0844327501218542,0.669700650766998
0.0998333333333333,0.0831422087380365,0.651608766503251
0.1,0.0901425480422879,0.647032538765022
0.100166666666667,0.0990643564928304,0.616481613541365
0.100333333333333,0.101249163186303,0.597616863797931
0.1005,0.101631401880665,0.591356181261867
0.100666666666667,0.106524212527002,0.603362546810061
0.100833333333333,0.106745853575521,0.584999810593268
0.101,0.105042813310308,0.591570910963698
0.101166666666667,0.107378687417694,0.545614901349308
0.101333333333333,0.111521875509195,0.502844560550957
0.1015,0.113237061131115,0.507251655626758
0.101666666666667,0.10474696533242,0.474634902871281
0.101833333333333,0.0981853992022182,0.417014839058339
0.102,0.09625827014343,0.400061878842645
0.102166666666667,0.0954049675836401,0.395299850920852
0.102333333333333,0.095520418600934,0.40736914720351
0.1025,0.093608079755195,0.456033826982595
0.102666666666667,0.0951165765458794,0.478871620333263
0.102833333333333,0.0968960005175708,0.473796700597408
0.103,0.0970922952750634,0.475093122751172
0.103166666666667,0.102400730504913,0.487048630581258
0.103333333333333,0.110387032484259,0.499696610719685
0.1035,0.113650517206155,0.504998906293532
0.103666666666667,0.119469609158392,0.504760776633479
0.103833333333333,0.113989877167218,0.476965148732968
0.104,0.110444555281056,0.46260685824016
0.104166666666667,0.108219699084297,0.449079270788799
0.104333333333333,0.103387849296241,0.433780419901576
0.1045,0.100756605757973,0.501897585074663
0.104666666666667,0.100942069446018,0.526849818980384
0.104833333333333,0.0985169496211939,0.525905496203833
0.105,0.0950450053900394,0.560629216026786
0.105166666666667,0.0885803948263465,0.560120071061572
0.105333333333333,0.080656187342034,0.544730872090431
0.1055,0.0780080552948099,0.560302887906822
0.105666666666667,0.0790426543795127,0.547949994807613
0.105833333333333,0.076900471026202,0.534591449128765
0.106,0.076112978290467,0.540898309172856
0.106166666666667,0.0763110136086,0.544822307565092
0.106333333333333,0.074954988593524,0.537414490187646
0.1065,0.0710461384652159,0.524623692181527
0.106666666666667,0.0692459642690127,0.51614139160607
0.106833333333333,0.068951000664085,0.531407379838479
0.107,0.0682574471999521,0.551247285093725
0.107166666666667,0.066783524322314,0.562084504790324
0.107333333333333,0.0673196662949455,0.573181124841176
0.1075,0.0660403390452114,0.578491713964309
0.107666666666667,0.0662576318359768,0.539272432854833
0.107833333333333,0.06638412205181,0.526625031217505
0.108,0.0637904449074759,0.566290899433979
0.108166666666667,0.0640316363709864,0.580352769821095
0.108333333333333,0.0622466210693769,0.568081752610038
0.1085,0.0561610234522015,0.553342888718113
0.108666666666667,0.0544538940044544,0.554324136072048
0.108833333333333,0.0439437827750571,0.570535016091224
0.109,0.0386836366448755,0.578926973159937
0.109166666666667,0.037040594956692,0.579208220536533
0.109333333333333,0.037617806255325,0.580215615245984
0.1095,0.0375772147508378,0.565093094335285
0.109666666666667,0.0416249178167705,0.495418570454523
0.109833333333333,0.0446176956784866,0.498430043584569
0.11,0.0458231035720641,0.514657122267703
0.110166666666667,0.0479767024378756,0.493225765904275
0.110333333333333,0.0471671741409519,0.515096033498125
0.1105,0.0466053898032452,0.506635204914381
0.110666666666667,0.046584206586893,0.489855661372621
0.110833333333333,0.0473089957999268,0.496321520780171
0.111,0.0464482939250395,0.501164076588977
0.111166666666667,0.0470790174674531,0.506743269135273
0.111333333333333,0.0469904234140163,0.503638169257049
0.1115,0.0458009365640274,0.516523743069236
0.111666666666667,0.045832508114962,0.537383358730543
0.111833333333333,0.045999477213431,0.574185272797855
0.112,0.0509037582292296,0.576711144523869
0.112166666666667,0.0543296454714213,0.553000112635634
0.112333333333333,0.0553230749983585,0.555019154149449
0.1125,0.0547268880114048,0.569616329016288
0.112666666666667,0.0548206926686478,0.557519428295558
0.112833333333333,0.0537972441446409,0.552955049157378
0.113,0.0520673481613049,0.559986465288685
0.113166666666667,0.0512525728969395,0.540337827539101
0.113333333333333,0.0512633291548801,0.557654368596026
0.1135,0.0546804510625944,0.569539927841601
0.113666666666667,0.0579984278029313,0.574257045340995
0.113833333333333,0.0574278286247275,0.565793783729086
0.114,0.0592832213575937,0.548469069483896
0.114166666666667,0.0617005958417814,0.549533083657674
0.114333333333333,0.0665460362177286,0.565562415465189
0.1145,0.0718171797741191,0.56618508282815
0.114666666666667,0.0737501724197696,0.553761868102691
0.114833333333333,0.0710345831287119,0.561469249471554
0.115,0.069024593888322,0.524456499287688
0.115166666666667,0.0721270812699355,0.510251863681534
0.115333333333333,0.0721104727189079,0.499428876153574
0.1155,0.0713474347243596,0.442039824660264
0.115666666666667,0.0701240553464173,0.425646246329493
0.115833333333333,0.0702881439328083,0.426684406288535
0.116,0.0719151334601835,0.416825412171145
0.116166666666667,0.0769451070770023,0.417497055867764
0.116333333333333,0.079932514060172,0.420944812857137
0.1165,0.0865062708973069,0.425139708490073
0.116666666666667,0.0887484902205853,0.404611398304929
0.116833333333333,0.0895700724174054,0.417999360197045
0.117,0.0892195548008781,0.409466465045064
0.117166666666667,0.0847422315212227,0.392901974416503
0.117333333333333,0.0812764068747057,0.406790222912348
0.1175,0.0802480293661594,0.407603538486089
0.117666666666667,0.0832583131247642,0.414640796210627
0.117833333333333,0.0837517732384972,0.533094058411072
0.118,0.0837037821747402,0.588734890297062
0.118166666666667,0.0902031031642594,0.569679733833837
0.118333333333333,0.0922659993509962,0.550114513797332
0.1185,0.0910108994997288,0.562957289411986
0.118666666666667,0.0848446538577504,0.577328897195404
0.118833333333333,0.0789753683959957,0.582122675639726
0.119,0.0800064925230582,0.587467059697834
0.119166666666667,0.0773699766673981,0.5776204017742
0.119333333333333,0.0758160666336011,0.565556253195758
0.1195,0.0746158583868873,0.552447406719671
0.119666666666667,0.0682013318591457,0.549365186287198
0.119833333333333,0.067415116177127,0.55424295732587
0.12,0.0657797010346726,0.566322490107478
0.120166666666667,0.0643977489300842,0.586186608597803
0.120333333333333,0.0603621861160856,0.597572626049812
0.1205,0.0606418818258936,0.596755192511534
0.120666666666667,0.0618964834113597,0.605529461792434
0.120833333333333,0.062751401542562,0.611808757805773
0.121,0.0631519845379997,0.625123820132968
0.121166666666667,0.0597109650363448,0.661173556068501
0.121333333333333,0.0554202805749419,0.676656055108238
0.1215,0.0510455214811876,0.692971860531395
0.121666666666667,0.0470313797379598,0.754917799299797
0.121833333333333,0.0477952368468363,0.822010141354159
0.122,0.0496278351509202,0.823548235772241
0.122166666666667,0.0490873457776227,0.804640131023735
0.122333333333333,0.0498489741691457,0.812343672655648
0.1225,0.0504902872594678,0.807528842396004
0.122666666666667,0.0508509680200843,0.791696911339627
0.122833333333333,0.0493725401497321,0.759579167478024
0.123,0.048628381004052,0.637070923755828
0.123166666666667,0.0475715815011987,0.591328787165258
0.123333333333333,0.0407472743186381,0.635563235146804
0.1235,0.0387549252763542,0.63360586668392
0.123666666666667,0.0385907078877333,0.584830749441758
0.123833333333333,0.0376646517817525,0.562373958229353
0.124,0.0375677127435557,0.595708765122099
0.124166666666667,0.0374758623884893,0.617776835378547
0.124333333333333,0.039409819169371,0.614274267579255
0.1245,0.0422389070176843,0.620610899581548
0.124666666666667,0.0406510284137347,0.641851867439616
0.124833333333333,0.0406952417320895,0.68373229191871
0.125,0.0402331869488435,0.73193819915213
0.125166666666667,0.0419113461905608,0.741001741168626
0.125333333333333,0.042678856120285,0.740277285345964
0.1255,0.0420954808249764,0.736697373972614
0.125666666666667,0.0396016919803661,0.745110309093949
0.125833333333333,0.0381365859252749,0.781152524522461
0.126,0.0398703355957251,0.820182643734443
0.126166666666667,0.0406311547378923,0.796407646552514
0.126333333333333,0.0411944691898745,0.770440683074165
0.1265,0.040001749560417,0.756163470882113
0.126666666666667,0.0404572082981652,0.729411108595315
0.126833333333333,0.0403729546501365,0.658611417847693
0.127,0.0426167805880935,0.598943868455258
0.127166666666667,0.0431001373707989,0.589083919425544
0.127333333333333,0.0449823897692231,0.584353984875003
0.1275,0.0440298048795976,0.570563250167307
0.127666666666667,0.0438411316658303,0.574409749825734
0.127833333333333,0.045778653456586,0.570047158631732
0.128,0.0442250428974253,0.565929148673221
0.128166666666667,0.044039171408478,0.584098696732912
0.128333333333333,0.045634006532021,0.57684947200679
0.1285,0.0476838602361067,0.530496190426531
0.128666666666667,0.0480668857897156,0.533313070383257
0.128833333333333,0.0480803969080053,0.571466694587913
0.129,0.0481708719840695,0.599947316756287
0.129166666666667,0.047333672970768,0.566161406583969
0.129333333333333,0.0454658510970284,0.549361609503593
0.1295,0.0431553882343283,0.55454471087766
0.129666666666667,0.0416160665548134,0.55370563205052
0.129833333333333,0.0462728105825517,0.53255770298826
0.13,0.0526914248620719,0.541174995646329
0.130166666666667,0.0531303016639837,0.531061328388687
0.130333333333333,0.0531283716413424,0.508432025855825
0.1305,0.0539462370813225,0.488420952236105
0.130666666666667,0.0541600576604428,0.476045456373216
0.130833333333333,0.0559679826498285,0.45897823641342
0.131,0.0585601670142923,0.431721404989202
0.131166666666667,0.0589754540323454,0.394519870891192
0.131333333333333,0.0610668969429548,0.402837451586685
0.1315,0.0615510447925255,0.413029833156611
0.131666666666667,0.0609676938896564,0.408801024572303
0.131833333333333,0.0617915225534032,0.403731729164288
0.132,0.0601648367728897,0.400148359463519
0.132166666666667,0.0570053844454904,0.395418505667691
0.132333333333333,0.0562335341780663,0.403679289147372
0.1325,0.0549101155183672,0.466444454630963
0.132666666666667,0.0550732382541677,0.496058205571347
0.132833333333333,0.0554916233021381,0.489665258540399
0.133,0.0541464769098442,0.519071721286574
0.133166666666667,0.0557184160477112,0.557471400086843
0.133333333333333,0.055208433659797,0.565489066884891
0.1335,0.0539525743449591,0.554676931131769
0.133666666666667,0.0520934565374742,0.557450497197232
0.133833333333333,0.0518035268299091,0.551924054241476
0.134,0.0523559259482298,0.51572784012956
0.134166666666667,0.0522185918000411,0.501525725898596
0.134333333333333,0.0530686980075383,0.50310679357068
0.1345,0.0531791452663311,0.507027453004553
0.134666666666667,0.053498089658692,0.500081648233427
0.134833333333333,0.0509650795793773,0.503073224997257
0.135,0.0447802497583317,0.511636721808758
0.135166666666667,0.0408951141090187,0.473057545720827
0.135333333333333,0.040481976113361,0.434420225154939
0.1355,0.0401815051003164,0.435381283342907
0.135666666666667,0.0393487329469785,0.438537368443882
0.135833333333333,0.0403536230919183,0.449533894741656
0.136,0.039971085305637,0.468033528239412
0.136166666666667,0.0388833964425125,0.46354759852341
0.136333333333333,0.037048363027146,0.475785051486165
0.1365,0.0338468683154566,0.487897082221445
0.136666666666667,0.0340814380429238,0.467052436061685
0.136833333333333,0.0349341658189091,0.470356583712587
0.137,0.0345249276717271,0.474465915465835
0.137166666666667,0.0359699560956805,0.480180805630176
0.137333333333333,0.0339945332856819,0.479597543750122
0.1375,0.0315394813988473,0.470383541151986
0.137666666666667,0.0308160382870014,0.419235858023855
0.137833333333333,0.0318549747644809,0.389398388105774
0.138,0.0300946860600427,0.388556390983581
0.138166666666667,0.0294388114200367,0.37325177516448
0.138333333333333,0.0278584187590715,0.363675068849358
0.1385,0.02784223811603,0.355214246945259
0.138666666666667,0.027527949568112,0.35743214636096
0.138833333333333,0.027540251303369,0.36300316285751
0.139,0.0282466504568579,0.38031205784425
0.139166666666667,0.0292711225335612,0.386559974036224
0.139333333333333,0.0290863702516041,0.371092982417337
0.1395,0.0286890668871614,0.361933487871011
0.139666666666667,0.0284687901723984,0.354606679249086
0.139833333333333,0.0285267100417879,0.378316859992344
0.14,0.0286059441006002,0.394911478931634
0.140166666666667,0.0281726842877391,0.388066322837732
0.140333333333333,0.0253799201009232,0.387190663896914
0.1405,0.02509182927838,0.405734187665114
0.140666666666667,0.0242169932420538,0.404892305468005
0.140833333333333,0.0232136193010471,0.440210415988864
0.141,0.0222817950524213,0.432975262713679
0.141166666666667,0.0205810066101168,0.416786071343965
0.141333333333333,0.0191087834064301,0.408315549343954
0.1415,0.0179223010278432,0.396716142741164
0.141666666666667,0.0177713812264233,0.379641377201446
0.141833333333333,0.0167641067778382,0.396382730645666
0.142,0.0158387390655392,0.404371060810885
0.142166666666667,0.0150763267063297,0.417966693839117
0.142333333333333,0.0131113658698079,0.439231192846585
0.1425,0.0140334702811143,0.452929371112362
0.142666666666667,0.0152388809798356,0.455416350125287
0.142833333333333,0.0159052102103206,0.484935974526558
0.143,0.0149795813814147,0.502637084465765
0.143166666666667,0.0150063815306653,0.501872598988716
0.143333333333333,0.015546500488748,0.527739047379848
0.1435,0.017716948290233,0.538343180248442
0.143666666666667,0.0186918543637145,0.534948885207651
0.143833333333333,0.018726880422603,0.530367380519891
0.144,0.0192968776437678,0.527749748857998
0.144166666666667,0.0194540319753777,0.539502846127416
0.144333333333333,0.0181164257178458,0.552965270226794
0.1445,0.0188950452948657,0.556302344611804
0.144666666666667,0.0185360115839574,0.55618769853003
0.144833333333333,0.0183186004661242,0.549411662844443
0.145,0.0182420775768636,0.527566829126933
0.145166666666667,0.0183365641149216,0.505997736740143
0.145333333333333,0.0183074728131779,0.51395707913859
0.1455,0.0183667187540191,0.541496730658682
0.145666666666667,0.0178907786691722,0.530952803131567
0.145833333333333,0.0175184438208354,0.53475684895678
0.146,0.0176345470496966,0.534214455851393
0.146166666666667,0.0172376054686413,0.543701467253293
0.146333333333333,0.0174430673531281,0.542703417887159
0.1465,0.0171142017292539,0.538517993841425
0.146666666666667,0.0173642433660265,0.526156861702335
0.146833333333333,0.0174080952552854,0.521689401170355
0.147,0.0167385276977992,0.507188097202085
0.147166666666667,0.0160728940400384,0.509898923357651
0.147333333333333,0.0156626910247401,0.532074453098182
0.1475,0.0151306633371747,0.545777042046194
0.147666666666667,0.0145288180458502,0.541377712810422
0.147833333333333,0.0129867585528284,0.535203714209024
0.148,0.0119349458289521,0.508109915934329
0.148166666666667,0.0117375409099729,0.496504750202872
0.148333333333333,0.0137065440452516,0.508415264083961
0.1485,0.0138884005017997,0.503327045667975
0.148666666666667,0.0117483196529575,0.466308076926493
0.148833333333333,0.011040716355041,0.465337777458953
0.149,0.0111505469732897,0.481850042239663
0.149166666666667,0.0103535225477036,0.505443485412716
0.149333333333333,0.00932900004875217,0.477323177693174
0.1495,0.00910662777878194,0.486922265066074
0.149666666666667,0.00856764507411181,0.527279205970476
0.149833333333333,0.00881639856537891,0.536970653862377
0.15,0.00881270938457689,0.537625838896081
0.150166666666667,0.00850009565159813,0.542941758004119
0.150333333333333,0.00835675978142916,0.544928780295202
0.1505,0.00831190799272053,0.532500018943993
0.150666666666667,0.00843458177082442,0.504477134799737
0.150833333333333,0.00857254181302725,0.493848665448594
0.151,0.00848123763896789,0.484877283390899
0.151166666666667,0.00841551858064417,0.455341481196335
0.151333333333333,0.00870090198391364,0.443228503821183
0.1515,0.00884536622355913,0.443157034663847
0.151666666666667,0.0087565305431346,0.462954998419227
0.151833333333333,0.00858294498279095,0.506761107730076
0.152,0.00855414967527121,0.546029504145242
0.152166666666667,0.00856348936699838,0.561628304100643
0.152333333333333,0.00880798479262159,0.551252405750179
0.1525,0.00862054377370441,0.520006955840274
0.152666666666667,0.00869585628709616,0.491235870936799
0.152833333333333,0.00815358728209726,0.478565833824972
0.153,0.00822931452667026,0.461456224528985
0.153166666666667,0.00858829529053697,0.457516287806771
0.153333333333333,0.00833398340524449,0.461933163812536
0.1535,0.00690071045182548,0.445304908720499
0.153666666666667,0.00623809031263847,0.414209459757936
0.153833333333333,0.00637395652981301,0.425041852831967
0.154,0.0063059809305144,0.420108616125337
0.154166666666667,0.00620465290819582,0.403829809336339
0.154333333333333,0.00632785710731483,0.381884403386586
0.1545,0.00667120264634969,0.384992367875803
0.154666666666667,0.0068598551899043,0.357255675504159
0.154833333333333,0.0067334839358508,0.31261465061585
0.155,0.00654043840645975,0.303176443440478
0.155166666666667,0.00649831455634109,0.306568635326215
0.155333333333333,0.00652458206642621,0.308032991357977
0.1555,0.00646392264069295,0.32532480082691
0.155666666666667,0.00665333087338062,0.349963026408931
0.155833333333333,0.00661580749247452,0.355709958647194
0.156,0.00647106852842271,0.353640474446302
0.156166666666667,0.0065117670766419,0.371474397689453
0.156333333333333,0.00672837950776512,0.443661282871775
0.1565,0.00676302383167426,0.500693251781297
0.156666666666667,0.0067829481988999,0.522992482579127
0.156833333333333,0.00687691452078448,0.519090454170887
0.157,0.00676082382759421,0.518055159417606
0.157166666666667,0.00666875470278692,0.509812334170746
0.157333333333333,0.00669460721976451,0.504032177851178
0.1575,0.00629267213021774,0.497477083778062
0.157666666666667,0.00622566079023598,0.489878429085455
0.157833333333333,0.00609454409033957,0.486337608135208
0.158,0.00609913174285843,0.485493715069657
0.158166666666667,0.00586856868400704,0.490243982276065
0.158333333333333,0.00560564279566672,0.483573004581998
0.1585,0.00554135951584945,0.505671211261848
0.158666666666667,0.00501491768707701,0.512199014037537
0.158833333333333,0.00455281781025049,0.541453099330803
0.159,0.00432218485641008,0.542875927227327
0.159166666666667,0.00413363672301116,0.538371541325334
0.159333333333333,0.0040620650373895,0.554727538227446
0.1595,0.00392271255050804,0.560132890178499
0.159666666666667,0.00356328440188691,0.566316339933474
0.159833333333333,0.00343597821866568,0.564720254444555
0.16,0.0037723847570453,0.568350985387477
0.160166666666667,0.00395747471549545,0.586616023355686
0.160333333333333,0.00400704204835215,0.591530315113219
0.1605,0.00402087180326265,0.582469832170895
0.160666666666667,0.0041790080506315,0.559877281332467
0.160833333333333,0.00395155122937512,0.536120532538584
0.161,0.00378995653977512,0.518172374347519
0.161166666666667,0.00382093178505548,0.527809907151463
0.161333333333333,0.00374385546885351,0.542671120417722
0.1615,0.00340241016743271,0.47723557808611
0.161666666666667,0.00335545101791001,0.426284665664351
0.161833333333333,0.00393476118556987,0.410524418769476
0.162,0.00419962929449729,0.392612591279753
0.162166666666667,0.00425037225004727,0.359204605841554
0.162333333333333,0.00440629620356936,0.32797909957355
0.1625,0.00441407086160243,0.316784253514697
0.162666666666667,0.00443181942946473,0.319104371200842
0.162833333333333,0.00443817998773319,0.319925465379197
0.163,0.00448005098500777,0.311142489164235
0.163166666666667,0.00452767283988163,0.31813708141801
0.163333333333333,0.00462338762885091,0.316515239458447
0.1635,0.00455177865769476,0.305059840075822
0.163666666666667,0.00449581771310921,0.278740314393053
0.163833333333333,0.00440574953412145,0.281006566719551
0.164,0.00436042362540069,0.262215850644504
0.164166666666667,0.00442700192193692,0.255433525431727
0.164333333333333,0.00452125032217668,0.252052217920669
0.1645,0.00459525839544573,0.248254000315847
0.164666666666667,0.00470402190240513,0.244362061247754
0.164833333333333,0.00482489968502494,0.234579170643808
0.165,0.00466215675280302,0.231267172114989
0.165166666666667,0.00455150231693667,0.2265464923098
0.165333333333333,0.00491031129616166,0.207807045998746
0.1655,0.00483018074378872,0.210944552222468
0.165666666666667,0.00485002788277458,0.226838007511327
0.165833333333333,0.00463953976191875,0.253577400109073
0.166,0.00464063641115372,0.276535307727428
0.166166666666667,0.00473164422621286,0.283108295123553
0.166333333333333,0.00495679111148826,0.274395702119987
0.1665,0.00507570859274475,0.2410359608707
0.166666666666667,0.00516818392621368,0.227445487475466
0.166833333333333,0.00517217105369647,0.237483809652088
0.167,0.00433201845954248,0.259245877197012
0.167166666666667,0.00399930800835918,0.281331746900372
0.167333333333333,0.0040264766323684,0.296102182459221
0.1675,0.00385258743529045,0.318646571714535
0.167666666666667,0.00374830487186665,0.328735065669335
0.167833333333333,0.00373903598753316,0.336639982293146
0.168,0.00378956241717014,0.341190414865285
0.168166666666667,0.00398388812087059,0.381611808035739
0.168333333333333,0.00408355844737708,0.42893766513312
0.1685,0.0040102472672792,0.445260310589123
0.168666666666667,0.00396254816013934,0.456446835646918
0.168833333333333,0.00388141928449974,0.467696847396401
0.169,0.00385309712870094,0.46702491917724
0.169166666666667,0.00389710594518855,0.450710779524704
0.169333333333333,0.00396708477333088,0.450836772736123
0.1695,0.00385294734099749,0.454291314528119
0.169666666666667,0.00380883579517267,0.44033435607907
0.169833333333333,0.0037117789906998,0.437947424920503
0.17,0.00359809221621945,0.447169185508618
0.170166666666667,0.00354585607755798,0.451942220717386
0.170333333333333,0.00320574960253883,0.454943733044647
0.1705,0.00258565045661477,0.453193446624402
0.170666666666667,0.00259647514634281,0.446160418979558
0.170833333333333,0.00266885181329558,0.43067151302674
0.171,0.00301938295459768,0.410305982085843
0.171166666666667,0.00319007367958653,0.401998137542473
0.171333333333333,0.00308855134731747,0.418510921571735
0.1715,0.00288227827808971,0.450339471339148
0.171666666666667,0.00282118896800399,0.454128191409047
0.171833333333333,0.0027603696361928,0.457983067587114
0.172,0.00251422235615022,0.444897750789721
0.172166666666667,0.00268114851318159,0.425595592867096
0.172333333333333,0.00288120536859568,0.412623098627574
0.1725,0.00288118620298187,0.39067243039068
0.172666666666667,0.00287282014163953,0.381763603058401
0.172833333333333,0.00295358048499716,0.388254383820629
0.173,0.00309989860680294,0.384786967173738
0.173166666666667,0.00324701527277401,0.381880142531375
0.173333333333333,0.00323028236596596,0.353411752440494
0.1735,0.0030663038747021,0.307530312209761
0.173666666666667,0.00307980035979924,0.282592829811217
0.173833333333333,0.00304122000508319,0.287158073037088
0.174,0.00315895356558674,0.285392704053925
0.174166666666667,0.00336076194113007,0.29180363184829
0.174333333333333,0.00345084271301324,0.293649629378655
0.1745,0.00342662685414299,0.286948262727195
0.174666666666667,0.00343114473134996,0.290673920787261
0.174833333333333,0.00391239924850689,0.309094067557513
0.175,0.0047809148695318,0.311762839724047
0.175166666666667,0.00495700561986359,0.311958131728206
0.175333333333333,0.00496091025352545,0.324178878606024
0.1755,0.00497479995887692,0.325607446474919
0.175666666666667,0.00503180317547604,0.335895205473475
0.175833333333333,0.00523034214703486,0.339988770699548
0.176,0.00516403114158514,0.343749975657147
0.176166666666667,0.00482394693800515,0.343178704350259
0.176333333333333,0.00469089157551862,0.350717314141492
0.1765,0.00471457741094079,0.330449365335403
0.176666666666667,0.00519246864221811,0.306738928670036
0.176833333333333,0.00569500098641642,0.323711541660825
0.177,0.00573636414061626,0.318029475816027
0.177166666666667,0.00591298912565656,0.360380553654993
0.177333333333333,0.00573037811206285,0.378681768877646
0.1775,0.00550695175171313,0.369471590277076
0.177666666666667,0.00544990311696859,0.37555932267616
0.177833333333333,0.00542561522954489,0.364731747694992
0.178,0.00546571268335376,0.353819048105324
0.178166666666667,0.0057099157904326,0.372495033284299
0.178333333333333,0.00562994634356906,0.37140710932151
0.1785,0.00541611144688265,0.376803717638339
0.178666666666667,0.00549600945449967,0.402925894569247
0.178833333333333,0.00557582977911791,0.415290243341423
0.179,0.00583595991105395,0.40253148092942
0.179166666666667,0.00598678223177487,0.395568413319411
0.179333333333333,0.00594923781156299,0.382536301571101
0.1795,0.00582051187964771,0.38362969987659
0.179666666666667,0.00612634803494418,0.384216737262747
0.179833333333333,0.00654742964776076,0.374088640206064
0.18,0.00619120017272675,0.355610539821491
0.180166666666667,0.00536664055928433,0.352735760986402
0.180333333333333,0.00522917054176313,0.344514124707853
0.1805,0.00524813155331013,0.349361167992682
0.180666666666667,0.00585077726817062,0.352438299602649
0.180833333333333,0.00685821126040849,0.36657772445374
0.181,0.00667735825004043,0.377007058774963
0.181166666666667,0.00682997266804379,0.375414390294794
0.181333333333333,0.00692444422623973,0.368533737331328
0.1815,0.00699233643507138,0.346191849687506
0.181666666666667,0.00700062344535327,0.349042227825008
0.181833333333333,0.00692674319424991,0.351234948981426
0.182,0.00653658186602869,0.329906141601836
0.182166666666667,0.00681212088590384,0.330327763680035
0.182333333333333,0.00667444346925086,0.281082410761622
0.1825,0.00668944162145011,0.255954487378672
0.182666666666667,0.00695744894434709,0.258570314585737
0.182833333333333,0.00705833728072815,0.273130904804424
0.183,0.00735064602365285,0.288949563062037
0.183166666666667,0.0073633667089043,0.311622441148466
0.183333333333333,0.00756469358378228,0.303890470917116
0.1835,0.00886682916690528,0.302913018724401
0.183666666666667,0.0102061912396156,0.310643111057762
0.183833333333333,0.0111690583841269,0.292641779954968
0.184,0.0124041444486653,0.279963678580376
0.184166666666667,0.0135294431009281,0.278211841716569
0.184333333333333,0.0136327101622403,0.26734383017552
0.1845,0.0138659079126893,0.269218993777576
0.184666666666667,0.0144537655047269,0.282334638517889
0.184833333333333,0.0146373800215581,0.28604544675549
0.185,0.0142541894931498,0.286717540499905
0.185166666666667,0.0150041379479542,0.286728926332447
0.185333333333333,0.0151060282343491,0.281384701011314
0.1855,0.0160215436998538,0.284442534136386
0.185666666666667,0.016758237063482,0.262105763936115
0.185833333333333,0.0186832914351355,0.287782835738223
0.186,0.0194753705440777,0.283701343048544
0.186166666666667,0.0198640708969847,0.273104736368407
0.186333333333333,0.0205887376779061,0.282383752262225
0.1865,0.0211971565784329,0.284506347478476
0.186666666666667,0.0212714746810531,0.2882813647442
0.186833333333333,0.0214768738330527,0.287877407480639
0.187,0.0216556229749197,0.28090948623173
0.187166666666667,0.0215674356049732,0.287207727721343
0.187333333333333,0.0212952297521464,0.294741550694489
0.1875,0.0219145169598939,0.299880469098464
0.187666666666667,0.0222677862673063,0.299889204271183
0.187833333333333,0.0223895097494898,0.306425232810859
0.188,0.0232241400436341,0.283648985055212
0.188166666666667,0.0237579386627121,0.266594963344815
0.188333333333333,0.0240096031724152,0.245327124792763
0.1885,0.0240514423016709,0.233956333286828
0.188666666666667,0.0228092529731915,0.232871492509872
0.188833333333333,0.0216850900620984,0.22542891883221
0.189,0.0220655167768305,0.208535376525865
0.189166666666667,0.0241140502855288,0.217292000079935
0.189333333333333,0.0272036590817776,0.220432258682156
0.1895,0.0292125867900074,0.220916564495402
0.189666666666667,0.0298681753074521,0.224812486656438
0.189833333333333,0.0297047570406183,0.225953965080517
0.19,0.0293784415077936,0.225901988552108
0.190166666666667,0.029780195324794,0.249343448072243
0.190333333333333,0.0289686509607352,0.271223966954526
0.1905,0.0293450513382296,0.305994858928698
0.190666666666667,0.0284679088314464,0.344315867063144
0.190833333333333,0.0277557205174563,0.368450388734114
0.191,0.0253618023872403,0.345161207267602
0.191166666666667,0.0236143327421032,0.325394845833376
0.191333333333333,0.0234610837131731,0.315924393574173
0.1915,0.022649155297257,0.307994421591209
0.191666666666667,0.0219793102286234,0.313327700966493
0.191833333333333,0.0217721155092713,0.309237551480497
0.192,0.0215251727321927,0.304450552728583
0.192166666666667,0.021091394187803,0.303864973220266
0.192333333333333,0.02099069886696,0.301129091462707
0.1925,0.021192376395935,0.301378374244141
0.192666666666667,0.020892248735189,0.328303463853397
0.192833333333333,0.0207520676278062,0.367181375019041
0.193,0.0206669931442105,0.373461387457353
0.193166666666667,0.0206185311984904,0.378561076402128
0.193333333333333,0.020582886510235,0.387852610460172
0.1935,0.0202754943514112,0.401568676242103
0.193666666666667,0.0201417652357977,0.440266773535486
0.193833333333333,0.021387327048188,0.458283928906609
0.194,0.0212740950255242,0.445429710631316
0.194166666666667,0.0204483612512475,0.450346876732515
0.194333333333333,0.0171019705815679,0.444765114746282
0.1945,0.0133002316600704,0.443979609533172
0.194666666666667,0.0113543844974041,0.461589357703748
0.194833333333333,0.0104741553092334,0.477271653666554
0.195,0.0104222922346598,0.462508371159314
0.195166666666667,0.0120232747851701,0.463027703986117
0.195333333333333,0.0116274234551359,0.467431261903728
0.1955,0.0130042778499908,0.461570983494978
0.195666666666667,0.0127409907989027,0.444182223495603
0.195833333333333,0.0155546252686075,0.430771492555616
0.196,0.0182421068199052,0.413190075122307
0.196166666666667,0.0198877609889617,0.403192999252724
0.196333333333333,0.0210873556344861,0.406327224594074
0.1965,0.021304135921817,0.41284425244844
0.196666666666667,0.0212955030394389,0.438954991964436
0.196833333333333,0.021567422457793,0.45580429291505
0.197,0.0215819315850634,0.458363631320036
0.197166666666667,0.0224059574797004,0.472719451066346
0.197333333333333,0.0225143194459657,0.503659664883652
0.1975,0.022848516193318,0.51659330271081
0.197666666666667,0.0227474503870469,0.519639271231404
0.197833333333333,0.0224099890616588,0.491483212857355
0.198,0.0235813901391378,0.450563479661665
0.198166666666667,0.0261206590370413,0.435544151509114
0.198333333333333,0.0256449052105532,0.432603477983595
0.1985,0.0254040178023564,0.42586326933037
0.198666666666667,0.026821762307511,0.404239412222061
0.198833333333333,0.0272574789858993,0.360413705477669
0.199,0.0260644636800597,0.344277920321567
0.199166666666667,0.0263460004538567,0.357372285224407
0.199333333333333,0.0259425097729815,0.370995070869656
0.1995,0.0258887078600457,0.374509673441791
0.199666666666667,0.0253312531285006,0.421476673632766
0.199833333333333,0.0258805532624066,0.448870533072531
0.2,0.0263648759844915,0.444828233406784
0.200166666666667,0.0262409481869162,0.447751057456237
0.200333333333333,0.0265223284240069,0.452601039468116
0.2005,0.0278030950614658,0.440553430704871
0.200666666666667,0.0264819486037002,0.435941466017043
0.200833333333333,0.0263806589607387,0.422524205629065
0.201,0.023774073345401,0.394549873627372
0.201166666666667,0.0213460475098408,0.394586240725988
0.201333333333333,0.0204755940631507,0.416095971346414
0.2015,0.0193186267962947,0.440637253446744
0.201666666666667,0.0192439606123946,0.451383064449245
0.201833333333333,0.0198641477136415,0.437624912894271
0.202,0.0209419320174391,0.423446489707517
0.202166666666667,0.0212186854700329,0.422529131106226
0.202333333333333,0.0224169039716025,0.418291448212924
0.2025,0.0223687643497598,0.40197558444747
0.202666666666667,0.0220553365980967,0.395522783680538
0.202833333333333,0.0220477987960234,0.386308954898441
0.203,0.022286162765036,0.381756432936602
0.203166666666667,0.0213380089951698,0.38151350074779
0.203333333333333,0.020083253012398,0.393428427432594
0.2035,0.0218065565855286,0.397035093912151
0.203666666666667,0.0228585510896225,0.40812416058143
0.203833333333333,0.0220127866567587,0.426176264809679
0.204,0.0212929631604802,0.424849681349742
0.204166666666667,0.0213067424270362,0.434415325001112
0.204333333333333,0.0218858187777442,0.446146817137102
0.2045,0.0225989046482117,0.483924461822408
0.204666666666667,0.0230817457006709,0.537574249345737
0.204833333333333,0.0231930711817194,0.50293063134026
0.205,0.0223946328166408,0.459096003910505
0.205166666666667,0.0218603894939896,0.455346896926609
0.205333333333333,0.0219004578892217,0.461323646277878
0.2055,0.0206216346539074,0.462474374854491
0.205666666666667,0.0211410388676708,0.486879744494413
0.205833333333333,0.0217350966422908,0.511720044445145
0.206,0.0217354368671892,0.5183955135764
0.206166666666667,0.0228468155568395,0.531162746717149
0.206333333333333,0.0235193198758875,0.531102709384499
0.2065,0.0238443486529838,0.508865050391135
0.206666666666667,0.0242627966840503,0.495953671449183
0.206833333333333,0.0240046444549501,0.510411933005
0.207,0.0242077109363232,0.52829541746615
0.207166666666667,0.0238859970920735,0.572550922476497
0.207333333333333,0.0241633988159413,0.615003505928919
0.2075,0.0225384363378547,0.612965733551635
0.207666666666667,0.0227915324289375,0.595540089046474
0.207833333333333,0.023759515573202,0.587911365268844
0.208,0.023737470549678,0.589971618667675
0.208166666666667,0.0239531746099724,0.606883791710404
0.208333333333333,0.0244409206607099,0.641515819556326
0.2085,0.0235474738418777,0.658890779229633
0.208666666666667,0.0274943780096494,0.694212366992508
0.208833333333333,0.0297901557476794,0.711049852552453
0.209,0.032969575755493,0.735455817847056
0.209166666666667,0.0350562915008241,0.743607130285862
0.209333333333333,0.0351773424636929,0.73772340050516
0.2095,0.0347320160375506,0.721791683745106
0.209666666666667,0.0360040973649676,0.668172562089922
0.209833333333333,0.0356364374613842,0.611832904275437
0.21,0.0359294908979756,0.628596607533615
0.210166666666667,0.0365451930984221,0.651914292409972
0.210333333333333,0.0384144779348574,0.643531440921871
0.2105,0.0386856596963021,0.645629672385341
0.210666666666667,0.0383121027327335,0.649111059065502
0.210833333333333,0.0380968732203792,0.616584058807862
0.211,0.0386090371203734,0.583141017715518
0.211166666666667,0.0384522064125414,0.576020701483954
0.211333333333333,0.0379050858648331,0.561526943189453
0.2115,0.0369893867452287,0.556849634842424
0.211666666666667,0.0369012075836059,0.560921306124829
0.211833333333333,0.0379359133704775,0.551460918175377
0.212,0.0396881374256276,0.533784046290995
0.212166666666667,0.0394224026898916,0.517685605280764
0.212333333333333,0.0384451975023271,0.470027765678532
0.2125,0.0381410575078013,0.437806000814191
0.212666666666667,0.0383341038570648,0.430724639174704
0.212833333333333,0.039954661391056,0.475130401924923
0.213,0.0418839742927142,0.494456513159307
0.213166666666667,0.04365773118713,0.502906299340677
0.213333333333333,0.0435027159760704,0.521825806509299
0.2135,0.04251033898041,0.498026915372612
0.213666666666667,0.0426472466219306,0.47440217845027
0.213833333333333,0.0375065721665177,0.438684741099733
0.214,0.0353652245445039,0.443814142440795
0.214166666666667,0.0324180453198279,0.412714056420781
0.214333333333333,0.0309400881102512,0.413177107121867
0.2145,0.0318044439182122,0.432364650360767
0.214666666666667,0.0331759059811644,0.444816226426894
0.214833333333333,0.0334343996662329,0.460367805789516
0.215,0.0368027557769086,0.479200471942613
0.215166666666667,0.0401796049045846,0.463233112452374
0.215333333333333,0.0426199683509999,0.487067712161909
0.2155,0.0411410963998443,0.509531915273924
0.215666666666667,0.0405850338878914,0.500560555724142
0.215833333333333,0.0404517224199676,0.495014044045951
0.216,0.0390655772162831,0.499865041942648
0.216166666666667,0.0378580522222051,0.516747932667645
0.216333333333333,0.0398699611286563,0.524911761492265
0.2165,0.0431301564292658,0.530699507197596
0.216666666666667,0.0440865057722665,0.542266928231415
0.216833333333333,0.0431954046670377,0.554548028601024
0.217,0.0418769234563608,0.573192351342467
0.217166666666667,0.041120106315099,0.567008980651874
0.217333333333333,0.040769646068408,0.562874273526559
0.2175,0.0410309417388409,0.580531957907787
0.217666666666667,0.0414365089945727,0.569910795823772
0.217833333333333,0.0419686185098749,0.568063657981437
0.218,0.0413429355434124,0.528429624907125
0.218166666666667,0.0396571136881667,0.513750913613902
0.218333333333333,0.0391290410439382,0.503826219314911
0.2185,0.0420959243434305,0.469350289939083
0.218666666666667,0.0454672697162404,0.460685387348496
0.218833333333333,0.0462209612272335,0.458080416117055
0.219,0.0468381609553101,0.473143576056793
0.219166666666667,0.0477616258225041,0.441173344606679
0.219333333333333,0.0470817065613305,0.429727413419454
0.2195,0.0473545894552446,0.420096437577882
0.219666666666667,0.046317693359665,0.39385603291527
0.219833333333333,0.0446636974153154,0.372485758465782
0.22,0.0426044845304299,0.371033673393867
0.220166666666667,0.0392794934536049,0.363235756707659
0.220333333333333,0.0358651894856728,0.369184454590791
0.2205,0.0339650061199489,0.33016343250688
0.220666666666667,0.0352556346760686,0.320477093175081
0.220833333333333,0.0357376758893997,0.401132935237669
0.221,0.0356126913225148,0.421617892881669
0.221166666666667,0.0358567123030176,0.411274222511409
0.221333333333333,0.0362454659192529,0.408518855121957
0.2215,0.0344664276179466,0.404990468099452
0.221666666666667,0.030935094164423,0.412853747255982
0.221833333333333,0.0313928498030284,0.411111275839682
0.222,0.031780213130349,0.395880772920348
0.222166666666667,0.0315938060893533,0.374025601318014
0.222333333333333,0.0306550006177946,0.378947099988801
0.2225,0.0309857457783231,0.381092315774455
0.222666666666667,0.0311943081788124,0.359424398566071
0.222833333333333,0.0331618353448979,0.365299613438324
0.223,0.0353243374364078,0.366124979208712
0.223166666666667,0.0340027846769163,0.362998217201371
0.223333333333333,0.034728539318611,0.363060315166559
0.2235,0.0354757252016844,0.369228121460236
0.223666666666667,0.0324733862824792,0.370336048138636
0.223833333333333,0.0297165276346302,0.377639141434666
0.224,0.0297855148853361,0.378836650980883
0.224166666666667,0.0300251856329721,0.379350785426181
0.224333333333333,0.0276284125752712,0.398123931496044
0.2245,0.0275983742684617,0.403014566124769
0.224666666666667,0.0279307645414408,0.402284436807948
0.224833333333333,0.0307251040939595,0.403225176940067
0.225,0.0331121093939783,0.401424657958466
0.225166666666667,0.033695445117217,0.38870434933372
0.225333333333333,0.0338262218275378,0.400200975467071
0.2255,0.0333731006964077,0.394174523224659
0.225666666666667,0.0327920772420602,0.389798098539457
0.225833333333333,0.0322994580893694,0.372943767505278
0.226,0.031951598010694,0.303340344674435
0.226166666666667,0.0320430223516713,0.285746197181167
0.226333333333333,0.0317600065191783,0.299912597902169
0.2265,0.0319737196694509,0.297730022903354
0.226666666666667,0.0319631610675227,0.293730900229794
0.226833333333333,0.0329265490512122,0.280733365527392
0.227,0.0319173281394981,0.269476907910869
0.227166666666667,0.0316625976495664,0.271248569034898
0.227333333333333,0.0327498466462068,0.272731652750771
0.2275,0.0336348251233577,0.262086197955019
0.227666666666667,0.0331540888097815,0.27144269274023
0.227833333333333,0.0330576610319443,0.361087044823438
0.228,0.0310165335890378,0.41502944006995
0.228166666666667,0.0281490266433694,0.430985119099588
0.228333333333333,0.0286824363135737,0.432777225935098
0.2285,0.0285647848804241,0.435531691241381
0.228666666666667,0.0276440140188411,0.436683595274486
0.228833333333333,0.0276288163389522,0.465635511318981
0.229,0.0270817412621431,0.527428322541348
0.229166666666667,0.0254243129287546,0.548119553387015
0.229333333333333,0.0241698803925528,0.535716148816287
0.2295,0.0246543019508423,0.516739185050946
0.229666666666667,0.0252862885919065,0.515948061872847
0.229833333333333,0.0242447940617434,0.528761583728329
0.23,0.0214611838274898,0.562383577043426
0.230166666666667,0.0195550009718407,0.584219092797634
0.230333333333333,0.021431644327148,0.598835816260782
0.2305,0.0221392239551584,0.606590468254874
0.230666666666667,0.0224024829335942,0.598469695312205
0.230833333333333,0.0220288518526878,0.593841483086661
0.231,0.0213257016776972,0.592661680065884
0.231166666666667,0.0218159594778579,0.582989184663297
0.231333333333333,0.0218735519713162,0.591839334211475
0.2315,0.0242647736583913,0.578356318769447
0.231666666666667,0.0283661607828139,0.568336814510671
0.231833333333333,0.0303684574161627,0.576114540032897
0.232,0.0303758909406146,0.592614313187352
0.232166666666667,0.0312493610308523,0.595606527476154
0.232333333333333,0.0313787656823078,0.618270342679838
0.2325,0.032255649874985,0.628555402714306
0.232666666666667,0.0314800840520712,0.635272928020151
0.232833333333333,0.0317298417675125,0.621345816838089
0.233,0.0320198996476998,0.535255967766685
0.233166666666667,0.0322484157624873,0.488433269170683
0.233333333333333,0.0319565026805124,0.49191050404492
0.2335,0.0314492881587139,0.491774310620335
0.233666666666667,0.0299897862748485,0.485504297756276
0.233833333333333,0.0290476483692774,0.479753932194795
0.234,0.029351507653195,0.449001437406124
0.234166666666667,0.0295876867316465,0.383636329798721
0.234333333333333,0.0315814508627901,0.358180870157537
0.2345,0.0329626404314157,0.349582394553752
0.234666666666667,0.0329179070833598,0.348266038713267
0.234833333333333,0.0321487548910609,0.3497522863661
0.235,0.0320662385341423,0.338855394191504
0.235166666666667,0.0323545838913079,0.310194581159479
0.235333333333333,0.0317029334349746,0.319526904634248
0.2355,0.0292166175785987,0.342660016418184
0.235666666666667,0.0283469156632923,0.340188309589461
0.235833333333333,0.0287423633955079,0.364790932074656
0.236,0.0302098142183874,0.38303118148334
0.236166666666667,0.0300873345808576,0.385283008884874
0.236333333333333,0.02980906855804,0.380702052267584
0.2365,0.0308820329421015,0.361101921694725
0.236666666666667,0.028777693301654,0.36115252744577
0.236833333333333,0.0242175222935481,0.384200412595777
0.237,0.0226772279977444,0.381668270775512
0.237166666666667,0.021597787328159,0.364284025746004
0.237333333333333,0.0213229265578684,0.384044477530217
0.2375,0.0208617144148852,0.380528008378799
0.237666666666667,0.0200703624263117,0.372798641846229
0.237833333333333,0.0202785418728904,0.388574095473226
0.238,0.0201380571517423,0.387951119992544
0.238166666666667,0.0195304971506121,0.391017888512596
0.238333333333333,0.0188792999440764,0.404944587299058
0.2385,0.018958581152215,0.38744224555332
0.238666666666667,0.0196093870626609,0.386399406287966
0.238833333333333,0.0197820060218241,0.385928989663305
0.239,0.0195510554266265,0.38190846034759
0.239166666666667,0.0190588901952394,0.386841262425388
0.239333333333333,0.0198746569723419,0.38049749704591
0.2395,0.0186320253943316,0.387899715067235
0.239666666666667,0.0172194165175562,0.405191638769757
0.239833333333333,0.0174165705586749,0.405427911759034
0.24,0.0176310687196113,0.403897335807511
0.240166666666667,0.0173917095341051,0.410809171505062
0.240333333333333,0.0171535265466875,0.407207885215162
0.2405,0.0185738609677812,0.398237025915852
0.240666666666667,0.0186337660370914,0.382982620550443
0.240833333333333,0.0186089987749888,0.35738196092336
0.241,0.0182563080416836,0.324367259284417
0.241166666666667,0.0173829369014951,0.311000338984722
0.241333333333333,0.0170497666942817,0.306580755729203
0.2415,0.0172320999057916,0.308229494521735
0.241666666666667,0.0162651391648995,0.316570699477922
0.241833333333333,0.0162360512016827,0.322142959611405
0.242,0.0162984021125696,0.303326133137074
0.242166666666667,0.0158751812091252,0.298051630233725
0.242333333333333,0.0161242254089696,0.308274575589235
0.2425,0.0163010664558807,0.286789545797001
0.242666666666667,0.0168356709212483,0.265840437077998
0.242833333333333,0.0159987285564151,0.267035922935134
0.243,0.0157522146917571,0.251991110085925
0.243166666666667,0.0157285019379754,0.242497032065693
0.243333333333333,0.0157585075970669,0.252434852467795
0.2435,0.0157047772422226,0.246131849008868
0.243666666666667,0.0161714314040281,0.24962067111429
0.243833333333333,0.0157685083306975,0.246648843346735
0.244,0.0153314936478973,0.253758651222049
0.244166666666667,0.0158932610097199,0.297863628119857
0.244333333333333,0.0158843783461176,0.320340253717681
0.2445,0.0153074866416493,0.324555118084892
0.244666666666667,0.015576261805495,0.320178178385265
0.244833333333333,0.0152971965634094,0.309086655226767
0.245,0.0154201559839226,0.307962801903063
0.245166666666667,0.0153563340042941,0.303480512328002
0.245333333333333,0.0153100326618654,0.306415735139905
0.2455,0.0150194948562174,0.314700800975817
0.245666666666667,0.0135510136625809,0.294421020175
0.245833333333333,0.0134483140946984,0.272320909419854
0.246,0.0146742940855379,0.2738235926883
0.246166666666667,0.0153276975970635,0.276697816329802
0.246333333333333,0.0143981492318793,0.288577293088475
0.2465,0.0146793019301535,0.302808161513113
0.246666666666667,0.0154688847763806,0.310558568793259
0.246833333333333,0.0154095287736252,0.308902889073989
0.247,0.0152403186550037,0.305200971602799
0.247166666666667,0.0153437189457491,0.308544518345607
0.247333333333333,0.0155326597988414,0.313130195674268
0.2475,0.016113705300165,0.305852730544059
0.247666666666667,0.0153406186376333,0.307045097534347
0.247833333333333,0.0152854253608666,0.306095622717493
0.248,0.0167228561778885,0.308206909622999
0.248166666666667,0.0179211276905236,0.320114010693843
0.248333333333333,0.0181026035305986,0.331156491349492
0.2485,0.0182313417908083,0.318820527019189
0.248666666666667,0.0183171747431311,0.333114499305922
0.248833333333333,0.0178562450823346,0.342071218631606
0.249,0.0182545900540978,0.360145113811461
0.249166666666667,0.0187421221401448,0.370569377854312
0.249333333333333,0.0184409946613808,0.340644062062273
0.2495,0.0183182029661031,0.32500898755953
0.249666666666667,0.0190939487432992,0.321830740982269
0.249833333333333,0.019080491230912,0.335003284525171
0.25,0.0188620678190193,0.376337024212494
0.250166666666667,0.0188144896503018,0.424942072286198
0.250333333333333,0.0189368068244995,0.427015181639774
0.2505,0.0191068153515913,0.43078680149874
0.250666666666667,0.0191718488704317,0.448770737376569
0.250833333333333,0.019564266794427,0.473313710833517
0.251,0.0196859332871999,0.477589182588613
0.251166666666667,0.0184550635114661,0.472660241051326
0.251333333333333,0.0176730725015383,0.485856564782924
0.2515,0.0180900518344005,0.496161904249163
0.251666666666667,0.0180014225453559,0.495068883299851
0.251833333333333,0.016816315567887,0.483806308477578
0.252,0.0164120267003948,0.48054906282615
0.252166666666667,0.0161449201053876,0.477784790086802
0.252333333333333,0.0158460426821175,0.470200752537159
0.2525,0.0154843323446859,0.476129748430587
0.252666666666667,0.0142588290488699,0.478983729011516
0.252833333333333,0.0139390199858699,0.47686916908774
0.253,0.0134248616334172,0.48628977689199
0.253166666666667,0.0118328063879476,0.530588125880062
0.253333333333333,0.0104817330537345,0.536784069482187
0.2535,0.0100581787716946,0.536098836541306
0.253666666666667,0.00974299806806097,0.557000422475921
0.253833333333333,0.00964253800465386,0.537447764237586
0.254,0.00950453688495551,0.538604177822258
0.254166666666667,0.00867887097075455,0.544810146923854
0.254333333333333,0.00805220291962131,0.524188696147291
0.2545,0.00786131180138497,0.536917687127411
0.254666666666667,0.00851881751690585,0.542999129514155
0.254833333333333,0.00766099819869413,0.545272705476531
0.255,0.00698282609609288,0.543629846737456
0.255166666666667,0.0073181533679422,0.522608380776658
0.255333333333333,0.00712711047593135,0.505587642290876
0.2555,0.00711478065033435,0.543466334069653
0.255666666666667,0.00690321436532929,0.54103169416115
0.255833333333333,0.00686444721727015,0.514983838095053
0.256,0.00655925112729145,0.503871791233603
0.256166666666667,0.00620202625417881,0.508147156285161
0.256333333333333,0.00647846426527551,0.507285364371112
0.2565,0.00633854659694051,0.495204795178762
0.256666666666667,0.00605652480427427,0.490361781436605
0.256833333333333,0.00577748713909536,0.529707459840042
0.257,0.00566345981752371,0.603536733816335
0.257166666666667,0.00579636875730135,0.638087090330723
0.257333333333333,0.00634332028110363,0.63732931117757
0.2575,0.006550318300332,0.642501115874762
0.257666666666667,0.00645320686414334,0.665830337299639
0.257833333333333,0.00634988304384654,0.68914369084953
0.258,0.00644632343551426,0.694513822210535
0.258166666666667,0.00672773390063329,0.717138528847697
0.258333333333333,0.00660997833348386,0.671719567459209
0.2585,0.0066422722431075,0.64421691196329
0.258666666666667,0.00661082660463988,0.632739521503832
0.258833333333333,0.00683456001011853,0.607987235267545
0.259,0.00695583200664104,0.593152993285406
0.259166666666667,0.00699979032999862,0.592880864100682
0.259333333333333,0.00700088631352028,0.599643592065699
0.2595,0.00709912054691165,0.604467277956403
0.259666666666667,0.00723602372659176,0.580265072828898
0.259833333333333,0.00671990738804656,0.566241070663868
0.26,0.00643925934337025,0.563342584942133
0.260166666666667,0.00641471071120684,0.548815775229188
0.260333333333333,0.00626653979900794,0.522699394028652
0.2605,0.00545370725302082,0.501350636332327
0.260666666666667,0.00521775096312926,0.480996825476773
0.260833333333333,0.00523072981100394,0.472156762843945
0.261,0.0052062737877257,0.472431901085828
0.261166666666667,0.00511992697355749,0.457952612461917
0.261333333333333,0.00511907511300947,0.447666187740217
0.2615,0.00477758112899687,0.472609627842443
0.261666666666667,0.00475220885004384,0.501085448507059
0.261833333333333,0.00469885446141158,0.498725158123753
0.262,0.00485211041912319,0.45431030456572
0.262166666666667,0.00512419065812991,0.394661508007141
0.262333333333333,0.00515759309490405,0.368623973890937
0.2625,0.00485619387752325,0.37656418714299
0.262666666666667,0.00479253501317816,0.411495891659367
0.262833333333333,0.00481346665048439,0.382094355152523
0.263,0.0048549196373586,0.377976343668817
0.263166666666667,0.00460564017996105,0.447709870078337
0.263333333333333,0.00432672012349602,0.472128319680951
0.2635,0.0041380917332168,0.487561258181389
0.263666666666667,0.00394477704027893,0.492700136714042
0.263833333333333,0.00392951075369119,0.514576621047456
0.264,0.00379987510803902,0.532556527328419
0.264166666666667,0.00361065860471535,0.55038408747382
0.264333333333333,0.00366557643449138,0.555710114195605
0.2645,0.00391371768750835,0.524615096565029
0.264666666666667,0.00386349147756309,0.523716760715369
0.264833333333333,0.00363844225436807,0.544031867780419
0.265,0.00357342788569298,0.561502966956856
0.265166666666667,0.00345653160040671,0.609771073560319
0.265333333333333,0.00334179716802904,0.665876660764063
0.2655,0.00312459403912526,0.698600730427421
0.265666666666667,0.00313513393785203,0.692583783491089
0.265833333333333,0.00308458906362368,0.681942665425773
0.266,0.00307546671833461,0.724280393592475
0.266166666666667,0.00307790055099151,0.800665213646335
0.266333333333333,0.00308555044000492,0.825952193311423
0.2665,0.00303576749961619,0.839992908013977
0.266666666666667,0.00299414207455368,0.817482578075422
0.266833333333333,0.0029722518551229,0.797814971008002
0.267,0.00299893466342367,0.78036869465187
0.267166666666667,0.00285679781128895,0.773278821551427
0.267333333333333,0.00257201303663875,0.760170158614719
0.2675,0.00235892742671496,0.747370044215952
0.267666666666667,0.00208728277133216,0.742373960498064
0.267833333333333,0.00189607900597119,0.706822328759172
0.268,0.00190061268057908,0.700871904429139
0.268166666666667,0.0018654782002365,0.690667458073633
0.268333333333333,0.00196301228989392,0.696477403869406
0.2685,0.00195858947290107,0.669732546653582
0.268666666666667,0.001900038632088,0.64528335548732
0.268833333333333,0.00196123962028104,0.640845070224792
0.269,0.00208852062941723,0.622459434633537
0.269166666666667,0.00201634649386003,0.609874904884242
0.269333333333333,0.00198158253053014,0.603953142278689
0.2695,0.0019473822110333,0.600858931185878
0.269666666666667,0.00185434744378566,0.605639347626421
0.269833333333333,0.00179325794481156,0.604672396982968
0.27,0.0018173437694997,0.582487939737256
0.270166666666667,0.00176652130651719,0.568840783474355
0.270333333333333,0.00169558890364266,0.524829375346486
0.2705,0.0014994277875343,0.470637124370599
0.270666666666667,0.00149172124504589,0.452856336157712
0.270833333333333,0.00147455560533246,0.453051947482398
0.271,0.0015150102393341,0.443822072475955
0.271166666666667,0.00153421372595148,0.407493415827952
0.271333333333333,0.00161064378005203,0.345156845273962
0.2715,0.00167565468085535,0.323913913914485
0.271666666666667,0.00187192998955503,0.309581106548326
0.271833333333333,0.00200956286239161,0.326368565071315
0.272,0.00201680995729255,0.352292017068233
0.272166666666667,0.00191384641103705,0.389872937162147
0.272333333333333,0.00183621666100559,0.405235466250552
0.2725,0.00188816523546489,0.416399580011925
0.272666666666667,0.00189529950673567,0.436501603636309
0.272833333333333,0.00191391519949918,0.438109089082316
0.273,0.00197445457402997,0.437203423519242
0.273166666666667,0.00196394298475863,0.446337700823045
0.273333333333333,0.00195641336908436,0.465387076277559
0.2735,0.00189656595651868,0.398701240370208
0.273666666666667,0.00187601867708005,0.37073674854848
0.273833333333333,0.00189500049647997,0.406682456234896
0.274,0.00193294685205488,0.49400495749859
0.274166666666667,0.00191484388373151,0.541789101219624
0.274333333333333,0.00203153759469235,0.537409360158179
0.2745,0.00217342082269089,0.526260492618053
0.274666666666667,0.00211131937252991,0.534546614371743
0.274833333333333,0.00198846808207015,0.585674870468779
0.275,0.00204083368183283,0.642431088055907
0.275166666666667,0.00198952766140506,0.694588808646977
0.275333333333333,0.00196619169339868,0.709331660088813
0.2755,0.00193859724250196,0.768459794546956
0.275666666666667,0.00195024754874998,0.810415692147843
0.275833333333333,0.00194090746461993,0.807124593634698
0.276,0.00194103835621619,0.805841890405329
0.276166666666667,0.00189452111130023,0.813578868986104
0.276333333333333,0.0018812635753599,0.809478944039319
0.2765,0.0018267892109869,0.794871109888571
0.276666666666667,0.00173490041943876,0.789960771246437
0.276833333333333,0.00157421101769673,0.787712254147301
0.277,0.00149647343331891,0.76831402861853
0.277166666666667,0.00146068437073269,0.73085411080921
0.277333333333333,0.00141492896564642,0.693051331043709
0.2775,0.00142858745554826,0.697880228253891
0.277666666666667,0.00137379299102925,0.69682228394456
0.277833333333333,0.00138157328532176,0.680800641220836
0.278,0.00154326748615418,0.673871320325206
0.278166666666667,0.00170442519338351,0.666038288173006
0.278333333333333,0.00177255522022836,0.654117387559359
0.2785,0.00178691865334551,0.622081595811467
0.278666666666667,0.00177291381021913,0.607816234483985
0.278833333333333,0.00182295619739508,0.611323301388488
0.279,0.00180132057822847,0.594885943228569
0.279166666666667,0.0017928489092076,0.506529484806009
0.279333333333333,0.00176979367817133,0.467598400975778
0.2795,0.00171282046805158,0.466976539052682
0.279666666666667,0.00161763515656702,0.474574609217533
0.279833333333333,0.00153368459907154,0.46445876242927
0.28,0.00144994200527159,0.431914498339121
0.280166666666667,0.0014480421496667,0.378451226084596
0.280333333333333,0.0015873583931592,0.331530431465822
0.2805,0.00164229662012814,0.319953947980729
0.280666666666667,0.00165090665326367,0.261650574480826
0.280833333333333,0.00169140830936915,0.238502805302435
0.281,0.00177661389814296,0.226798096650335
0.281166666666667,0.00180280728489648,0.221716326976275
0.281333333333333,0.00181264280437847,0.243056978929379
0.2815,0.00191165570545096,0.267849028198578
0.281666666666667,0.00196134046939796,0.270152154162475
0.281833333333333,0.0020207106082879,0.267276453566258
0.282,0.00195313803105698,0.270717266078625
0.282166666666667,0.00195116484849984,0.279445567969357
0.282333333333333,0.00199544887197207,0.296793971479199
0.2825,0.00202474807117893,0.305414321164088
0.282666666666667,0.00199780034260533,0.285070157510638
0.282833333333333,0.00203434990901659,0.296962128653662
0.283,0.00202398101393573,0.351499370811801
0.283166666666667,0.00183221609629062,0.361825542666784
0.283333333333333,0.00162264518915426,0.402209719883248
0.2835,0.00161915268430547,0.441252568362879
0.283666666666667,0.0016289746855967,0.455411147134572
0.283833333333333,0.00163306100179383,0.455289851315946
0.284,0.00157340080478129,0.47293899000665
0.284166666666667,0.00158246557023404,0.488957591605028
0.284333333333333,0.00148540333614096,0.509383997606931
0.2845,0.00143763563645387,0.505474932385381
0.284666666666667,0.00156233990257433,0.502459423602773
0.284833333333333,0.00157835516456647,0.490843475910127
0.285,0.00160220299377147,0.477259800369159
0.285166666666667,0.00165706562739566,0.458110038102307
0.285333333333333,0.00180418288240622,0.459128894357016
0.2855,0.0021852225107686,0.474552467563065
0.285666666666667,0.00236072212252156,0.478336641393533
0.285833333333333,0.00239005020052269,0.473989144466211
0.286,0.00249952094302251,0.452848802144717
0.286166666666667,0.00247329631334829,0.47227913797452
0.286333333333333,0.00250254460222003,0.492430393639211
0.2865,0.00252073942155007,0.473964382073304
0.286666666666667,0.00245401999694331,0.445847241777093
0.286833333333333,0.0025904358062535,0.446789622840296
0.287,0.00264279863234228,0.452357293791484
0.287166666666667,0.00284979184003,0.462549191540362
0.287333333333333,0.00329856264667572,0.453048175364476
0.2875,0.00344463786471847,0.440178010997203
0.287666666666667,0.00345595726798145,0.433618149956886
0.287833333333333,0.00353323172472298,0.434028760887448
0.288,0.00382835489765402,0.452547275037271
0.288166666666667,0.00386510676463435,0.436644462184607
0.288333333333333,0.00427878685626569,0.443581729531039
0.2885,0.00475698814671398,0.422051575692105
0.288666666666667,0.00479806445477302,0.397585322093244
0.288833333333333,0.00480544959864549,0.392200945294001
0.289,0.00479174007699106,0.41074993399722
0.289166666666667,0.0048732784387454,0.404774501194153
0.289333333333333,0.00487321536839033,0.385829210547506
0.2895,0.00494492263455601,0.373237074915091
0.289666666666667,0.00490639497481676,0.39460684844466
0.289833333333333,0.00476522138059896,0.436293882395399
0.29,0.00491273369943023,0.464523417958521
0.290166666666667,0.0051289966580355,0.484314550898165
0.290333333333333,0.0050882444098152,0.493493747275017
0.2905,0.00489987337219176,0.496615251365549
0.290666666666667,0.00449509120402449,0.49346597174152
0.290833333333333,0.00446784478030413,0.483415754711756
0.291,0.00441125400223145,0.488658534213453
0.291166666666667,0.00434364024296029,0.513113560933266
0.291333333333333,0.00436723674835546,0.498282314255432
0.2915,0.0043336076335472,0.478423431594379
0.291666666666667,0.00441406349366942,0.48334607260496
0.291833333333333,0.00437978173166138,0.512162340796852
0.292,0.00434550644083785,0.552091994080045
0.292166666666667,0.00436636838998677,0.605348668158628
0.292333333333333,0.00439582138498594,0.608780076528517
0.2925,0.00401993992635837,0.608864195429046
0.292666666666667,0.003954665611279,0.608500948411505
0.292833333333333,0.00462624907405332,0.610753139351555
0.293,0.00587806120366562,0.611429691959313
0.293166666666667,0.00624497968767758,0.578351268409287
0.293333333333333,0.00625316914264931,0.556942829025856
0.2935,0.00585266869090792,0.540884950321957
0.293666666666667,0.00542000093132304,0.524122049352473
0.293833333333333,0.00541022762157482,0.514129098063503
0.294,0.00575648955138032,0.50352998149709
0.294166666666667,0.0062398548922539,0.504776760653416
0.294333333333333,0.00649882901448559,0.532099918347119
0.2945,0.00666178634956401,0.534424951060761
0.294666666666667,0.00665625780932247,0.53026936675291
0.294833333333333,0.00679995454791043,0.503460706084962
0.295,0.00700326411521118,0.462876840988129
0.295166666666667,0.00702277906926578,0.439031992117499
0.295333333333333,0.00706153348286247,0.424902034482536
0.2955,0.0074046784971241,0.443548618583684
0.295666666666667,0.00794913886968997,0.486110227227096
0.295833333333333,0.00810809615964783,0.494051529485389
0.296,0.0078980918782073,0.520069108504642
0.296166666666667,0.00803399281076873,0.536884426976706
0.296333333333333,0.0082932550321805,0.516186132337528
0.2965,0.00861277151976748,0.518668638004316
0.296666666666667,0.00907311696971316,0.541729614170828
0.296833333333333,0.00900075905690428,0.526589426095165
0.297,0.00941618373281862,0.49660768886039
0.297166666666667,0.00964881402460306,0.459849598464004
0.297333333333333,0.00970497736783767,0.412823215729277
0.2975,0.00994215120988286,0.417984428165047
0.297666666666667,0.0101904128320247,0.417776926315801
0.297833333333333,0.0102844996444792,0.433017526573185
0.298,0.00961929503796443,0.458430583218623
0.298166666666667,0.0085605367895467,0.495364981128042
0.298333333333333,0.00798988237760878,0.505517200013521
0.2985,0.00795492444457286,0.497179369225945
0.298666666666667,0.00800819138503652,0.505514351243125
0.298833333333333,0.00825240224868875,0.509407229909682
0.299,0.00864069675054844,0.508627786158496
0.299166666666667,0.00830166083654938,0.533441818666941
0.299333333333333,0.00844244982770714,0.517126959615115
0.2995,0.0084456473593512,0.529170239058936
0.299666666666667,0.00838803772993136,0.567801447229454
0.299833333333333,0.00846926668612442,0.568512227580899
0.3,0.00860009724696261,0.572881372253959
0.300166666666667,0.00873326354870344,0.576585112684872
0.300333333333333,0.00865915970100106,0.573033336972165
0.3005,0.00840090219584029,0.576368942402483
0.300666666666667,0.00814020060010622,0.54439260154518
0.300833333333333,0.00764251426991691,0.500516203238572
0.301,0.00742937753745908,0.477046243691578
0.301166666666667,0.00754019859024797,0.486669205413926
0.301333333333333,0.00754364524938432,0.491252169692176
0.3015,0.00724135251567629,0.506944719512358
0.301666666666667,0.00699373066710721,0.540098894713703
0.301833333333333,0.00698590847177362,0.548148460081361
0.302,0.00749235268766697,0.564551576553329
0.302166666666667,0.00749013575285938,0.570072752118801
0.302333333333333,0.00746802517337625,0.569685108067191
0.3025,0.00771355774385354,0.56275235056622
0.302666666666667,0.00767437698456851,0.544378042462691
0.302833333333333,0.00759132291245293,0.555269923266521
0.303,0.00777986813732567,0.546595148147188
0.303166666666667,0.00787035471967855,0.535003078312346
0.303333333333333,0.00764459353862484,0.517340010417334
0.3035,0.00750047540489805,0.49983480451719
0.303666666666667,0.00753366129746181,0.50622444472594
0.303833333333333,0.00772300186448848,0.498451066681389
0.304,0.00780674930796762,0.494214434345928
0.304166666666667,0.00748127346478629,0.491164350548846
0.304333333333333,0.00745670362914753,0.482261299225251
0.3045,0.00694984164128809,0.478897065822234
0.304666666666667,0.00683815692739597,0.438860332659751
0.304833333333333,0.00673540040165454,0.40161658903006
0.305,0.00697772082607515,0.400517329832876
0.305166666666667,0.00767147595889869,0.39265331113859
0.305333333333333,0.00746758314159436,0.405254271678168
0.3055,0.00735551758546205,0.420512466400209
0.305666666666667,0.00738004865850964,0.417688665379436
0.305833333333333,0.00737149645357968,0.426755842706146
0.306,0.00741147307983199,0.422464121617303
0.306166666666667,0.00761694408223951,0.428559984225656
0.306333333333333,0.0076529481862221,0.41491277987647
0.3065,0.00791839105771325,0.410256425787258
0.306666666666667,0.00813005716487695,0.400625050794877
0.306833333333333,0.00827064578046601,0.364202813577695
0.307,0.00784181034794159,0.346638944527867
0.307166666666667,0.00854154991750741,0.331826849684794
0.307333333333333,0.00899110522104051,0.342173926715453
0.3075,0.00916666832095631,0.375436979975939
0.307666666666667,0.00876153369804283,0.381196558797686
0.307833333333333,0.00848652636593926,0.380177769162959
0.308,0.00903488973208619,0.375827016793604
0.308166666666667,0.0103282513293086,0.367120719587584
0.308333333333333,0.0109698622911911,0.351802748515034
0.3085,0.0109341007026201,0.333507850292257
0.308666666666667,0.0113493752977131,0.360754795615591
0.308833333333333,0.0114263728318297,0.434038295505261
0.309,0.0112682115076846,0.529239228118149
0.309166666666667,0.0119542992574874,0.583002121428359
0.309333333333333,0.0122622275677458,0.607748129982563
0.3095,0.0122518370383353,0.592581967103226
0.309666666666667,0.0122290959115853,0.614432101804
0.309833333333333,0.012202340453803,0.602118050407095
0.31,0.0124043561883723,0.586286158518518
0.310166666666667,0.0128524699990735,0.587843653284474
0.310333333333333,0.012881282977589,0.589248266501957
0.3105,0.0129817927699636,0.587655440526412
0.310666666666667,0.0135666454910102,0.582640893426658
0.310833333333333,0.0137391895120042,0.578981476819494
0.311,0.0142009698840116,0.572890227727154
0.311166666666667,0.0151376762039566,0.579292974077605
0.311333333333333,0.0155202665816252,0.59361764119633
0.3115,0.0156727177563425,0.570690105908338
0.311666666666667,0.0157276715793763,0.570332794860431
0.311833333333333,0.0163568404949572,0.5798002687792
0.312,0.0161750617143246,0.588762814620415
0.312166666666667,0.0161695416998203,0.605300820828549
0.312333333333333,0.0149863163091368,0.62715946019773
0.3125,0.0141155714885698,0.622945250569028
0.312666666666667,0.0147847991244772,0.599880230369031
0.312833333333333,0.0160649913385709,0.604005717289115
0.313,0.0164596633485118,0.604142864117398
0.313166666666667,0.0164252608769863,0.601842028953818
0.313333333333333,0.0150988084672319,0.601750171138298
0.3135,0.0144707930573477,0.612190689807892
0.313666666666667,0.0144569523841551,0.644663676397118
0.313833333333333,0.0144261986857175,0.630332881525407
0.314,0.0151808515123292,0.545504158911063
0.314166666666667,0.0167924843411497,0.450479906443853
0.314333333333333,0.0164180202167053,0.409478818626963
0.3145,0.0159828480943254,0.413513289143202
0.314666666666667,0.0163333741356807,0.45784865010752
0.314833333333333,0.0164491371429047,0.468568698620384
0.315,0.0163784728047288,0.488093879946159
0.315166666666667,0.0164106667975512,0.514710399841074
0.315333333333333,0.0157197829474051,0.572044553436839
0.3155,0.016040484336693,0.637316781686147
0.315666666666667,0.0159508551129977,0.638176977323523
0.315833333333333,0.0153287243532527,0.633433927585534
0.316,0.0153204492397923,0.631095886589728
0.316166666666667,0.0148005593893608,0.647789839160818
0.316333333333333,0.0140775501700583,0.643429153222066
0.3165,0.0136690933347444,0.624571025325608
0.316666666666667,0.0134505697319562,0.628067172979254
0.316833333333333,0.0136480619424524,0.63615376572659
0.317,0.0136488777414303,0.652380188846356
0.317166666666667,0.0139467324103895,0.646123504594978
0.317333333333333,0.0139151325375934,0.616535881171834
0.3175,0.0143845823816099,0.603043881607202
0.317666666666667,0.0148325104836423,0.593414813435804
0.317833333333333,0.0137904558781011,0.577393524493568
0.318,0.012555116929429,0.562779487613678
0.318166666666667,0.0122482664269667,0.57126220987132
0.318333333333333,0.0126281294619192,0.571822264072526
0.3185,0.0127686871298011,0.572173659954901
0.318666666666667,0.0133647427161045,0.556759805428136
0.318833333333333,0.0144003002219632,0.536916911921057
0.319,0.0153480482449915,0.52604782037291
0.319166666666667,0.0148162888279575,0.519496188407503
0.319333333333333,0.0137967385149773,0.52279551388988
0.3195,0.0137870253562282,0.516899383832039
0.319666666666667,0.0145910411154564,0.49412371370765
0.319833333333333,0.0142397910119392,0.461612478472955
0.32,0.0141905617921162,0.458824368806465
0.320166666666667,0.0141904005478171,0.484434937205935
0.320333333333333,0.0141230685781236,0.468936836774649
0.3205,0.0156089220177367,0.410709625785373
0.320666666666667,0.0148775814895902,0.372740221880669
0.320833333333333,0.0153420508789082,0.372143010581178
0.321,0.0157588570134334,0.371978225583192
0.321166666666667,0.0159039800590352,0.37254596589664
0.321333333333333,0.0160477630192194,0.370331806386595
0.3215,0.015810321578507,0.380041646198643
0.321666666666667,0.0158721551817587,0.390284077864796
0.321833333333333,0.0160091119082888,0.399657155755235
0.322,0.0156804366874927,0.375712804075747
0.322166666666667,0.0150408695258729,0.345627350151107
0.322333333333333,0.0146413656092887,0.340965563236874
0.3225,0.0147449276568221,0.344134235231542
0.322666666666667,0.0145838256788668,0.334541120061176
0.322833333333333,0.014444321823537,0.348556702869671
0.323,0.0144427407341983,0.362396794524831
0.323166666666667,0.0145068575007505,0.373887658159416
0.323333333333333,0.0154034195587506,0.370745481065314
0.3235,0.0151972367845016,0.396252029015807
0.323666666666667,0.0147752341630807,0.414216350989948
0.323833333333333,0.0143534326962321,0.418196109562616
0.324,0.013714244806835,0.406742634131853
0.324166666666667,0.0124519405942921,0.416502087647332
0.324333333333333,0.0124677482402382,0.423788323382628
0.3245,0.0134046041948759,0.427516338547498
0.324666666666667,0.0144065419604111,0.428069460066583
0.324833333333333,0.0155054585844233,0.42545897008097
0.325,0.0159407166442292,0.423724068493937
0.325166666666667,0.0157909835438461,0.407681317188058
0.325333333333333,0.0157148256420016,0.392377533523739
0.3255,0.0162653546911343,0.398794502288738
0.325666666666667,0.0156615234642178,0.396915934721122
0.325833333333333,0.0168235234820554,0.370706211421873
0.326,0.0187904561105025,0.368159574593821
0.326166666666667,0.0194700731044925,0.382911410671107
0.326333333333333,0.0191377949520098,0.396586487700247
0.3265,0.0193063567930186,0.388566183062051
0.326666666666667,0.0195251063254665,0.378459562799164
0.326833333333333,0.0212340657488209,0.38880156072648
0.327,0.0221850417161177,0.383596283062965
0.327166666666667,0.0226112396834811,0.390923595395727
0.327333333333333,0.0224792533026579,0.397245583985289
0.3275,0.0230552486335302,0.437095959111538
0.327666666666667,0.0231873790270435,0.438582879154888
0.327833333333333,0.0229143623373789,0.447407694757781
0.328,0.0227047477363444,0.439853715247208
0.328166666666667,0.0225578675131766,0.427186860449337
0.328333333333333,0.0227081671722185,0.451082739875827
0.3285,0.0216191787035539,0.473422031110204
0.328666666666667,0.0211942203661533,0.442115749971426
0.328833333333333,0.0222188896900177,0.420535859766903
0.329,0.0229121411467479,0.417878050055995
0.329166666666667,0.0227301040821975,0.439248942684606
0.329333333333333,0.0231353779051553,0.439294927566728
0.3295,0.0234800658233987,0.440280655890166
0.329666666666667,0.0224058178277546,0.453406515901815
0.329833333333333,0.0214260530756548,0.448122323741347
0.33,0.0203691894092483,0.453896799973092
0.330166666666667,0.0223042429623909,0.453133685151878
0.330333333333333,0.023604716317904,0.462786442420557
0.3305,0.0248648052917643,0.43754748637045
0.330666666666667,0.0253002720885345,0.420243365996861
0.330833333333333,0.0244706474526072,0.43838291822323
0.331,0.0228066361493851,0.4473871907135
0.331166666666667,0.0204984054273875,0.435542038993001
0.331333333333333,0.0194921468594651,0.424785302040565
0.3315,0.0197202501002361,0.42369537114846
0.331666666666667,0.0199010241948973,0.466117005664964
0.331833333333333,0.0204862108013623,0.485146536947705
0.332,0.0184835442509635,0.479449715432066
0.332166666666667,0.0196271962979142,0.473641851656263
0.332333333333333,0.0212165027406963,0.490263819889799
0.3325,0.0226385570339947,0.503754290818888
0.332666666666667,0.0222102119611485,0.472373008644093
0.332833333333333,0.0220224350951911,0.469950703436161
0.333,0.0224238671605914,0.463072904546955
0.333166666666667,0.022510820643455,0.460537771988167
0.333333333333333,0.0226898116287566,0.472591652869574
0.3335,0.02240413144442,0.462899948818869
0.333666666666667,0.0230634636705519,0.44486443359288
0.333833333333333,0.0231075075092259,0.444868614697169
0.334,0.0228645644306524,0.4582106594805
0.334166666666667,0.0237577652213803,0.468635860727938
0.334333333333333,0.0254571738801456,0.459000809205788
0.3345,0.0255201021942196,0.471795369178015
0.334666666666667,0.025090714115888,0.481099075875279
0.334833333333333,0.0253210459303997,0.47366138086006
0.335,0.0248284469190704,0.497060291167224
0.335166666666667,0.0247187834778607,0.522603017643252
0.335333333333333,0.0223640440959569,0.540270478720961
0.3355,0.0213233452013605,0.543023145498962
0.335666666666667,0.0206276381641801,0.57229294838098
0.335833333333333,0.0216367829735019,0.578010385374141
0.336,0.0226198827556146,0.559384800681056
0.336166666666667,0.0226628330271595,0.548652942166108
0.336333333333333,0.0237546537718365,0.567358946701682
0.3365,0.0240805472435409,0.594561789938007
0.336666666666667,0.0240476642207573,0.590767785796029
0.336833333333333,0.024228368486807,0.550273894885511
0.337,0.0236919019614513,0.537697187175961
0.337166666666667,0.0237044287544986,0.518488257696575
0.337333333333333,0.0214039915249627,0.51693720522132
0.3375,0.0190689988167444,0.493443285605433
0.337666666666667,0.0175105618324787,0.471204566819121
0.337833333333333,0.0174457140676243,0.472263494438686
0.338,0.0183811336913455,0.486306486864132
0.338166666666667,0.0188830999190297,0.530878471864021
0.338333333333333,0.0188023256187472,0.573835019173136
0.3385,0.0186160530539285,0.591538973892109
0.338666666666667,0.0189188202419553,0.572485271180475
0.338833333333333,0.0191151922021058,0.56966499921658
0.339,0.0186506629731323,0.572995530853607
0.339166666666667,0.0179358377819254,0.587094375002911
0.339333333333333,0.0161065995863118,0.580862272992309
0.3395,0.0147695690784983,0.565698236534353
0.339666666666667,0.0149893443396216,0.541315514554765
0.339833333333333,0.0153291144507019,0.539598758653397
0.34,0.0146922803066505,0.558930214989017
0.340166666666667,0.0147354762314285,0.557601569953561
0.340333333333333,0.0147310190790031,0.531666469046456
0.3405,0.0155060732721724,0.511653731955277
0.340666666666667,0.0154645653195982,0.485564132244309
0.340833333333333,0.0152083609305177,0.468221040084232
0.341,0.0130449429135267,0.510402394696155
0.341166666666667,0.0125462572766153,0.552532123793324
0.341333333333333,0.0141141436563965,0.599998355590587
0.3415,0.0144821027984254,0.624593103921721
0.341666666666667,0.0147167486522617,0.616006448037951
0.341833333333333,0.0145546877665637,0.617414787843537
0.342,0.0140349266635674,0.620460934604372
0.342166666666667,0.0140727511368906,0.624581477399662
0.342333333333333,0.0141503506522272,0.648383709637125
0.3425,0.0141710661784929,0.651073628042308
0.342666666666667,0.0145016259585897,0.651654043934235
0.342833333333333,0.0149971858176007,0.651593389191552
0.343,0.0155143576714089,0.653233293969554
0.343166666666667,0.0150388329734506,0.652300867347827
0.343333333333333,0.0148806931651921,0.614890547448601
0.3435,0.0151988598593721,0.576072434527309
0.343666666666667,0.0153211952402393,0.571550386944514
0.343833333333333,0.0151510284024319,0.627212756305663
0.344,0.0143442965017293,0.658238444277814
0.344166666666667,0.0142599629367226,0.659190382458108
0.344333333333333,0.0144286304903308,0.63334234452161
0.3445,0.014469298977081,0.630171715725066
0.344666666666667,0.0141260272408013,0.640132529410058
0.344833333333333,0.0138521589896099,0.640605985709604
0.345,0.0134381637999768,0.622139286099266
0.345166666666667,0.0134075972808229,0.589537489485632
0.345333333333333,0.0131353276083657,0.567877736124695
0.3455,0.0126288006454965,0.563394679641856
0.345666666666667,0.0122073584771221,0.557727014350737
0.345833333333333,0.0123140136305278,0.566775814953097
0.346,0.0120428042229549,0.567863197040609
0.346166666666667,0.012148309154265,0.529276833120575
0.346333333333333,0.0119015108115787,0.48553899256015
0.3465,0.010246668977024,0.437277293694931
0.346666666666667,0.00874623816449036,0.394624202683562
0.346833333333333,0.00863764348502204,0.376002012629092
0.347,0.00882899718200825,0.363254289952413
0.347166666666667,0.00877732225953522,0.352077237255651
0.347333333333333,0.00846627969437026,0.340476640499178
0.3475,0.00954466553758954,0.318042844529471
0.347666666666667,0.0105918453684564,0.320113637317951
0.347833333333333,0.0103547826618223,0.312746405047939
0.348,0.0104470401231617,0.332338697611448
0.348166666666667,0.00997718029546567,0.33518078434372
0.348333333333333,0.00993746058869528,0.322135924461168
0.3485,0.00921137391314308,0.31245759542184
0.348666666666667,0.00914583177178738,0.315067244282863
0.348833333333333,0.00988324907585986,0.296624964503214
0.349,0.0101632437088865,0.241135127654647
0.349166666666667,0.0101206249644271,0.203726245742084
0.349333333333333,0.0106801717326452,0.201876391521302
0.3495,0.0107107915566074,0.219881163779797
0.349666666666667,0.0105911184521847,0.237281396709287
0.349833333333333,0.0105085870564419,0.230132232006198
0.35,0.0101315413826277,0.235250138673346
0.350166666666667,0.00994747597483539,0.259472749743104
0.350333333333333,0.0101055467681566,0.266124868244572
0.3505,0.0106613083005033,0.268303191152064
0.350666666666667,0.010714525030756,0.268123646971863
0.350833333333333,0.0104352325521851,0.283044822053859
0.351,0.0103526918656058,0.290518366866826
0.351166666666667,0.0104930381341691,0.273511047605336
0.351333333333333,0.0113609691545018,0.264974539364399
0.3515,0.0115225786854039,0.275073679111621
0.351666666666667,0.0124603358654116,0.285112991565212
0.351833333333333,0.0126859393800735,0.289091250458023
0.352,0.0128482362740021,0.308959509498256
0.352166666666667,0.0137323902420479,0.342049121271588
0.352333333333333,0.0144175974199719,0.34235344986096
0.3525,0.0143572024436155,0.360059185719586
0.352666666666667,0.0132559867435728,0.400371694363206
0.352833333333333,0.0126494006784892,0.430796857707441
0.353,0.0131382824907335,0.474158229992775
0.353166666666667,0.0126036089096133,0.468523256790134
0.353333333333333,0.0133223359573997,0.453843668471031
0.3535,0.0132989452866411,0.471872116718483
0.353666666666667,0.0133966606243341,0.485667144144498
0.353833333333333,0.0134675677255696,0.487888455052802
0.354,0.0132919324114432,0.494072050291315
0.354166666666667,0.013362641915264,0.487070593169952
0.354333333333333,0.0134454209805384,0.495475773034171
0.3545,0.0134970435418101,0.497933941970431
0.354666666666667,0.0144375870271621,0.513967294746403
0.354833333333333,0.0145414992347825,0.518563012213658
0.355,0.0148897687581674,0.515123914014873
0.355166666666667,0.0152569482239044,0.508206913179349
0.355333333333333,0.0162666824834166,0.487918694164607
0.3555,0.0161232864064263,0.489275847172322
0.355666666666667,0.0159241356166039,0.499672428188022
0.355833333333333,0.0156884626829783,0.514251096619451
0.356,0.0159868758080686,0.499578745644832
0.356166666666667,0.0159841868895546,0.489673584857847
0.356333333333333,0.0158823867736679,0.491789751316392
0.3565,0.0153077217685438,0.486306550098082
0.356666666666667,0.0149765241330806,0.493048261197207
0.356833333333333,0.0144377570363505,0.493261723578936
0.357,0.0146973206639512,0.490113357319608
0.357166666666667,0.0142737143212619,0.460348550279812
0.357333333333333,0.0134231060494569,0.427569272991398
0.3575,0.0133271594942248,0.429783230809448
0.357666666666667,0.0141962759456761,0.411232099870799
0.357833333333333,0.0149465151851326,0.393061829272468
0.358,0.0149542159854767,0.363443694227043
0.358166666666667,0.0145848933354054,0.341727703726878
0.358333333333333,0.0146072854899056,0.369298414502937
0.3585,0.0139439852011442,0.378948707381865
0.358666666666667,0.0135106508186689,0.357409135351093
0.358833333333333,0.0134086007770118,0.34408909939668
0.359,0.0131174681158374,0.328601857159559
0.359166666666667,0.0128111226102033,0.317800900492012
0.359333333333333,0.0125224904214808,0.321128708104054
0.3595,0.0124553098409814,0.315194261092781
0.359666666666667,0.0122139605421251,0.346823528598642
0.359833333333333,0.011273650007219,0.365877554245386
0.36,0.0112147602168136,0.351748497187767
0.360166666666667,0.0107339333412794,0.35612404478391
0.360333333333333,0.0105803721455667,0.362981713636712
0.3605,0.00989009090592204,0.374205730465918
0.360666666666667,0.00982433991657154,0.4171105980446
0.360833333333333,0.00950834720347846,0.422447748051147
0.361,0.00944082749874912,0.403369303844503
0.361166666666667,0.00940907806832878,0.403589713345354
0.361333333333333,0.00922777149583967,0.403819076491176
0.3615,0.00917144015604729,0.398021008571909
0.361666666666667,0.0087686977639146,0.414262058750992
0.361833333333333,0.00859867588164618,0.420059468094855
0.362,0.00823591262634011,0.425090654450098
0.362166666666667,0.0075226020156905,0.426873766069508
0.362333333333333,0.00741465086356236,0.427970751534524
0.3625,0.00730630268669869,0.426372223468352
0.362666666666667,0.00659764245773663,0.454746485272283
0.362833333333333,0.00649541872639538,0.471993293359407
0.363,0.00641184453403226,0.452939013965447
0.363166666666667,0.0063522119081288,0.461343571715559
0.363333333333333,0.00627075649983503,0.450152564965605
0.3635,0.00638760957320406,0.408268373652795
0.363666666666667,0.00667207854266137,0.429322383386584
0.363833333333333,0.00703270804907141,0.445712638784235
0.364,0.00753349220519319,0.478529427345601
0.364166666666667,0.00812150269390635,0.526613800128901
0.364333333333333,0.00794666995914761,0.534009361210812
0.3645,0.00792781402983539,0.532759521151877
0.364666666666667,0.00786350880731561,0.56187430369961
0.364833333333333,0.00769304408977534,0.545433404675539
0.365,0.00774080492837456,0.493896898818889
0.365166666666667,0.00806626972290009,0.497529340465822
0.365333333333333,0.00804723162553201,0.513374596997935
0.3655,0.00776688480371776,0.530239664647971
0.365666666666667,0.00747827674852692,0.540228091597411
0.365833333333333,0.00757232942082386,0.490239034698204
0.366,0.0081719573444165,0.47763169739134
0.366166666666667,0.00895438701762317,0.483724447762722
0.366333333333333,0.00862808689292148,0.488181463664203
0.3665,0.0085572105665542,0.487016523644338
0.366666666666667,0.0086376978900557,0.500651047646964
0.366833333333333,0.00865102708463196,0.530841810094953
0.367,0.00854483849592526,0.53276349823878
0.367166666666667,0.00866352997245148,0.549973723091233
0.367333333333333,0.00901733556523543,0.564514763995792
0.3675,0.00908864702612599,0.564632978367918
0.367666666666667,0.00924553305370812,0.576926317081101
0.367833333333333,0.00936308505825499,0.550068596637562
0.368,0.00866455776986423,0.535530637984994
0.368166666666667,0.0083153392537523,0.546531924680696
0.368333333333333,0.00803645958139049,0.549197846054099
0.3685,0.00804589927313478,0.547440494450965
0.368666666666667,0.00790634622814826,0.559164284969858
0.368833333333333,0.0074983446384956,0.542479924501127
0.369,0.00731860547648193,0.527294698348089
0.369166666666667,0.00707689100816557,0.511615962907337
0.369333333333333,0.00639968109592635,0.478981094056305
0.3695,0.00630157640415528,0.51393231047706
0.369666666666667,0.00616405394755917,0.540692846524206
0.369833333333333,0.00627917885571736,0.509972467031651
0.37,0.00610667540906598,0.492852821797736
0.370166666666667,0.00568748261849745,0.51229781111375
0.370333333333333,0.00536926741864962,0.509731621105041
0.3705,0.0054111678830664,0.490762286864827
0.370666666666667,0.00541839280287868,0.468407147917301
0.370833333333333,0.0054041617842366,0.449124428108207
0.371,0.0053284524298954,0.448641299868202
0.371166666666667,0.00476161399215028,0.443320277732099
0.371333333333333,0.00424508086286602,0.437304020109562
0.3715,0.00439037154748483,0.444477642185645
0.371666666666667,0.00442097175179807,0.446123678094292
0.371833333333333,0.00437502397604957,0.452101855473667
0.372,0.00439158988964137,0.431170077615474
0.372166666666667,0.00439296327654004,0.407848308768642
0.372333333333333,0.0042671450792513,0.388477658031916
0.3725,0.00395065072605016,0.394795418691571
0.372666666666667,0.0037291261124033,0.42332352856458
0.372833333333333,0.00341549812432978,0.43520823404895
0.373,0.00328676210419279,0.428340380805676
0.373166666666667,0.00324302856346985,0.442571878138853
0.373333333333333,0.00306849785166972,0.473049049988537
0.3735,0.00308582296416518,0.465350338626263
0.373666666666667,0.00294978737640514,0.473127730169794
0.373833333333333,0.00319370776783229,0.519388301207061
0.374,0.00314561748562292,0.574445164623685
0.374166666666667,0.0029877965622005,0.601611853141501
0.374333333333333,0.00278683525164036,0.59875385278162
0.3745,0.00316804673409506,0.599842242795117
0.374666666666667,0.00330907853619504,0.552248632787078
0.374833333333333,0.00335679895798893,0.535490526650935
0.375,0.00327955455017843,0.543839765017217
0.375166666666667,0.00320086255777563,0.552711121744071
0.375333333333333,0.00333322985882383,0.577645191565581
0.3755,0.00361082729308063,0.592464706659934
0.375666666666667,0.00376785611191547,0.596552568255051
0.375833333333333,0.00375962654267646,0.60255118017429
0.376,0.00376972843450303,0.60694572259782
0.376166666666667,0.00370495121843606,0.615660825109026
0.376333333333333,0.00364312104750864,0.615571604436867
0.3765,0.0033769950116632,0.619585321426843
0.376666666666667,0.00330962645703844,0.611701220180059
0.376833333333333,0.00326490889101834,0.612944238087816
0.377,0.00319208497015195,0.602878300707724
0.377166666666667,0.00316330003633386,0.578030903482399
0.377333333333333,0.00319915830025028,0.590592017939157
0.3775,0.00320978019544702,0.582050741036372
0.377666666666667,0.00325498713797967,0.556080701251922
0.377833333333333,0.00334997958609943,0.526117207693434
0.378,0.0034026160887655,0.504785194624588
0.378166666666667,0.00343570035615426,0.505205812440924
0.378333333333333,0.00340869962661699,0.488980963973477
0.3785,0.00326839771327713,0.450577787020561
0.378666666666667,0.00327629090840446,0.461818264525313
0.378833333333333,0.00339943694853698,0.4802998146436
0.379,0.00313202427714428,0.434212680098831
0.379166666666667,0.00319735733969342,0.365771011450302
0.379333333333333,0.00322973783809601,0.341242602031444
0.3795,0.00311926130115093,0.329476919235432
0.379666666666667,0.00276723947836073,0.312237739921491
0.379833333333333,0.00250860697585733,0.315559766303642
0.38,0.00253019393232759,0.313897528556993
0.380166666666667,0.00250587059064188,0.30132275112093
0.380333333333333,0.00254391117544904,0.298462743680949
0.3805,0.0024442524439795,0.252799796561067
0.380666666666667,0.00212656116291251,0.232520255266156
0.380833333333333,0.0019779786222444,0.228801364121903
0.381,0.00198624631851692,0.225522732142397
0.381166666666667,0.00204641153744766,0.21767556128144
0.381333333333333,0.00210067584344916,0.231029687103716
0.3815,0.00214931672468649,0.250731052812699
0.381666666666667,0.00218643974057792,0.260624215433926
0.381833333333333,0.00207844324488337,0.260642681686876
0.382,0.00219841811435918,0.254692901280677
0.382166666666667,0.00223370620315289,0.24503077599128
0.382333333333333,0.00225092186870058,0.245958844783131
0.3825,0.00222646694863197,0.243563726482734
0.382666666666667,0.00217328489739408,0.271612911604375
0.382833333333333,0.00205081439613427,0.286568948221559
0.383,0.001934824420188,0.29581031410614
0.383166666666667,0.00196826990042441,0.301999713232037
0.383333333333333,0.00202086614256371,0.304396139847368
0.3835,0.00208953680420735,0.314559246511605
0.383666666666667,0.00205654692486953,0.356936178275269
0.383833333333333,0.00192091813363489,0.391023562251228
0.384,0.00180247378389747,0.381162329137859
0.384166666666667,0.00179475218245172,0.368974753557158
0.384333333333333,0.00175523961358657,0.370876767235269
0.3845,0.00166160604679982,0.368317076333119
0.384666666666667,0.00160418663656713,0.366228369075464
0.384833333333333,0.00155750493013145,0.374326615244764
0.385,0.00157943892136852,0.37186785699424
0.385166666666667,0.00150021107864552,0.361437426749584
0.385333333333333,0.00157057731465245,0.36497277299023
0.3855,0.00159248056919926,0.381908014577866
0.385666666666667,0.00156565984117931,0.414871392958199
0.385833333333333,0.00153629058314598,0.438809565580813
0.386,0.00152839592420967,0.483013895453235
0.386166666666667,0.0015457275303134,0.526723481589966
0.386333333333333,0.00148889598200557,0.531954095566077
0.3865,0.00141601698167738,0.532887672959786
0.386666666666667,0.0013693223421219,0.551381078695644
0.386833333333333,0.0013428248296749,0.564382141523518
0.387,0.00135145754954229,0.566050716790263
0.387166666666667,0.00126143652024372,0.563139236292054
0.387333333333333,0.00119782080181778,0.568217824346925
0.3875,0.00119187791042452,0.590836844221514
0.387666666666667,0.00120174787862741,0.602596845628729
0.387833333333333,0.00118695462009167,0.590554234665463
0.388,0.00116604865370356,0.588594288553341
0.388166666666667,0.0011629537517996,0.585419940051611
0.388333333333333,0.00110802545683383,0.57989681265207
0.3885,0.00107102147051894,0.584383149199598
0.388666666666667,0.00103549208452132,0.572275044062131
0.388833333333333,0.00111363592326986,0.530303228285776
0.389,0.0011204553275723,0.472107806465376
0.389166666666667,0.0011329749852567,0.44620240085585
0.389333333333333,0.00113564923169888,0.452859440413995
0.3895,0.00110023138355823,0.486949052346556
0.389666666666667,0.00109772157805395,0.513595980490086
0.389833333333333,0.00115331330398788,0.517399504157246
0.39,0.00121270960310314,0.509294116405217
0.390166666666667,0.00123594254179444,0.508541380700175
0.390333333333333,0.00123491015474212,0.514911083906168
0.3905,0.00114631478206011,0.523785851783209
0.390666666666667,0.00113881396994948,0.520040925041061
0.390833333333333,0.00114928873036098,0.511444835878683
0.391,0.00115054193387746,0.484413217352314
0.391166666666667,0.00111867521117986,0.440427850393874
0.391333333333333,0.00106089647977196,0.399537687324258
0.3915,0.00100497695024383,0.393647689922388
0.391666666666667,0.00102055548156314,0.38972934501429
0.391833333333333,0.00100572225256305,0.359658070674355
0.392,0.000966218688829619,0.346209479086652
0.392166666666667,0.000956118917398002,0.354502843999589
0.392333333333333,0.00093295217029563,0.368215067041745
0.3925,0.000946823381113503,0.373728898790276
0.392666666666667,0.00100195419332665,0.352214119869895
0.392833333333333,0.00102848727336901,0.339963121098371
0.393,0.00103326033422297,0.322335421208024
0.393166666666667,0.00103496364593507,0.320851881121077
0.393333333333333,0.00104729501935747,0.325792832600922
0.3935,0.00106167096015635,0.32936054269667
0.393666666666667,0.0010172948221244,0.323786303178189
0.393833333333333,0.00100209108682689,0.327013119291944
0.394,0.000913897564333349,0.325384724743977
0.394166666666667,0.000860435720011494,0.330651748345552
0.394333333333333,0.000921658736881678,0.336047771162212
0.3945,0.00106897757799235,0.335725508188874
0.394666666666667,0.00111248460725729,0.299358129253836
0.394833333333333,0.0011124504309491,0.272093345456029
0.395,0.00108155366589521,0.26793627053204
0.395166666666667,0.000992166058064133,0.270926780537301
0.395333333333333,0.000938373259114212,0.269218490985299
0.3955,0.00101358135708064,0.276046462772118
0.395666666666667,0.00126374689740887,0.296091366638236
0.395833333333333,0.00140223763018849,0.307947909285854
0.396,0.00147372236538356,0.308931710065464
0.396166666666667,0.00148400374312189,0.332819367824271
0.396333333333333,0.00149815419533912,0.33327893559014
0.3965,0.00152142726903143,0.355781965558751
0.396666666666667,0.00155459272883988,0.354755019689055
0.396833333333333,0.00154704204499232,0.35244360580891
0.397,0.0015526047174562,0.345176802060398
0.397166666666667,0.00159883258597186,0.342180098873417
0.397333333333333,0.00165588107800205,0.334763038523238
0.3975,0.00186663331374222,0.331345721396824
0.397666666666667,0.00207767809601886,0.331293816802713
0.397833333333333,0.00217956539650731,0.337822447477707
0.398,0.00219785399786675,0.350685155563421
0.398166666666667,0.00222542436497742,0.358591681338791
0.398333333333333,0.00236841045976736,0.348678023295744
0.3985,0.00246039695367917,0.342278785020585
0.398666666666667,0.00242508507447801,0.354811253820783
0.398833333333333,0.00242776413473123,0.390127952654956
0.399,0.00240845513407805,0.389733327957056
0.399166666666667,0.00241275618442626,0.403840692000984
0.399333333333333,0.0024392884073692,0.414873387075282
0.3995,0.00236078115774514,0.410318668877436
0.399666666666667,0.00259163036374639,0.403339820013043
0.399833333333333,0.00289362760420537,0.407359191663346
0.4,0.00310114170402098,0.459907529988542
0.400166666666667,0.00325885959022842,0.545972696013576
0.400333333333333,0.00330304021809468,0.593184683143544
0.4005,0.00333568701530316,0.60178161469849
0.400666666666667,0.00333364017560821,0.595695274116498
0.400833333333333,0.00310297788231345,0.592536229969265
0.401,0.00326481619328983,0.583413955266071
0.401166666666667,0.0034851805726035,0.597056501144652
0.401333333333333,0.00359001960058681,0.633364575444591
0.4015,0.00357905850229169,0.747790001587637
0.401666666666667,0.00357197735554593,0.759042692334642
0.401833333333333,0.00355787257454753,0.766039672797628
0.402,0.0035758772219883,0.752593389709732
0.402166666666667,0.00357095475271978,0.761623372164744
0.402333333333333,0.00355434109112636,0.787690185691761
0.4025,0.00366051485461529,0.828450084619865
0.402666666666667,0.00368833914426672,0.821558988989037
0.402833333333333,0.00348129939834672,0.81656297898942
0.403,0.00336027271233677,0.814413161155579
0.403166666666667,0.00346384562329833,0.792282058153194
0.403333333333333,0.00348852091845232,0.789503868374104
0.4035,0.00339059051547576,0.802083435523537
0.403666666666667,0.00334851111954394,0.799717007228336
0.403833333333333,0.00340327234591274,0.780801471689653
0.404,0.00344292695554107,0.746005823165075
0.404166666666667,0.00349667709683545,0.746269454331244
0.404333333333333,0.0035826240865003,0.741827340924048
0.4045,0.00393318035515872,0.729809537799676
0.404666666666667,0.0040230681713537,0.73909888847941
0.404833333333333,0.00362197311039139,0.757240492703968
0.405,0.00329208747957786,0.758848813700911
0.405166666666667,0.00316601644074294,0.709996175758688
0.405333333333333,0.0029931128753656,0.624314531248777
0.4055,0.00300188560534005,0.584366999601349
0.405666666666667,0.00295854458474906,0.613061055342922
0.405833333333333,0.00288949235700731,0.635758682824349
0.406,0.00290382457323735,0.615949187414956
0.406166666666667,0.0025995706290975,0.620391962648332
0.406333333333333,0.00232853658028819,0.593462827633515
0.4065,0.00230587004591464,0.530318036651573
0.406666666666667,0.00242338116060851,0.420733660656038
0.406833333333333,0.00259714340487868,0.402248299615971
0.407,0.00273154658204387,0.399361808676984
0.407166666666667,0.00282833177985594,0.394848419620605
0.407333333333333,0.00282315502933918,0.395903366174798
0.4075,0.0029128646821126,0.362095561877008
0.407666666666667,0.00307779232567591,0.312708140720512
0.407833333333333,0.00297814311372278,0.308854343287132
0.408,0.00298782321112953,0.306833593637173
0.408166666666667,0.00296196021024655,0.321842549889209
0.408333333333333,0.00291730602741946,0.36071707546561
0.4085,0.00299341986914248,0.364406347866121
0.408666666666667,0.00320845644212842,0.351864477898284
0.408833333333333,0.00359752699725694,0.349614973670944
0.409,0.00382155158621262,0.362670280073276
0.409166666666667,0.00386427878599124,0.375627774128146
0.409333333333333,0.00387179270374664,0.371068119211184
0.4095,0.00429223765914075,0.363474461333596
0.409666666666667,0.00438171071645668,0.390822382584133
0.409833333333333,0.00454676356103182,0.402192558215081
0.41,0.00469489670823305,0.385439276199962
0.410166666666667,0.00486108118279402,0.378988611072165
0.410333333333333,0.00492550257354114,0.375246411623122
0.4105,0.00512695906155283,0.375225553796211
0.410666666666667,0.00575164650149811,0.36893178906394
0.410833333333333,0.00577191803138263,0.34018901499633
0.411,0.00576015672920671,0.326104096604835
0.411166666666667,0.00643946611088945,0.329214500026443
0.411333333333333,0.00717145463530393,0.330915034565591
0.4115,0.00784471000834223,0.333899971864479
0.411666666666667,0.0081490196899981,0.333327569180479
0.411833333333333,0.00816646004971995,0.32776946491105
0.412,0.00815444307883136,0.315683427504184
0.412166666666667,0.00817470904795466,0.311908795686702
0.412333333333333,0.00807690581270397,0.314124135859307
0.4125,0.00814823059027582,0.3083337755532
0.412666666666667,0.008217123701002,0.320248766701767
0.412833333333333,0.00803959226803768,0.342238635792649
0.413,0.00792665569780349,0.346430559661021
0.413166666666667,0.0080638443223535,0.343326208121643
0.413333333333333,0.00816498019316402,0.3311841241567
0.4135,0.00841855607129631,0.290750452436094
0.413666666666667,0.00882571001455373,0.290415338514878
0.413833333333333,0.0088360140207558,0.289262582409379
0.414,0.00862897967703737,0.305618263859867
0.414166666666667,0.00893408382698089,0.307152122420666
0.414333333333333,0.00913556552097833,0.29915040123061
0.4145,0.00931004898727209,0.305163342706975
0.414666666666667,0.00916994402217776,0.312657377780185
0.414833333333333,0.00893532487816948,0.299096199451916
0.415,0.0086764522483997,0.287891104814993
0.415166666666667,0.00861819244153105,0.287522329052975
0.415333333333333,0.00870674400190113,0.288429985781529
0.4155,0.0087871477152582,0.293745016783315
0.415666666666667,0.00890179056941156,0.293206305937243
0.415833333333333,0.00869416060916034,0.292754269900251
0.416,0.00906317248042185,0.299360331806247
0.416166666666667,0.00909911189073254,0.32395430019467
0.416333333333333,0.00845264924136195,0.349269890634103
0.4165,0.00770218303587641,0.349069615366364
0.416666666666667,0.00705773733040577,0.337165146175937
0.416833333333333,0.00667933102647653,0.341923143017456
0.417,0.00657774930874254,0.35479504122138
0.417166666666667,0.00668767657839251,0.376629925392633
0.417333333333333,0.00685579499454813,0.39980915892957
0.4175,0.00706924128166601,0.397908335515335
0.417666666666667,0.00711591670204625,0.392279069421881
0.417833333333333,0.00710575893999161,0.376209785474453
0.418,0.00743557909967622,0.363937853192515
0.418166666666667,0.007844708710548,0.371100725478559
0.418333333333333,0.00778495011913872,0.380009979975676
0.4185,0.00770827536339477,0.369987106522661
0.418666666666667,0.00775443041118099,0.36979932611254
0.418833333333333,0.00754440625028296,0.368784317722915
0.419,0.00777586407362914,0.370980046159936
0.419166666666667,0.00810136177603497,0.356882126393655
0.419333333333333,0.00799245428413233,0.343289759580648
0.4195,0.00792872435552979,0.338506042560852
0.419666666666667,0.00779227835198607,0.342591553907054
0.419833333333333,0.00759922258802317,0.336424234815006
0.42,0.00808196693551339,0.328388255671434
0.420166666666667,0.00861187329230008,0.329912293157269
0.420333333333333,0.00863066818723312,0.341021324131995
0.4205,0.00853880715667687,0.355027204246572
0.420666666666667,0.00867137153312557,0.362718079485109
0.420833333333333,0.00860068204203333,0.369207287076482
0.421,0.0084190587251994,0.369620013085483
0.421166666666667,0.00828898972104272,0.363296815120976
0.421333333333333,0.0099482671666917,0.379299006489969
0.4215,0.0118474143852248,0.38885739777021
0.421666666666667,0.01261862299853,0.409925064585145
0.421833333333333,0.0125668152768629,0.464132078802561
0.422,0.0127785944627358,0.499539158047722
0.422166666666667,0.0127696735988397,0.506313550951459
0.422333333333333,0.0129937980906432,0.505432334206166
0.4225,0.0131407977963318,0.512071388113138
0.422666666666667,0.0141492320570228,0.522195012284966
0.422833333333333,0.0151775510389377,0.632382482226464
0.423,0.0150565933401843,0.74347754361006
0.423166666666667,0.0146409464500028,0.739195289446144
0.423333333333333,0.0142397181987788,0.732336287677296
0.4235,0.0142266891849963,0.73413746492342
0.423666666666667,0.0141829767287179,0.744437027889614
0.423833333333333,0.013823374459241,0.749541522266347
0.424,0.0137391285405756,0.739752890818351
0.424166666666667,0.0136241645245913,0.7464130410342
0.424333333333333,0.013491988305819,0.744975086928293
0.4245,0.0132786742607823,0.746149740938293
0.424666666666667,0.013505306663765,0.751494573836556
0.424833333333333,0.0138352759543282,0.76870943988314
0.425,0.0136605621173107,0.782387681175828
0.425166666666667,0.0130730818372676,0.778334249816443
0.425333333333333,0.0126065967643837,0.766878069994129
0.4255,0.0127243756225846,0.754331323485947
0.425666666666667,0.0136756107005688,0.752094398950688
0.425833333333333,0.0152811517922657,0.764721701208894
0.426,0.0163635789731367,0.791797985846054
0.426166666666667,0.016338648078967,0.800086165854715
0.426333333333333,0.0161628026858479,0.796669170126829
0.4265,0.0148809669022377,0.768051038939085
0.426666666666667,0.0133101464865052,0.755279250181075
0.426833333333333,0.012733630550693,0.743312222098001
0.427,0.0133036631287443,0.691434099831212
0.427166666666667,0.0135433853760607,0.662762727801143
0.427333333333333,0.0136233647359113,0.67479356676938
0.4275,0.0134387492409265,0.66562834047523
0.427666666666667,0.0141081236699588,0.637441587457848
0.427833333333333,0.0146351460699803,0.628611468741126
0.428,0.0143417547176451,0.542450301032236
0.428166666666667,0.0146565563563509,0.445420142449144
0.428333333333333,0.0147589458424282,0.445190482771789
0.4285,0.0147735632353817,0.449783690138256
0.428666666666667,0.0151860234184421,0.444195020593385
0.428833333333333,0.0159401987024783,0.434644207042606
0.429,0.0160775004048533,0.436357756747613
0.429166666666667,0.0159089343095814,0.457805438000155
0.429333333333333,0.0160770059914497,0.473245177580392
0.4295,0.016581676355887,0.495604956436896
0.429666666666667,0.0170245104003633,0.502751047804818
0.429833333333333,0.0169618527553073,0.494513755361656
0.43,0.0173799122191611,0.465601493347891
0.430166666666667,0.0182215828160426,0.460606336575782
0.430333333333333,0.0181063871675441,0.467656242997831
0.4305,0.0193801718461478,0.469854995381379
0.430666666666667,0.0213604053973057,0.475905329702676
0.430833333333333,0.0211261664903749,0.474584618504333
0.431,0.0204339467581244,0.451347488580467
0.431166666666667,0.0200356812118904,0.424313067942975
0.431333333333333,0.0197807075093751,0.413088344812541
0.4315,0.0207783837347739,0.431374084303551
0.431666666666667,0.021826358488021,0.411517459086873
0.431833333333333,0.0220047497413602,0.382339183666248
0.432,0.0230086982019022,0.371635426360437
0.432166666666667,0.0230744499222912,0.395007646111902
0.432333333333333,0.0227364426393284,0.384299586730251
0.4325,0.0226817230638434,0.386675139169433
0.432666666666667,0.0226610086701783,0.420942294345577
0.432833333333333,0.0219965906026298,0.43737222795718
0.433,0.0205989988535825,0.441325014530201
0.433166666666667,0.019983225447668,0.428026637844671
0.433333333333333,0.019885480637622,0.421900974587517
0.4335,0.0201738974824148,0.427484349956118
0.433666666666667,0.0202956339551907,0.434315978861606
0.433833333333333,0.0202388808837429,0.43598066707682
0.434,0.0196694443820803,0.436320601819278
0.434166666666667,0.0197528612947922,0.432877810855872
0.434333333333333,0.0215311455906063,0.41437490675873
0.4345,0.0228885692710371,0.404381843949946
0.434666666666667,0.0222888223161514,0.412094868295696
0.434833333333333,0.0221124291309237,0.417735478825293
0.435,0.022695711169494,0.418082907701834
0.435166666666667,0.0219637993249773,0.423697101780223
0.435333333333333,0.021302010234842,0.410860555312484
0.4355,0.0227678139301587,0.399311689372899
0.435666666666667,0.0219645558899957,0.398774287238975
0.435833333333333,0.0198847444143634,0.402081472653345
0.436,0.0193059386348484,0.395389654086773
0.436166666666667,0.0181555810268484,0.392468857756302
0.436333333333333,0.0172942529822877,0.392604066290275
0.4365,0.0173687913872149,0.417231510854337
0.436666666666667,0.0163088946552022,0.412875291481802
0.436833333333333,0.0150105430349341,0.412124829741791
0.437,0.0148920136472829,0.417386766706549
0.437166666666667,0.0144517629563414,0.396827875278271
0.437333333333333,0.0140478085188444,0.410852469770846
0.4375,0.0142938939150258,0.437215591196895
0.437666666666667,0.0143448160760223,0.419887161851983
0.437833333333333,0.0141272173342317,0.365638932489564
0.438,0.0137139410441149,0.369708155400171
0.438166666666667,0.0133533308912,0.366120895600869
0.438333333333333,0.0135894420957497,0.350780232774984
0.4385,0.0135809933383104,0.35169463149919
0.438666666666667,0.0133045242357882,0.361239963697584
0.438833333333333,0.0134545985855495,0.353937047745673
0.439,0.0136830573086405,0.351231608260712
0.439166666666667,0.0139949529268451,0.367369783470853
0.439333333333333,0.0141834606146568,0.370375312948309
0.4395,0.0124329159237665,0.375144311888612
0.439666666666667,0.0105986211904552,0.360939897544029
0.439833333333333,0.0104378440015193,0.332418089267083
0.44,0.010110133746267,0.318505153474241
0.440166666666667,0.00921473039300966,0.319475828259701
0.440333333333333,0.00917984879456431,0.316356701537742
0.4405,0.00906349056846155,0.322279325825583
0.440666666666667,0.00797491985053657,0.324122609529887
0.440833333333333,0.00757000116294668,0.32840525750962
0.441,0.00752206047542164,0.341610823641182
0.441166666666667,0.00785399751520253,0.359298068472779
0.441333333333333,0.00811381320862128,0.364411613077966
0.4415,0.00806955112122197,0.360876421214463
0.441666666666667,0.00810901575743861,0.384196579439373
0.441833333333333,0.00855817749728311,0.451418044405095
0.442,0.00882808050327618,0.490281559000168
0.442166666666667,0.00851064082704913,0.527363656775716
0.442333333333333,0.00782678207629521,0.5663742420939
0.4425,0.00820477184585354,0.532651039094545
0.442666666666667,0.00845659410942586,0.505800193906411
0.442833333333333,0.00863049018219171,0.491903672102472
0.443,0.0105988573130225,0.496390365308066
0.443166666666667,0.014038734757502,0.487629324896259
0.443333333333333,0.0143294672804163,0.491784074604772
0.4435,0.014297744255761,0.502776662759665
0.443666666666667,0.0152604623868265,0.49921786441046
0.443833333333333,0.0154991969076158,0.479147930867812
0.444,0.015273787917831,0.473504890685571
0.444166666666667,0.0145979021577826,0.473735061040946
0.444333333333333,0.0146126625748124,0.486984436550163
0.4445,0.0154584480913236,0.51025535009832
0.444666666666667,0.0160486271569171,0.516726081207152
0.444833333333333,0.0160108123520918,0.517052739529944
0.445,0.0165161425965349,0.524657839623701
0.445166666666667,0.0172875939835755,0.541817782276658
0.445333333333333,0.0183481149609871,0.562408881681863
0.4455,0.0190299661473043,0.570675738825152
0.445666666666667,0.0203152098158785,0.563066569753528
0.445833333333333,0.0212756629556605,0.562471229311025
0.446,0.0216616134579309,0.562109804095578
0.446166666666667,0.0229710866066585,0.57499916816111
0.446333333333333,0.0232132349956712,0.570071206870034
0.4465,0.0231329528593309,0.630357231353065
0.446666666666667,0.0235188359340365,0.636480028456275
0.446833333333333,0.0237005550814918,0.622608850370355
0.447,0.0234725798034439,0.571230733867622
0.447166666666667,0.0232625558318946,0.543936959823304
0.447333333333333,0.0235091060357254,0.498637699023037
0.4475,0.023865172340514,0.455889182853195
0.447666666666667,0.0238197261503205,0.460445648182091
0.447833333333333,0.0240208064562716,0.470626203893354
0.448,0.0241728230377969,0.483365092411875
0.448166666666667,0.0223883539629742,0.480082880343805
0.448333333333333,0.0190446392587002,0.469549048334388
0.4485,0.0189936157487106,0.472182442987325
0.448666666666667,0.019035077839837,0.462236819293437
0.448833333333333,0.0180054421280797,0.474193387810932
0.449,0.0176238527962091,0.485324926713456
0.449166666666667,0.0180784843353052,0.496145550840869
0.449333333333333,0.0187640371753235,0.4916253321917
0.4495,0.0187631752011296,0.461871729038157
0.449666666666667,0.0176903597191456,0.437383394399344
0.449833333333333,0.0172824336134046,0.449100406071839
0.45,0.0176293326401645,0.451807261462614
0.450166666666667,0.0170562087956566,0.456830631108507
0.450333333333333,0.0160629527863204,0.455851276754212
0.4505,0.0153586255764459,0.443291381392463
0.450666666666667,0.0156924152662108,0.445985037656748
0.450833333333333,0.015542748328469,0.450202736544412
0.451,0.0150058255354917,0.449577518310674
0.451166666666667,0.0147807125772103,0.461538573141753
0.451333333333333,0.0134555492865427,0.438153102479037
0.4515,0.0126120528344825,0.42890105973854
0.451666666666667,0.0123939476523015,0.387196698949728
0.451833333333333,0.0121239867018019,0.389012581856586
0.452,0.0122777814729887,0.356695275095696
0.452166666666667,0.0127078243319518,0.323892627146397
0.452333333333333,0.0126320225479829,0.319420219952981
0.4525,0.0124457225979557,0.319838472545028
0.452666666666667,0.0121324479330387,0.314577842895399
0.452833333333333,0.0115904953454496,0.301833377349094
0.453,0.0107604186460576,0.308016869531537
0.453166666666667,0.0104696426983399,0.302610200562808
0.453333333333333,0.0103748502825544,0.303860869785068
0.4535,0.0106418833579315,0.321595632136041
0.453666666666667,0.0119281596068038,0.322316487343969
0.453833333333333,0.0129112129043867,0.322319093697546
0.454,0.0131638359467137,0.3103460243662
0.454166666666667,0.0138330761819928,0.308548032692969
0.454333333333333,0.0137802820837628,0.295432040758952
0.4545,0.0131020319307946,0.295390346629146
0.454666666666667,0.0126956032105159,0.303301852043436
0.454833333333333,0.0127578106903137,0.335354981233511
0.455,0.0130519957887511,0.323253792502284
0.455166666666667,0.01355009503154,0.320245166022272
0.455333333333333,0.0137414599089281,0.328926010979788
0.4555,0.0146831464644246,0.350608718487812
0.455666666666667,0.0158386411832322,0.350888447613521
0.455833333333333,0.0154091630502317,0.344779045043128
0.456,0.0142764751930484,0.345507361465132
0.456166666666667,0.0142087646677768,0.344147441281803
0.456333333333333,0.0140592320555181,0.326037923922283
0.4565,0.0140008853408012,0.31886532276373
0.456666666666667,0.0140348381281627,0.347884041115923
0.456833333333333,0.0141175227120461,0.347773909963793
0.457,0.0143129550888484,0.345798863640559
0.457166666666667,0.0139937958183978,0.351599509181178
0.457333333333333,0.014066356375876,0.350904123547988
0.4575,0.0146915797963209,0.344488383868108
0.457666666666667,0.0150164597380434,0.358567602405596
0.457833333333333,0.0151403782537749,0.402379736944941
0.458,0.0156482939860468,0.419442714694049
0.458166666666667,0.0166114138481325,0.409045749094929
0.458333333333333,0.0166086080011666,0.434647003252414
0.4585,0.0166250114756537,0.460445540712374
0.458666666666667,0.0166146589844889,0.446370019710299
0.458833333333333,0.0154248952626292,0.444348189178712
0.459,0.0139855386157131,0.455430742394694
0.459166666666667,0.0135516805898957,0.466633318863044
0.459333333333333,0.0128950751208005,0.466809146499166
0.4595,0.012508953303579,0.466099493584904
0.459666666666667,0.0131596943112373,0.464893456073679
0.459833333333333,0.0134967251644395,0.457610579831119
0.46,0.0133253589994995,0.432477978108092
0.460166666666667,0.0132462336066147,0.420506886769667
0.460333333333333,0.0134482929855132,0.435749498350319
0.4605,0.0137586778124238,0.41459546296234
0.460666666666667,0.013970429374335,0.384423047089714
0.460833333333333,0.0135908012420703,0.382926101889787
0.461,0.0132924537324703,0.382601602529734
0.461166666666667,0.0132709920897885,0.385431700697499
0.461333333333333,0.0125599166244994,0.397859575358808
0.4615,0.0124536322636055,0.422132064680492
0.461666666666667,0.0124760626824254,0.416884171755666
0.461833333333333,0.0124883072218171,0.392369068010438
0.462,0.0124473735043496,0.377720518283942
0.462166666666667,0.0121124643997705,0.377745001007767
0.462333333333333,0.0120588884848217,0.377954785797422
0.4625,0.0116913890278776,0.380461985411735
0.462666666666667,0.0114867175313855,0.375128598066976
0.462833333333333,0.0110025577913523,0.360343545566597
0.463,0.010848894526642,0.318736088791379
0.463166666666667,0.0105477231979506,0.298608149674331
0.463333333333333,0.00970429777465599,0.294730847955646
0.4635,0.00972416073669283,0.262150394734064
0.463666666666667,0.00976562621456346,0.244860561535406
0.463833333333333,0.00966359008850581,0.240849944041991
0.464,0.00996444479374229,0.233230120173991
0.464166666666667,0.0106027930276169,0.226032038697824
0.464333333333333,0.0115889043485185,0.22214225512774
0.4645,0.0122555182147319,0.222969317337669
0.464666666666667,0.0130847284022815,0.235348573814009
0.464833333333333,0.0130846447410989,0.279627938311419
0.465,0.0127401437180746,0.310961136488787
0.465166666666667,0.0126789314171227,0.315200195660306
0.465333333333333,0.0121818009020886,0.333660747127253
0.4655,0.0113242021500985,0.338565066224017
0.465666666666667,0.0109240354105581,0.34011659991408
0.465833333333333,0.00986815488281271,0.332683575025837
0.466,0.00869995011947582,0.327749439011616
0.466166666666667,0.00833176765914054,0.344597592416451
0.466333333333333,0.00833043939759889,0.369324173621418
0.4665,0.00853248228322798,0.387279374941015
0.466666666666667,0.00863433056096377,0.374669600137788
0.466833333333333,0.00869162586284625,0.376866559642043
0.467,0.00873691505754768,0.374937950683011
0.467166666666667,0.00866403627544657,0.372001225338116
0.467333333333333,0.00867735071018971,0.370451279313566
0.4675,0.00859946799781188,0.389549870312198
0.467666666666667,0.00830445951708359,0.402254969221738
0.467833333333333,0.00775637027826766,0.409903710819924
0.468,0.00771016821157679,0.407502889724953
0.468166666666667,0.00761268694854629,0.423368981244332
0.468333333333333,0.00742133430596557,0.426148752251689
0.4685,0.00744159053037505,0.426515751930871
0.468666666666667,0.00809826336478037,0.422153555150764
0.468833333333333,0.00834334925101314,0.412702266238779
0.469,0.00819937921799619,0.416859276693895
0.469166666666667,0.00767796064797074,0.420576673976274
0.469333333333333,0.00712249488931344,0.42020374453642
0.4695,0.00630190187740845,0.418585274790122
0.469666666666667,0.00573071833540283,0.418063150394707
0.469833333333333,0.00489294242282445,0.413243533207814
0.47,0.00441388728827806,0.372561649570068
0.470166666666667,0.00466007972264999,0.344656017632746
0.470333333333333,0.00473306742012672,0.353688146226718
0.4705,0.00472413939575138,0.344464194655213
0.470666666666667,0.00453574135719741,0.326159892684078
0.470833333333333,0.00433826220074727,0.347021189423985
0.471,0.0042594032510519,0.378959869801529
0.471166666666667,0.0043317924498652,0.389817486912597
0.471333333333333,0.00517917557631579,0.367439265792598
0.4715,0.00592446369087205,0.333844822458367
0.471666666666667,0.00580907660561191,0.321630771260315
0.471833333333333,0.00567350871229832,0.329878311613054
0.472,0.00590711923354285,0.328093726084849
0.472166666666667,0.0059369699719978,0.330694549110419
0.472333333333333,0.00636551143744435,0.337861179907344
0.4725,0.00641450690589875,0.332322939006957
0.472666666666667,0.00644420031833291,0.31214914936339
0.472833333333333,0.00644062537596914,0.295534562493218
0.473,0.00648512600181582,0.294527150622721
0.473166666666667,0.00669345072149496,0.29702040638376
0.473333333333333,0.00710067241741857,0.298356186878274
0.4735,0.00772220014768365,0.318540456091199
0.473666666666667,0.00814301915170234,0.325337130359936
0.473833333333333,0.00766115664958821,0.333993565353529
0.474,0.00730421100137629,0.331519679508032
0.474166666666667,0.00719945358333491,0.324358034142998
0.474333333333333,0.0071626862928455,0.323496808537345
0.4745,0.00716148936585603,0.325629822408925
0.474666666666667,0.00705779970480614,0.341539814691228
0.474833333333333,0.00697261055194291,0.368068285012471
0.475,0.00710106741642574,0.424561591782769
0.475166666666667,0.00753695792814344,0.456864577171513
0.475333333333333,0.00769752154339205,0.465437176587749
0.4755,0.00811501575969079,0.446971072540552
0.475666666666667,0.00857422002669455,0.446138552154573
0.475833333333333,0.00857224664623526,0.47142106019282
0.476,0.00858408858286117,0.458404530669957
0.476166666666667,0.00864677747415367,0.431141631940769
0.476333333333333,0.008857661262858,0.435557118210283
0.4765,0.00838430069241265,0.464692744464617
0.476666666666667,0.00766074582849735,0.488885297540815
0.476833333333333,0.00773089325802924,0.47295912218984
0.477,0.00795141375263543,0.455072649097651
0.477166666666667,0.00775472971321018,0.453739065528662
0.477333333333333,0.00773742251626834,0.452865234830356
0.4775,0.00769070341160901,0.470585134664947
0.477666666666667,0.0076640333279732,0.485174472802752
0.477833333333333,0.00821475004977066,0.480725602940848
0.478,0.0085016022420012,0.482521281093859
0.478166666666667,0.008424274446019,0.473915150625067
0.478333333333333,0.00823731181281029,0.477375122674462
0.4785,0.00807008086393569,0.457836118798257
0.478666666666667,0.00779226322483544,0.454446336523803
0.478833333333333,0.00751377949496916,0.472637571587652
0.479,0.00739746139637427,0.474075434104721
0.479166666666667,0.00746933318786815,0.480628022960758
0.479333333333333,0.00743672680153898,0.533057868834424
0.4795,0.0074638390807304,0.624493692026919
0.479666666666667,0.00750123675593543,0.660741633170942
0.479833333333333,0.00747731612369426,0.635931273998164
0.48,0.00751546912678508,0.613191011692085
0.480166666666667,0.00742143630843404,0.554329082401057
0.480333333333333,0.00687811813090033,0.529472054853334
0.4805,0.00646594095920549,0.547956124768946
0.480666666666667,0.00596746637879591,0.556839928298096
0.480833333333333,0.00558681528649807,0.548796088315783
0.481,0.00577104768093268,0.52613066449451
0.481166666666667,0.00633232060211307,0.530330930383227
0.481333333333333,0.00652552615464771,0.536288066241256
0.4815,0.00649464017093771,0.521646380366698
0.481666666666667,0.0063545030946926,0.497563679952071
0.481833333333333,0.00629700617710088,0.471511911023058
0.482,0.00645254318214087,0.491291948327867
0.482166666666667,0.00669045661114656,0.507706738333886
0.482333333333333,0.00662839262063791,0.512383480953199
0.4825,0.00647520211382855,0.539774824464226
0.482666666666667,0.00615735200563891,0.539148268081631
0.482833333333333,0.0062306313844847,0.535626665483781
0.483,0.00565694297110331,0.537777332214091
0.483166666666667,0.00529549273668936,0.538264023284433
0.483333333333333,0.00534787296227194,0.54009162306313
0.4835,0.00554938619622455,0.547301867576327
0.483666666666667,0.00538361445698256,0.567825817758443
0.483833333333333,0.0050719208510707,0.553193368409902
0.484,0.00480855834363043,0.543597346280055
0.484166666666667,0.00464903217267427,0.558280688340327
0.484333333333333,0.00467881253950309,0.556473874244517
0.4845,0.00499552463868471,0.505329626122023
0.484666666666667,0.00505276650842957,0.414119074919132
0.484833333333333,0.00498526832576267,0.371543688735321
0.485,0.0050218895038987,0.39075809583272
0.485166666666667,0.00504199214745281,0.409627689894415
0.485333333333333,0.00494251813084715,0.405703228385513
0.4855,0.00488624920258804,0.399450228871063
0.485666666666667,0.00501028073581388,0.372600570628786
0.485833333333333,0.00524521250237616,0.368504414483312
0.486,0.00533688301751173,0.382550172740839
0.486166666666667,0.0052506955845668,0.387435106888794
0.486333333333333,0.00473547171554463,0.374639490990721
0.4865,0.00448455096677935,0.365670255794294
0.486666666666667,0.00420153725874275,0.365251773594845
0.486833333333333,0.00398704051261853,0.388701395133035
0.487,0.00403504274020848,0.393105992411626
0.487166666666667,0.00372330850754989,0.373491442253182
0.487333333333333,0.00324782199648753,0.354883224470825
0.4875,0.00329321010186283,0.351422030581422
0.487666666666667,0.00341333825085787,0.312200345961747
0.487833333333333,0.00339292580905352,0.281865714285405
0.488,0.00337942817080098,0.273310261612519
0.488166666666667,0.0035297145282597,0.272263519807957
0.488333333333333,0.00356522364710746,0.282094083125137
0.4885,0.00357842233458655,0.290093125675748
0.488666666666667,0.00345403024084866,0.284089877931417
0.488833333333333,0.00337262897047728,0.268107898927775
0.489,0.00341989692732696,0.272822115088247
0.489166666666667,0.00345751302116265,0.289063258021122
0.489333333333333,0.00340818314311998,0.309183677742179
0.4895,0.00328692186992205,0.319185094212377
0.489666666666667,0.00293331807893165,0.345992212509738
0.489833333333333,0.00284518567949971,0.366585017648954
0.49,0.00285652463526015,0.396662309665592
0.490166666666667,0.00277697654291769,0.417655251409391
0.490333333333333,0.00267961587057875,0.387958868566445
0.4905,0.00271101872021184,0.392188911534207
0.490666666666667,0.00269690171963974,0.394803364322689
0.490833333333333,0.00254243342476193,0.412248134216525
0.491,0.00242204835992901,0.441031839215817
0.491166666666667,0.00228796429211413,0.440635921722296
0.491333333333333,0.00214753421029395,0.437460519716713
0.4915,0.00207971372402306,0.445580320197032
0.491666666666667,0.0020998720263823,0.458485461109712
0.491833333333333,0.00210525174420849,0.475424917020518
0.492,0.00208691740988699,0.459503164288634
0.492166666666667,0.00201856530642574,0.464161121133002
0.492333333333333,0.00203018981892412,0.462577934019307
0.4925,0.00211437552443335,0.46365168274831
0.492666666666667,0.00204116591977224,0.471983616786927
0.492833333333333,0.00192815759878918,0.499687898443638
0.493,0.0018575893973183,0.503182958682703
0.493166666666667,0.00179361965915092,0.520773173408768
0.493333333333333,0.00165893733744993,0.516787186523051
0.4935,0.00166716401888232,0.521483503841723
0.493666666666667,0.00159496604076304,0.515802768681925
0.493833333333333,0.00154303881947016,0.515448200300299
0.494,0.00159582825561119,0.530495331992881
0.494166666666667,0.00155611929173026,0.531743366194161
0.494333333333333,0.00162195805147063,0.512981141110589
0.4945,0.00168848615817134,0.479034618389578
0.494666666666667,0.00157648652468208,0.464927277259403
0.494833333333333,0.00163972517540961,0.440635482521902
0.495,0.00158324547157292,0.41929854756955
0.495166666666667,0.00149360319026314,0.388881265900264
0.495333333333333,0.00149187027413777,0.358118672930913
0.4955,0.00147956170122463,0.383678296087054
0.495666666666667,0.00141071437860502,0.411257837463473
0.495833333333333,0.00158013515953267,0.425996792070014
0.496,0.00169870519759788,0.405016062150082
0.496166666666667,0.00152141141949202,0.37522171868635
0.496333333333333,0.00149306088321007,0.361062382486503
0.4965,0.00149501417240648,0.376787009273679
0.496666666666667,0.00148479883714332,0.392514099065616
0.496833333333333,0.00146983769286997,0.412168982360809
0.497,0.00148740164839478,0.422240805196104
0.497166666666667,0.00151905411610639,0.418495661503874
0.497333333333333,0.00153100028426182,0.412564543385435
0.4975,0.00150226089433017,0.411674675612838
0.497666666666667,0.00145987214273319,0.42378679936388
0.497833333333333,0.001466308447924,0.427827210302075
0.498,0.00149504598554783,0.410287468138601
0.498166666666667,0.00151759449832495,0.420562274728626
0.498333333333333,0.00152018393021194,0.409608503368181
0.4985,0.00154059466405708,0.424934621389806
0.498666666666667,0.00153086446938063,0.419958947611019
0.498833333333333,0.00158672077216535,0.431585825919946
0.499,0.00158543602941435,0.440939603206618
0.499166666666667,0.00155875025165171,0.432967887624071
0.499333333333333,0.00149443490152747,0.437688785016982
0.4995,0.00136527343818604,0.434975604034312
0.499666666666667,0.00129476808366047,0.439257915006925
0.499833333333333,0.00136940393120658,0.461978539558371
0.5,0.00129215959539653,0.481621122565691
